cluster,gene,logfoldchanges,pvals_adj,scores
0,axo23.A1B,-0.029384997,1.8018066708614027e-64,16.993084
0,axo23.D1B,-0.026613086,2.725286393124837e-60,16.4129
0,axo23.E2B,-0.116755255,2.5836095977532556e-46,14.313031
0,axo23.E1B,-0.080097094,1.623577590840835e-45,14.183434
0,axo23.C11B,-0.20218967,6.211273625750412e-38,12.894164
0,axo23.G1B,-0.2193548,1.5646995920902935e-30,11.500193
0,axo23.A9B,-0.27863052,3.5849435782046566e-27,10.809821
0,axo23.C7B,-0.32693192,3.256785322128433e-21,9.46662
0,axo3.H5,-0.4938778,3.832645353130843e-18,8.695111
0,axo23.B8B,-0.3512648,5.5525563847767094e-18,8.652608
0,axo23.E5B,-0.3473618,7.355949241563232e-17,8.351905
0,axo23.C3B,-0.3842069,1.9717213180564413e-16,8.234457
0,axo23.G9B,-0.30531192,4.8139916192669475e-15,7.8417335
0,axo23.F6B,-0.33037475,2.8114176342227964e-12,6.9952087
0,axo23.B3B,-0.38764668,3.4799384907715665e-11,6.632713
0,axo23.B10B,-0.41533774,1.220617036474504e-09,6.085532
0,axo23.E9B,-0.32810554,1.9283700108315182e-09,6.0117016
0,axo23.A2B,-0.3990281,3.467647538515997e-09,5.9155827
0,axo23.F2B,-0.49296054,8.105772484214446e-08,5.372844
0,axo23.B4B,-0.4707581,1.7560350259171078e-07,5.231279
0,axo23.F3B,-0.51971865,4.5432392783475733e-07,5.052403
0,axo9.C4A,-0.67722696,5.83411874415766e-07,5.0042734
0,axo23.A7B,-0.5055686,3.3789801370176285e-06,4.653619
0,axo23.B6B,-0.5213581,6.134372560457536e-06,4.528639
0,axo23.B11B,-0.56944346,1.2526150790332294e-05,4.375008
0,axo23.E3B,-0.52252746,3.22439473477171e-05,4.163137
0,axo23.E7B,-0.5646417,4.7429303130872043e-05,4.0739965
0,axo23.G3B,-0.5421687,0.0011890479525451616,3.248408
0,axo23.D3B,-0.5604606,0.0036913035653472685,2.9102046
0,axo23.F5B,-0.59903747,0.00787403661617076,2.6641755
0,axo23.A8B,-0.63457,0.008602620269505057,2.6339834
0,axo23.C1B,-0.4398359,0.010404393327874854,2.5684628
0,axo23.H3B,-0.54564977,0.016555425539345203,2.402542
0,axo23.B5B,-0.6156275,0.02301383235970355,2.2792509
0,axo23.B7B,-0.6031814,0.026227834651906833,2.228648
0,axo23.G11B,-0.67115027,0.06019175714094997,1.884888
0,axo23.H9B,-0.52029634,0.1021323195229452,1.6398607
0,axo23.C4B,-0.61036026,0.11251624274591598,1.5919343
0,axo23.H2B,-0.6029459,0.11530323298590571,1.5793571
0,axo23.A6B,-0.62239707,0.5060168936192146,0.6683281
0,axo23.H8B,-0.7379264,0.6315700184058778,0.4809877
0,axo23.D7B,-0.7320751,0.9484569808416493,-0.06464459
0,axo9.G3A,-0.8474519,0.7029263155500373,-0.38215703
0,axo23.D9B,-0.7593201,0.5873930468904509,-0.54473543
0,axo3.B12,-0.7401535,0.5149242931687145,-0.65383106
0,axo23.F12B,-0.75560266,0.4980395883006821,-0.6814798
0,axo23.G4B,-0.7112626,0.43649531144717457,-0.78241956
0,axo23.F9B,-0.6173669,0.30795269911464435,-1.0238312
0,axo23.F7B,-0.7975361,0.1853254086704708,-1.3287035
0,axo23.C8B,-0.7752423,0.1266848562247731,-1.5315359
0,axo23.A11B,-0.7669175,0.09972433904607442,-1.6518283
0,axo23.F11B,-0.80577046,0.059284914007825144,-1.8919299
0,axo23.H5B,-0.7306453,0.03318106825679854,-2.1355698
0,axo23.D5B,-0.7605428,0.01492021522133535,-2.440645
0,axo23.F1B,-0.64743114,0.006603051162997958,-2.7231376
0,axo23.A4B,-0.7294408,0.0031696927712430017,-2.9577527
0,axo23.G6B,-0.8210974,0.001527835999843411,-3.1761472
0,axo20.B1A,-1.791566,5.914644101047576e-05,-4.0221114
0,axo10.C11,-1.1013209,2.1754571158207293e-05,-4.2522774
0,axo9.F1A,-1.0645344,2.030804028530088e-05,-4.267846
0,axo23.E11B,-0.90571874,1.8083184873350396e-05,-4.293855
0,axo23.H4B,-0.7914765,1.5952745955588297e-05,-4.3217773
0,axo23.E4B,-0.7356228,1.0292038171478691e-05,-4.4178543
0,axo23.H1B,-0.64312655,4.479630131743726e-06,-4.594811
0,axo23.D4B,-0.8224499,4.161409702698929e-06,-4.610331
0,axo16.C2,-1.0427889,2.123290106281253e-06,-4.748652
0,axo23.B1B,-0.6792622,1.9872329427389855e-06,-4.7622027
0,axo23.B2B,-0.7384389,1.2914490367854365e-06,-4.8485966
0,axo20.H3B,-1.7017471,7.076626588345689e-07,-4.96678
0,axo10.E2,-1.0943677,3.410645683271424e-07,-5.107042
0,axo20.D6B,-1.4020382,1.5788130895581574e-07,-5.251066
0,axo23.A10B,-0.7149189,9.664658507125336e-08,-5.3408933
0,axo23.C5B,-0.87463516,4.646745011628539e-08,-5.4724245
0,axo20.F4B,-1.574102,4.041196961817105e-09,-5.890197
0,axo3.E5,-0.9370379,2.9310931527304548e-09,-5.9433293
0,axo10.E10,-1.1400753,1.2090269387897119e-09,-6.0871997
0,axo14.G2A,-1.0278658,1.1604894623691345e-09,-6.0938983
0,axo9.C11A,-1.1202801,1.5769203949968985e-10,-6.4057775
0,axo20.B11A,-1.5878059,3.654736387375892e-11,-6.625349
0,axo20.B5B,-2.0746439,2.6318563510100105e-11,-6.673934
0,axo20.C2B,-1.7167218,2.3305744521874992e-11,-6.691871
0,axo20.C1B,-1.7690105,1.959191527679553e-11,-6.717348
0,axo23.D10B,-0.7162452,9.112311841540277e-12,-6.8281813
0,axo20.F2A,-1.7819082,5.428065388385928e-12,-6.902257
0,axo14.A6A,-1.0550618,1.5572685339858882e-12,-7.077686
0,axo20.F10A,-1.9735334,1.5241181486421874e-12,-7.0807896
0,axo20.G8A,-1.7557038,1.3067428911191983e-12,-7.1022024
0,axo20.F4A,-1.4473726,9.191620565634252e-13,-7.1507735
0,axo20.A3A,-1.4442925,7.101827243623856e-13,-7.186214
0,axo3.G9,-1.0511383,3.592041582187479e-13,-7.2788715
0,axo20.B6A,-1.5493261,3.302858872602936e-13,-7.2903066
0,axo20.C9B,-1.5147872,2.0689629068375066e-13,-7.3531785
0,axo20.F7B,-1.603916,1.9099185163224814e-13,-7.363976
0,axo20.A1A,-1.6846949,1.366024286371492e-13,-7.4086795
0,axo23.H7B,-1.086402,9.50034277237507e-14,-7.4568157
0,axo23.C10B,-0.72804534,7.365639675971533e-14,-7.4904065
0,axo20.E12A,-1.6286854,5.273902524134539e-14,-7.5342407
0,axo3.B1,-1.127384,4.9280793291253797e-14,-7.5432024
0,axo23.G10B,-0.67504495,3.0549862345474255e-14,-7.6054015
0,axo9.F2A,-0.9992746,2.8302173335892524e-14,-7.6153936
0,axo20.H10B,-1.6688076,1.6426747398157108e-14,-7.685461
0,axo20.E3A,-1.6164943,1.5883977502852077e-14,-7.6898756
0,axo9.H9A,-1.1169074,1.5623652745617992e-14,-7.692104
0,axo20.E9A,-2.0774682,9.980457187357237e-15,-7.7493353
0,axo9.H8A,-1.1296571,6.2249901225481534e-15,-7.809173
0,axo3.A8,-1.0654087,4.982869727088585e-15,-7.8372912
0,axo23.E8B,-1.0188143,3.782193203165887e-15,-7.872073
0,axo9.C12A,-1.1419955,3.5622404371943625e-15,-7.8796754
0,axo23.H6B,-0.9766063,3.272487731181599e-15,-7.890382
0,axo23.C2B,-0.8820006,2.4571829904624516e-15,-7.9261723
0,axo29.H11B,-0.92184305,2.05605148288809e-15,-7.9483976
0,axo3.H8,-1.046835,1.200926694627308e-15,-8.014864
0,axo20.C8B,-1.4341978,6.625038752822532e-16,-8.087763
0,axo20.D7B,-1.7651236,3.3753423980807015e-16,-8.16963
0,axo20.B12B,-1.5473262,2.9056132657709737e-16,-8.1877985
0,axo23.F4B,-0.8763427,7.918572373879818e-17,-8.34309
0,axo6.B6B,-1.4271488,7.132090008362142e-17,-8.35566
0,axo29.E5B,-1.0241086,4.543395269040676e-17,-8.408828
0,axo15.H6B,-1.2340641,3.6507295737298936e-17,-8.434557
0,axo20.B9B,-1.4315232,2.7150702778025578e-17,-8.469226
0,axo3.A11,-1.0098517,1.7877419893444154e-17,-8.517874
0,axo20.D4B,-1.6725075,1.4705556467812078e-17,-8.540576
0,axo9.E5A,-1.175463,1.2621951002055371e-17,-8.558317
0,axo9.H11A,-1.2010607,5.274847542313444e-18,-8.658564
0,axo10.F12,-1.2304692,4.4923235777459166e-18,-8.676956
0,axo10.G1,-1.1529968,2.7904530679287626e-18,-8.731174
0,axo9.E3A,-1.0913903,2.4139289511596943e-18,-8.747655
0,axo6.C6B,-1.3287086,1.5161715223386716e-18,-8.8001
0,axo20.E5B,-1.6502234,1.3034998312706092e-18,-8.817148
0,axo3.B4,-1.0995281,1.0737178761679783e-18,-8.838946
0,axo23.F8B,-1.119114,4.186029407134177e-19,-8.943698
0,axo20.H6B,-1.7768322,3.7982859890938466e-19,-8.95453
0,axo9.E1A,-1.1609336,3.1018594615253184e-19,-8.976952
0,axo20.H6A,-1.6181703,2.8308108255480424e-19,-8.987111
0,axo15.G11B,-1.2749999,2.0281400333304409e-19,-9.023799
0,axo9.G7A,-1.2380174,8.204077046866324e-20,-9.122482
0,axo9.F4A,-1.195789,3.814999960724314e-20,-9.205176
0,axo20.E8A,-1.7177321,2.2239916007874436e-20,-9.263053
0,axo23.H10B,-0.8011459,2.0599270823989287e-20,-9.271328
0,axo23.G2B,-0.85043126,1.6858310063420225e-20,-9.292775
0,axo23.F10B,-0.8134916,6.0190792868402475e-21,-9.401836
0,axo20.G6A,-1.5268644,5.542808021958409e-21,-9.410602
0,axo6.A3B,-1.2872962,4.0751704027920884e-21,-9.442973
0,axo23.E10B,-0.6951716,3.930808066651973e-21,-9.446848
0,axo9.F9A,-1.2180699,2.9111527388001477e-21,-9.478435
0,axo9.F11A,-1.1279773,2.4308410544151128e-21,-9.497332
0,axo9.C5A,-1.246253,1.6245476583102282e-21,-9.539316
0,axo20.B10B,-1.8455505,8.105079322606929e-22,-9.611262
0,axo20.C7B,-1.6446639,1.5988634026498548e-22,-9.77707
0,axo20.A2A,-1.4793378,1.3296608137115505e-22,-9.795814
0,axo29.E12B,-1.2832147,6.807169821073195e-23,-9.8633375
0,axo3.F5,-1.0874094,5.1946475045155026e-23,-9.890532
0,axo20.A4A,-1.4990035,3.94650273756312e-23,-9.918096
0,axo23.D2B,-0.94686556,2.7772295286739605e-23,-9.953207
0,axo20.A2B,-1.6729017,2.4726057334599307e-23,-9.964852
0,axo20.A12B,-1.793788,1.0472819574708694e-23,-10.049956
0,axo3.G12,-1.144865,5.240045857171149e-25,-10.341061
0,axo20.E6A,-1.5644305,4.117571024308782e-25,-10.364224
0,axo9.E11A,-1.2882266,3.9213546884833902e-25,-10.368982
0,axo20.B2B,-1.8286806,2.0831428275494875e-25,-10.429353
0,axo20.D11B,-1.8141568,1.7859396278429745e-25,-10.44406
0,axo23.A5B,-0.95943725,1.304699819611044e-25,-10.473902
0,axo20.A7B,-1.8733538,9.230506506377352e-26,-10.506687
0,axo10.F4,-1.3233997,6.810959969833334e-26,-10.535415
0,axo23.B9B,-1.0161132,6.746720271818126e-26,-10.536396
0,axo20.H12B,-1.8139936,3.9014221668909663e-26,-10.587889
0,axo29.E4B,-1.245792,2.908116482494738e-26,-10.615453
0,axo3.C12,-1.1606014,2.4376366125724863e-26,-10.63201
0,axo9.G8A,-1.3211529,2.1952195323458917e-26,-10.641862
0,axo20.F8A,-1.7796165,1.2446148866054535e-26,-10.694686
0,axo23.D8B,-1.1005228,9.067122061816876e-27,-10.7241
0,axo4.G3,-0.981838,8.694667351834151e-27,-10.728066
0,axo15.F10,-1.1249144,5.8646417950696554e-27,-10.764487
0,axo14.G10A,-0.96678567,2.9569332455256425e-27,-10.827562
0,axo6.E3B,-1.2820039,2.1835145766275142e-27,-10.855387
0,axo2.G6,-1.1147556,5.543249675209992e-28,-10.980016
0,axo9.H1A,-1.1221702,4.604790198226949e-28,-10.996846
0,axo20.G5A,-1.657668,3.5894201334121463e-28,-11.019381
0,axo3.A4,-0.83118445,2.9456037731584666e-28,-11.037248
0,axo29.F10B,-0.9839476,2.23214278643115e-28,-11.062234
0,axo14.A2A,-1.2417649,1.4066709489816912e-28,-11.103651
0,axo3.H3,-0.8027398,1.0118305692889554e-28,-11.133136
0,axo2.D9,-1.1369436,1.0061426645626278e-28,-11.133724
0,axo6.H5B,-1.1529337,6.490340260982197e-29,-11.172808
0,axo9.G1A,-1.2147896,5.06412974063992e-29,-11.194907
0,axo14.E10A,-1.3047738,3.720091666303453e-29,-11.222297
0,axo10.G12,-1.3707322,2.9089365495233277e-29,-11.244109
0,axo23.D11B,-1.1720576,2.5875709639808877e-29,-11.254521
0,axo14.C12A,-0.7578327,1.935918428431561e-29,-11.280159
0,axo20.D11A,-1.8140848,1.863473670429513e-29,-11.283599
0,axo23.C6B,-1.0588851,1.1534312163109649e-29,-11.325794
0,axo29.G2B,-1.3001411,1.0514843302964537e-29,-11.333984
0,axo20.G11A,-1.8109578,9.700675004438208e-30,-11.341125
0,axo9.D7A,-1.140342,5.017852409162616e-30,-11.398748
0,axo20.F3A,-2.103823,4.978499479807697e-30,-11.399519
0,axo3.F8,-1.2847943,3.240258173048847e-30,-11.436935
0,axo10.F10,-1.3941342,1.754336771886226e-30,-11.490145
0,axo3.C7,-1.0127953,1.6140931041783125e-30,-11.497425
0,axo3.G7,-1.2765677,5.2060972334767545e-31,-11.594875
0,axo29.E2B,-1.5726283,1.6172729234466062e-31,-11.694631
0,axo6.G9B,-1.3027276,1.2124554582568306e-31,-11.719148
0,axo3.E6,-1.2871253,1.2004747020132372e-31,-11.720073
0,axo14.A4A,-1.2159275,8.429722603649153e-32,-11.750069
0,axo10.A3B,-1.3576859,6.632081221146819e-32,-11.770402
0,axo10.C4,-1.4332713,3.959037562577329e-32,-11.813929
0,axo12.D2,-2.0249436,3.1771771829580737e-32,-11.83249
0,axo3.C11,-1.2152548,2.965864630213678e-32,-11.838347
0,axo14.B8A,-1.2422699,2.800159818346356e-32,-11.843252
0,axo15.G5,-1.5210493,1.5345393797451275e-32,-11.893659
0,axo14.H7A,-1.2456294,1.5345393797451275e-32,-11.893722
0,axo21.H7B,-1.8081095,8.044812673233357e-33,-11.947625
0,axo9.F6A,-1.3027939,6.564255222305609e-33,-11.964602
0,axo10.C12B,-1.4562995,6.461346844257074e-33,-11.965997
0,axo3.F10,-1.2207937,5.1498933919292136e-33,-11.984894
0,axo6.D5B,-1.4390377,4.6331252483258364e-33,-11.993736
0,axo6.C11B,-1.1805309,4.311461161371304e-33,-11.999777
0,axo10.D3,-1.379875,3.5009329900118696e-33,-12.017083
0,axo9.E2A,-1.3039546,2.6640965795020855e-33,-12.039722
0,axo29.A5B,-1.1159275,2.061213324617955e-33,-12.060953
0,axo9.H10A,-1.3918862,1.6275444253516165e-33,-12.080474
0,axo14.B11A,-1.1927656,1.6160453627516863e-33,-12.08114
0,axo12.A1,-1.6094878,1.604218241815505e-33,-12.081826
0,axo6.F4B,-1.4584522,1.4688356190948271e-33,-12.089155
0,axo29.F4A,-1.2942767,1.212118337210839e-33,-12.105011
0,axo15.D5,-1.4825453,9.580012160582196e-34,-12.124385
0,axo6.G6B,-1.3264114,6.755250016310274e-34,-12.153057
0,axo6.F9B,-1.4170976,4.9081766180511025e-34,-12.17922
0,axo10.D5,-1.3176374,4.427178733108732e-34,-12.187713
0,axo6.D12B,-1.6049302,4.074923744879229e-34,-12.194551
0,axo3.A1,-1.3128905,4.058761942984675e-34,-12.194958
0,axo29.G1A,-0.8979241,4.043363283324867e-34,-12.19535
0,axo14.B4A,-1.2991966,3.720184595658199e-34,-12.202216
0,axo29.A11B,-1.1878489,2.727630962321147e-34,-12.227539
0,axo9.A8A,-1.3890158,2.4239363436270914e-34,-12.237208
0,axo3.D1,-0.8912144,2.378304346633634e-34,-12.238834
0,axo29.G11B,-1.2816135,7.533525234016925e-35,-12.331884
0,axo9.H6A,-1.2735146,5.837570402615723e-35,-12.352498
0,axo9.G12A,-1.3792788,5.526138680690409e-35,-12.356989
0,axo9.C6A,-1.3312954,4.6648533146784843e-35,-12.3706875
0,axo3.C4,-1.1786853,4.5984848434117264e-35,-12.371921
0,axo6.B1B,-1.4504901,4.300680068856391e-35,-12.377379
0,axo10.E11,-1.3627042,3.862319813907875e-35,-12.386088
0,axo9.F5A,-1.2349507,3.2020114004007343e-35,-12.401202
0,axo29.D4B,-1.5156347,1.98329547555546e-35,-12.439607
0,axo14.A8A,-1.0660864,1.66879378811247e-35,-12.453473
0,axo15.C4,-1.0904104,1.5331348912060093e-35,-12.460319
0,axo13.H4B,-1.541485,1.0921318829524576e-35,-12.487421
0,axo9.E12A,-1.1565145,1.0877879813681107e-35,-12.48782
0,axo6.F11B,-1.4485879,9.790865014570158e-36,-12.496277
0,axo6.A7B,-1.2557598,5.8682226486271364e-36,-12.537001
0,axo6.D4B,-1.3891435,5.17010936131151e-36,-12.547118
0,axo29.C5B,-1.3789667,4.3789982560987804e-36,-12.560348
0,axo29.F6B,-1.4960562,4.038336039041504e-36,-12.566835
0,axo10.F9B,-1.4446776,3.934048725809281e-36,-12.568987
0,axo7.D6B,-1.5900488,3.8710170074029134e-36,-12.570346
0,axo15.F9B,-1.1895454,3.6877209959505256e-36,-12.574263
0,axo3.F6,-1.3145881,9.183767251373963e-37,-12.6837435
0,axo4.F12,-1.132676,8.796842690075378e-37,-12.687198
0,axo29.D5B,-1.2901351,6.6494148244484465e-37,-12.709186
0,axo20.A5B,-1.796497,5.187347198579774e-37,-12.728671
0,axo9.E8A,-1.3855175,5.171858787194905e-37,-12.728987
0,axo9.D4A,-1.0556384,4.250808952884337e-37,-12.744373
0,axo7.G4B,-1.3365185,2.680023193262085e-37,-12.780381
0,axo29.D2B,-1.3658031,2.661655280058302e-37,-12.780998
0,axo6.E10B,-1.5619662,1.977588551102292e-37,-12.804162
0,axo9.D2A,-1.1182946,1.3574305880631633e-37,-12.833423
0,axo9.E4A,-1.3318912,1.2829930096980884e-37,-12.837872
0,axo3.D6,-1.3073434,1.208560158821825e-37,-12.842581
0,axo16.C9,-1.4293662,1.1653307564614142e-37,-12.845481
0,axo3.H1,-0.8690141,4.062619177982689e-38,-12.926935
0,axo9.H3A,-1.3566104,3.970625463819762e-38,-12.928778
0,axo21.F7B,-1.6089684,2.288875103401996e-38,-12.971148
0,axo21.D9A,-1.474744,1.7903039325097582e-38,-12.990046
0,axo6.H4B,-1.5888056,1.5225848275205483e-38,-13.002518
0,axo29.G3A,-1.2492472,1.468533919969653e-38,-13.0053625
0,axo2.E7,-1.1197474,1.0037999596477053e-38,-13.034496
0,axo21.G7B,-1.9289799,9.259671923988204e-39,-13.040732
0,axo14.C4A,-0.99038815,6.644047582444217e-39,-13.066097
0,axo15.G3B,-1.4641886,6.446128890235361e-39,-13.06848
0,axo29.C2B,-1.2454932,4.394498341923678e-39,-13.097676
0,axo29.D5A,-1.3965354,3.789027089848553e-39,-13.109007
0,axo15.A4,-0.98076344,3.455742671238115e-39,-13.116069
0,axo14.D7A,-1.1888999,2.249673935147249e-39,-13.148651
0,axo9.G11A,-1.2261571,1.8859387684485957e-39,-13.162062
0,axo16.D9,-1.327479,1.812631337868627e-39,-13.165138
0,axo14.E2A,-0.9829998,1.7158463628073066e-39,-13.169363
0,axo29.H12A,-1.327618,1.488863752802909e-39,-13.180153
0,axo14.F10A,-1.27422,1.2649051733186527e-39,-13.192528
0,axo21.H6A,-1.497637,8.789013825212658e-40,-13.220022
0,axo10.H9,-1.2810082,8.009008616982097e-40,-13.227092
0,axo23.C9B,-1.2088027,6.1898833752195995e-40,-13.246529
0,axo9.A6A,-1.2562761,5.4535528247538615e-40,-13.256114
0,axo14.G5A,-1.2263923,2.037540892615532e-40,-13.329846
0,axo6.C4B,-1.2577672,1.831212898743286e-40,-13.33789
0,axo14.G9A,-1.3154753,1.6439730674361874e-40,-13.346011
0,axo7.E4B,-1.37447,1.504664696458892e-40,-13.352689
0,axo14.E4A,-1.0572406,1.3602252323920635e-40,-13.360284
0,axo20.G12B,-1.7845942,8.516000945357556e-41,-13.395178
0,axo6.G10B,-1.2615613,6.978649600355984e-41,-13.410032
0,axo6.E5B,-1.3365235,5.71109487008575e-41,-13.424971
0,axo9.F10A,-1.2043512,5.616049849069798e-41,-13.426294
0,axo29.D10A,-1.0656775,4.725495158456821e-41,-13.439159
0,axo15.H8B,-1.3221908,4.648537323547343e-41,-13.440455
0,axo13.E12B,-1.5261416,2.3616692527761583e-41,-13.490554
0,axo29.G12B,-1.3981044,2.0356515704650436e-41,-13.501582
0,axo14.H12A,-1.5488808,1.9197099946899027e-41,-13.505982
0,axo2.G8,-1.4769626,7.388638260112373e-42,-13.576198
0,axo2.A2,-1.2765452,7.278894768750409e-42,-13.577375
0,axo6.B9B,-1.2903317,6.610084594537245e-42,-13.584515
0,axo14.B10A,-1.3778212,4.034516511341702e-42,-13.620698
0,axo10.D4,-1.4495986,3.413780701499207e-42,-13.632974
0,axo21.B9A,-1.6157875,2.930622639549151e-42,-13.644185
0,axo2.E1,-1.3173485,2.8488409167075012e-42,-13.646329
0,axo9.D9A,-1.2929729,2.2682548157191398e-42,-13.663012
0,axo21.C9A,-1.351895,2.21508459087065e-42,-13.66482
0,axo14.A11A,-1.2665567,1.695787395860718e-42,-13.684334
0,axo9.A12A,-1.358927,1.6626954120046716e-42,-13.685847
0,axo14.F1A,-1.0403504,1.5577156590460306e-42,-13.690668
0,axo2.H1,-1.4419297,1.3669236116246687e-42,-13.700239
0,axo6.D8B,-1.5050691,1.0991070707967902e-42,-13.716145
0,axo6.B8B,-1.4483277,5.103642828921992e-43,-13.77175
0,axo3.H2,-1.0731623,3.684388511461778e-43,-13.795349
0,axo3.D8,-1.2983156,3.634446480650176e-43,-13.796414
0,axo7.H3B,-1.0178437,2.294327461932418e-43,-13.829626
0,axo3.H7,-1.249715,2.2458019152741606e-43,-13.831244
0,axo6.C12B,-1.3429016,1.1670314740993359e-43,-13.87833
0,axo29.G7B,-1.2253639,6.560310682299552e-44,-13.919642
0,axo14.F6A,-1.4093938,6.29967932609884e-44,-13.92262
0,axo9.E7A,-1.4403431,5.439632969831734e-44,-13.933187
0,axo13.G10B,-1.5163894,5.360426101318914e-44,-13.934315
0,axo13.G11B,-1.26806,4.47342202373084e-44,-13.947305
0,axo7.D4B,-1.5508761,4.2391910942881033e-44,-13.951221
0,axo29.B2B,-1.470871,4.2306805370818887e-44,-13.951447
0,axo29.F5B,-1.4636613,3.950823140572032e-44,-13.956407
0,axo8.H1B,-1.5188551,3.634663222032101e-44,-13.962433
0,axo29.F11A,-1.2929239,3.4912299941778075e-44,-13.965383
0,axo4.F4,-1.2311858,1.9312178806628991e-44,-14.007585
0,axo6.F6B,-1.4329721,1.6839515605146468e-44,-14.017394
0,axo15.F7B,-1.3099573,1.3209065743722351e-44,-14.0347
0,axo9.F7A,-1.4859515,1.2785889851471585e-44,-14.03709
0,axo9.D3A,-1.4675902,1.2149498626014317e-44,-14.04079
0,axo8.F1A,-1.4399418,1.0819303955679044e-44,-14.049086
0,axo9.H5A,-1.2744678,1.0307872945183448e-44,-14.052596
0,axo2.G10,-1.2436259,1.0071521468940002e-44,-14.054319
0,axo3.A3,-1.4029876,6.736586794984058e-45,-14.082845
0,axo14.C1A,-1.3253591,5.072287239512825e-45,-14.102961
0,axo14.B1A,-1.1290872,4.106255963127772e-45,-14.117941
0,axo20.D8B,-1.5930804,3.5219673308890213e-45,-14.128837
0,axo6.C8B,-1.539944,1.6820685601034455e-45,-14.180869
0,axo21.G8A,-1.5317914,1.1775747658002639e-45,-14.206031
0,axo10.E4,-1.2940207,1.0406491982741022e-45,-14.214768
0,axo2.C1,-1.1409025,9.286458603548862e-46,-14.222819
0,axo29.F12A,-1.3106657,8.521356336266281e-46,-14.228915
0,axo14.D8A,-1.0617305,5.11178774947479e-46,-14.264691
0,axo15.C5B,-1.9053289,4.997357592261592e-46,-14.266352
0,axo2.B1,-1.2121016,4.546815697644668e-46,-14.273023
0,axo3.G10,-1.3222989,3.931109300494364e-46,-14.283245
0,axo20.H1A,-1.8951422,3.692568264561261e-46,-14.287687
0,axo2.A10,-1.4287523,3.64519008841737e-46,-14.288669
0,axo29.H2B,-1.8368702,3.540600530087711e-46,-14.290778
0,axo12.C10,-1.3598257,3.4608731233906925e-46,-14.292445
0,axo9.C2A,-1.4451382,2.6840891208002406e-46,-14.310214
0,axo29.F12B,-1.6780381,2.614334736159036e-46,-14.312127
0,axo15.A11,-1.1631954,2.37858514157998e-46,-14.318861
0,axo21.G9B,-1.6419978,2.0045597340140003e-46,-14.330829
0,axo29.H11A,-1.4719489,1.6961179676080797e-46,-14.342508
0,axo3.A9,-1.2089256,1.6766556288971118e-46,-14.343391
0,axo2.E11,-1.240355,1.6167459818306433e-46,-14.345998
0,axo13.D5B,-1.4314027,1.4929931095076836e-46,-14.3516035
0,axo6.H6B,-1.5664709,1.0529179956760172e-46,-14.375882
0,axo29.H5A,-1.3465146,8.52489629407979e-47,-14.390575
0,axo7.E1B,-1.3709725,8.222660176456421e-47,-14.393154
0,axo11.F3B,-1.8078867,8.093493830641143e-47,-14.394331
0,axo14.E6A,-1.3805256,7.323521599354789e-47,-14.401323
0,axo9.G2A,-1.2861592,3.545568559998081e-47,-14.45145
0,axo6.A2B,-1.2351531,3.221390877237444e-47,-14.458135
0,axo2.G3,-1.4187086,2.2708911327756947e-47,-14.482266
0,axo10.A10,-1.4932911,1.7661184583794057e-47,-14.499615
0,axo15.F5,-1.8607583,1.6938537798155236e-47,-14.502564
0,axo6.D7B,-1.3243806,1.3085674564421557e-47,-14.520348
0,axo21.B6A,-1.7496598,1.0718493787724255e-47,-14.534102
0,axo14.A10A,-1.176281,1.009854176007549e-47,-14.538264
0,axo29.E2A,-1.6779041,3.862267977331394e-48,-14.604002
0,axo16.G11,-1.1939716,2.6393220288893972e-48,-14.630012
0,axo9.G6A,-1.2917907,2.3652685829478234e-48,-14.63755
0,axo21.H10B,-1.2746867,2.2924992284997743e-48,-14.639757
0,axo21.A11A,-1.7161626,1.8967167882251827e-48,-14.65272
0,axo29.E5A,-1.3728614,1.7368982075614235e-48,-14.658781
0,axo15.A8B,-1.2529734,1.6002063410005908e-48,-14.664429
0,axo14.A3A,-1.2881266,1.398588273916278e-48,-14.67365
0,axo2.A3,-1.4103335,1.3245919868228337e-48,-14.677419
0,axo7.E7B,-1.3369818,1.0854643300679503e-48,-14.690998
0,axo15.C10B,-1.3820467,8.125767419634789e-49,-14.710688
0,axo21.D12A,-1.8427668,6.361756637816579e-49,-14.727322
0,axo16.E7,-1.3060262,5.692381856754236e-49,-14.734917
0,axo29.B5B,-1.578433,3.0657746236646165e-49,-14.776747
0,axo3.D11,-1.4047424,2.62053577215302e-49,-14.787397
0,axo29.G4B,-1.441861,2.5758596186034584e-49,-14.788638
0,axo14.D6A,-1.36807,2.3020980584823555e-49,-14.796282
0,axo21.G11A,-1.4468067,2.2328651504792484e-49,-14.798419
0,axo4.H11,-1.2208227,1.891330196303007e-49,-14.809665
0,axo10.D9,-1.2720593,5.999909601845192e-50,-14.886725
0,axo21.E12A,-1.8633047,3.882520397991007e-50,-14.915888
0,axo21.B7A,-1.815474,2.46938854631302e-50,-14.946143
0,axo14.E7A,-1.130817,1.2471603497464518e-50,-14.991659
0,axo29.D4A,-1.2408805,1.0486822148935383e-50,-15.003248
0,axo21.E9A,-1.5574266,8.785121836337349e-51,-15.015076
0,axo29.E8B,-1.2429299,7.455670914728145e-51,-15.026034
0,axo2.A4,-1.1723478,6.16016362273762e-51,-15.038759
0,axo29.E4A,-1.2999947,6.064918032256627e-51,-15.039873
0,axo14.D1A,-1.1208484,5.0662442965961776e-51,-15.051862
0,axo9.H4A,-1.4949054,3.344750350039942e-51,-15.079384
0,axo29.G4A,-1.5961552,2.807550306823637e-51,-15.0910225
0,axo3.C1,-1.0358015,2.6767445876701697e-51,-15.094253
0,axo15.D11,-1.5645077,1.9474925182702182e-51,-15.115301
0,axo29.F3A,-1.5155487,1.3811344624923787e-51,-15.138003
0,axo16.E2,-1.4121196,1.0310728232639247e-51,-15.1573
0,axo29.G10A,-1.3710345,8.940740728625735e-52,-15.166745
0,axo15.E6,-1.4000372,5.5576256691428e-52,-15.1980095
0,axo21.B4A,-1.7144085,4.341352084466655e-52,-15.214265
0,axo15.C2B,-1.6976213,4.197285989886223e-52,-15.216556
0,axo29.H4A,-1.2572888,4.15027648225416e-52,-15.217376
0,axo29.F5A,-1.3080426,4.085381094025265e-52,-15.21849
0,axo15.E3B,-1.5978612,3.552712986457338e-52,-15.227711
0,axo8.A2B,-1.4847685,3.31608650660678e-52,-15.232301
0,axo29.C11A,-1.3641628,2.844052216584514e-52,-15.242418
0,axo3.A12,-1.4029677,2.440013091288458e-52,-15.252508
0,axo9.C8A,-1.2513783,2.050443410788736e-52,-15.263943
0,axo21.D3A,-1.8408943,1.5691847896453386e-52,-15.2814665
0,axo10.A9,-1.5572511,9.49492786737205e-53,-15.314252
0,axo8.D11A,-1.23006,9.232459908995848e-53,-15.316157
0,axo12.A10,-1.8680325,8.911672221519167e-53,-15.31854
0,axo13.H1B,-1.5944309,8.793257664936086e-53,-15.319492
0,axo10.D10,-1.475856,7.120149595384792e-53,-15.333289
0,axo2.D8,-1.2031064,6.138154746505851e-53,-15.343007
0,axo15.A9B,-1.216421,5.499126736858445e-53,-15.3502245
0,axo21.C6A,-1.7623385,4.61258020228108e-53,-15.361709
0,axo10.E9,-1.4643513,3.970623115770548e-53,-15.371504
0,axo10.A7,-1.5487794,3.731160691164723e-53,-15.375617
0,axo7.G6B,-1.3551546,2.680143815201551e-53,-15.397114
0,axo6.A12B,-1.5187888,2.450676874858296e-53,-15.402986
0,axo21.A3A,-1.5152522,2.0481367960491657e-53,-15.414666
0,axo3.G6,-1.1936103,1.7963670687593483e-53,-15.423222
0,axo8.B7B,-1.4978548,1.3657576795004153e-53,-15.44099
0,axo29.G6A,-1.2987791,1.140676066621897e-53,-15.452684
0,axo6.F2B,-1.5539263,1.0622575579762798e-53,-15.457358
0,axo10.A12,-1.5706724,1.0577628233662228e-53,-15.457716
0,axo29.E6A,-1.2621489,8.909965530042881e-54,-15.468849
0,axo15.A12B,-1.4994344,6.023684488089066e-54,-15.494116
0,axo14.E8A,-1.2529298,5.162955118714883e-54,-15.504107
0,axo21.D1A,-1.5389762,4.5910646999997363e-54,-15.511731
0,axo15.F6,-1.3309373,3.3701504714153743e-54,-15.5316515
0,axo15.A5B,-1.5670483,3.0208975920175145e-54,-15.538749
0,axo21.H3B,-1.2476411,1.6541990692274503e-54,-15.577384
0,axo10.A12B,-1.8939635,1.6084391755541136e-54,-15.579262
0,axo14.E9A,-1.2195786,1.4047630258539086e-54,-15.587999
0,axo3.B8,-1.1527731,1.0336051036286562e-54,-15.607675
0,axo21.B5A,-1.8217975,8.058285101242947e-55,-15.623636
0,axo9.C10A,-1.4140698,4.7487600294054725e-55,-15.657394
0,axo15.B4B,-1.3974395,4.285843767154065e-55,-15.664002
0,axo21.G5B,-1.6224855,3.770629392221798e-55,-15.672228
0,axo21.F9B,-1.8379561,3.6227201054644705e-55,-15.674856
0,axo21.G10A,-1.8365483,3.508344168646115e-55,-15.676979
0,axo3.E7,-1.2908571,2.914802007252903e-55,-15.688834
0,axo3.E8,-1.418888,2.3947426038983027e-55,-15.70139
0,axo15.A2,-1.9332722,1.6913755073827165e-55,-15.723518
0,axo21.H5A,-1.7430083,1.2187354192379561e-55,-15.7443495
0,axo9.H7A,-1.2690512,1.0116395012126587e-55,-15.756211
0,axo21.B12B,-1.8388456,9.910103366696547e-56,-15.757599
0,axo6.E12B,-1.5751672,8.510712856564028e-56,-15.767303
0,axo9.C9A,-1.3347927,8.345393956182206e-56,-15.768627
0,axo2.E4,-1.3418283,8.041986374250562e-56,-15.771052
0,axo16.G6,-1.2993425,4.804214871561629e-56,-15.80364
0,axo16.A7,-1.3141644,4.509277776853332e-56,-15.807718
0,axo29.F4B,-1.9637173,2.830211506157594e-56,-15.837126
0,axo14.C11A,-1.4549932,1.752001820066971e-56,-15.867346
0,axo9.D6A,-1.4441751,1.5058846620470349e-56,-15.876931
0,axo15.C11B,-2.1682172,1.0577268513177428e-56,-15.899164
0,axo11.E11B,-1.8894497,8.857715744762438e-57,-15.91036
0,axo12.H7,-1.7661601,7.697744998541095e-57,-15.919231
0,axo2.E6,-1.7535218,7.030310895520174e-57,-15.924991
0,axo15.B6,-1.4896473,5.82142075517487e-57,-15.936874
0,axo16.A2,-1.5190332,3.975445173583103e-57,-15.960782
0,axo7.C8B,-1.3771136,3.739139467875171e-57,-15.964691
0,axo10.G10,-1.6633155,3.2589140832656586e-57,-15.9733515
0,axo29.H4B,-1.917466,1.372483439749948e-57,-16.027275
0,axo7.C5B,-1.4206007,1.2329567511115511e-57,-16.034023
0,axo6.F8B,-1.6199983,1.158169738163595e-57,-16.037996
0,axo3.B7,-1.1759939,9.9320151686365e-58,-16.047625
0,axo10.A10B,-1.8265811,9.800890467784748e-58,-16.048534
0,axo2.C2,-1.5535647,3.742113563635531e-58,-16.108274
0,axo10.A3,-1.6340834,3.521299291284291e-58,-16.112122
0,axo21.H10A,-1.7915456,2.724479101291964e-58,-16.128061
0,axo2.C4,-1.525665,2.5948406409894975e-58,-16.131159
0,axo9.G5A,-1.2769719,2.507795010094743e-58,-16.133352
0,axo16.D3,-1.4694813,1.9562678917312417e-58,-16.148767
0,axo21.E10A,-1.3563443,1.6522243254174358e-58,-16.15927
0,axo9.G4A,-1.3834296,1.5465125348895117e-58,-16.163431
0,axo8.C1B,-1.5936823,1.4220894960425896e-58,-16.168688
0,axo10.E6,-1.5449765,1.26376730159294e-58,-16.176044
0,axo29.C12A,-1.3552196,1.076696083971061e-58,-16.185993
0,axo21.D5A,-1.7892247,7.928418629790545e-59,-16.204905
0,axo15.C12B,-1.4238195,6.082243215467595e-59,-16.22128
0,axo10.A1,-1.3003339,5.058649387706215e-59,-16.23268
0,axo29.C1B,-1.7230394,5.032370620944609e-59,-16.233086
0,axo11.G1B,-1.6305057,4.904959804503341e-59,-16.234747
0,axo3.F4,-1.4223058,4.098047204320903e-59,-16.24586
0,axo3.G1,-1.3111911,4.07955724638327e-59,-16.246223
0,axo15.H12B,-1.5135641,3.579332081532537e-59,-16.254332
0,axo15.B12B,-1.5297322,2.848621557564867e-59,-16.268408
0,axo3.E10,-1.5055343,2.7709696265351643e-59,-16.270187
0,axo10.G9B,-1.6081988,2.2543358073025732e-59,-16.282904
0,axo21.E11A,-1.981823,2.15055292335033e-59,-16.285875
0,axo21.C6B,-1.7042307,2.1349677524977165e-59,-16.286407
0,axo29.A12B,-1.5827936,1.5814702127795288e-59,-16.304842
0,axo10.G7,-1.565113,1.5389823427161196e-59,-16.306595
0,axo9.H2A,-1.5150247,7.7872489373128e-60,-16.34825
0,axo14.F4A,-1.4831996,5.151269462264145e-60,-16.373503
0,axo21.F9A,-1.7969195,5.059279226148943e-60,-16.374687
0,axo15.H4B,-1.4045485,4.652651480172266e-60,-16.379871
0,axo11.A8B,-1.6161672,4.337172916871061e-60,-16.38423
0,axo15.B7,-1.3200566,3.9893223457873987e-60,-16.3894
0,axo14.G3A,-1.3793726,3.576548515475765e-60,-16.396128
0,axo21.E2A,-1.5494636,3.3119761108081716e-60,-16.400885
0,axo4.F1,-1.4194638,3.1588426581414287e-60,-16.403849
0,axo15.D12,-1.8203175,2.616660174396087e-60,-16.415459
0,axo15.A2B,-1.869811,2.4459444131500153e-60,-16.419641
0,axo3.E12,-1.3823965,2.2209967749316124e-60,-16.425583
0,axo15.G12B,-1.8398492,1.6919177400622005e-60,-16.44217
0,axo3.C2,-1.4106185,1.6356832991685915e-60,-16.444305
0,axo7.F6B,-1.4302477,1.5586162405923235e-60,-16.447319
0,axo9.C7A,-1.5668654,1.426892119220299e-60,-16.452757
0,axo21.D7A,-1.7135266,1.425033999646769e-60,-16.452925
0,axo4.G2,-1.4476296,1.2389246886345625e-60,-16.461487
0,axo12.G7,-1.4587767,1.2039665363839009e-60,-16.463308
0,axo14.G1A,-1.307845,1.1075032709363765e-60,-16.46845
0,axo15.G3,-1.5056996,1.0689147001023986e-60,-16.470686
0,axo16.A1,-1.5419639,1.0640745438548935e-60,-16.47105
0,axo15.E8B,-1.4554583,4.7492790349386426e-61,-16.519867
0,axo16.F6B,-1.699364,4.640640592842291e-61,-16.521353
0,axo10.H2B,-1.6878012,4.236964065409445e-61,-16.52693
0,axo14.H9A,-1.5161391,4.0845736181766045e-61,-16.529228
0,axo10.G4,-1.4711199,4.060369284388766e-61,-16.529676
0,axo21.E5B,-1.8387531,3.637843268453122e-61,-16.536388
0,axo21.C11A,-1.3042706,2.925219755807263e-61,-16.54961
0,axo3.D7,-1.375851,2.471986071916272e-61,-16.559834
0,axo10.A11B,-1.8504673,2.243920372913455e-61,-16.565748
0,axo21.G5A,-2.0382717,1.899704854649374e-61,-16.575851
0,axo16.E8B,-1.3844697,1.8492221963722975e-61,-16.57756
0,axo21.A4A,-1.7965038,1.7406384839105333e-61,-16.58129
0,axo21.H6B,-1.6622919,1.606246348926801e-61,-16.586206
0,axo12.D9,-1.7689947,1.606246348926801e-61,-16.586248
0,axo3.H9,-1.429809,1.294542727436379e-61,-16.599344
0,axo21.C3B,-1.9543597,1.2300188924514798e-61,-16.602505
0,axo3.E2,-1.2329516,1.2151806734906576e-61,-16.603325
0,axo16.G10B,-1.487049,1.0889843501723516e-61,-16.609995
0,axo16.A3B,-1.5969777,8.102511560172847e-62,-16.627813
0,axo15.C7B,-1.9333676,7.404858456339982e-62,-16.633299
0,axo21.B11B,-1.401992,7.292347774370372e-62,-16.634308
0,axo21.F2B,-1.8962663,6.0388742004196975e-62,-16.645695
0,axo15.F4B,-1.4537474,3.536541893806768e-62,-16.677786
0,axo15.B5B,-1.4265804,3.355171373322422e-62,-16.681023
0,axo29.B4A,-1.2688589,2.3869884715012873e-62,-16.70144
0,axo14.F5A,-1.4870017,1.754713285127014e-62,-16.719883
0,axo15.E5B,-1.5376651,1.6637264288776166e-62,-16.723148
0,axo29.B9A,-1.2109607,1.232665686272251e-62,-16.741098
0,axo12.A8,-1.5606657,6.352512743624449e-63,-16.780603
0,axo2.G1,-1.5162271,4.992537143567337e-63,-16.794996
0,axo2.D12,-1.5336103,4.7180372366364714e-63,-16.798443
0,axo14.B7A,-1.5382693,4.027292357983023e-63,-16.807922
0,axo16.A10,-1.4516562,3.072789855900822e-63,-16.824045
0,axo13.D7B,-1.5300336,2.9639682786321494e-63,-16.826273
0,axo14.F8A,-1.3766322,2.0066220309804296e-63,-16.849453
0,axo21.H1B,-1.9807417,1.8419257925315654e-63,-16.854609
0,axo16.D11,-1.4400481,1.735995383813781e-63,-16.858204
0,axo21.E9B,-2.0859773,1.7237486537933395e-63,-16.858715
0,axo29.A6A,-1.5733286,1.1910239922178463e-63,-16.880646
0,axo21.C3A,-1.7443929,9.983014804196684e-64,-16.891157
0,axo21.B6B,-2.074934,9.629345948527897e-64,-16.893377
0,axo3.C8,-1.4591814,8.530712006910786e-64,-16.900616
0,axo21.G12B,-1.9876058,4.898032088516467e-64,-16.933393
0,axo21.H3A,-1.8719201,4.653198331647219e-64,-16.936504
0,axo8.C11A,-1.3793231,4.222932514537205e-64,-16.942307
0,axo21.C2B,-1.6593498,4.123202768461491e-64,-16.943806
0,axo4.G9,-1.4795854,2.30666041287143e-64,-16.978027
0,axo7.B1B,-1.6615881,2.2026189344298066e-64,-16.98083
0,axo21.C2A,-1.8116122,2.0904892349994417e-64,-16.98399
0,axo21.C7A,-1.6256894,1.9185671471041115e-64,-16.989119
0,axo29.C4B,-1.9675387,1.87315076326993e-64,-16.990618
0,axo21.D2A,-1.785105,1.8369119686168033e-64,-16.991858
0,axo14.D5A,-1.5793986,9.845102824427976e-65,-17.028587
0,axo10.G6,-1.4431341,6.440086272582676e-65,-17.053503
0,axo16.F5B,-1.4070268,6.279578878516844e-65,-17.055073
0,axo12.C4,-1.5463905,5.576890538321014e-65,-17.062101
0,axo21.A10A,-1.6068844,3.5916013771143932e-65,-17.08788
0,axo8.G3A,-1.5358887,3.4216522819942587e-65,-17.090801
0,axo15.H9B,-1.4733948,2.358305777828637e-65,-17.112585
0,axo8.F12A,-1.6217301,2.205581002982148e-65,-17.11658
0,axo12.B3,-1.75974,2.098530149299955e-65,-17.11957
0,axo21.G2B,-1.8898783,2.0911196945338395e-65,-17.119871
0,axo21.B8B,-2.080414,2.0175935141696303e-65,-17.122051
0,axo15.C1,-1.5174094,1.3784845387339415e-65,-17.144304
0,axo13.C1B,-1.6042796,1.2889125115240504e-65,-17.148306
0,axo16.C8,-1.3887606,1.1420358262675219e-65,-17.155432
0,axo12.D6,-1.9697051,1.0683017261706958e-65,-17.159405
0,axo14.F11A,-1.5501473,1.0159718858571926e-65,-17.162416
0,axo2.H12,-1.3418655,7.819126325571913e-66,-17.177713
0,axo14.C9A,-1.503986,7.196276888356364e-66,-17.182625
0,axo15.A10B,-1.3697736,6.944969473317219e-66,-17.184782
0,axo15.G6B,-1.6745986,6.582833389982806e-66,-17.187984
0,axo3.F9,-1.5455971,6.582833389982806e-66,-17.188005
0,axo8.F11A,-1.6276604,6.116204052100275e-66,-17.192442
0,axo9.F12A,-1.4568688,5.988076604677557e-66,-17.193766
0,axo13.G9B,-1.6879689,5.408422025245803e-66,-17.199762
0,axo15.G4B,-1.510347,5.284225906681004e-66,-17.201206
0,axo7.G5B,-1.6305735,5.251043155083482e-66,-17.20167
0,axo15.C9,-1.4564034,4.251682620591058e-66,-17.213993
0,axo21.F12B,-1.5146314,3.821606585067894e-66,-17.220264
0,axo16.B2,-1.4947737,2.807460184266714e-66,-17.238203
0,axo21.E7B,-1.8746064,1.8778845204201862e-66,-17.261536
0,axo15.F3,-1.535832,1.6946262401930602e-66,-17.267561
0,axo2.B7,-1.603389,1.5763349586705057e-66,-17.271835
0,axo29.E1B,-1.7564121,1.5030597359508357e-66,-17.27468
0,axo10.D2,-1.3052207,1.381561049756106e-66,-17.27964
0,axo21.F5A,-1.7277167,1.1335903772382441e-66,-17.291145
0,axo21.D5B,-2.043242,1.1188153017556301e-66,-17.292
0,axo8.B9A,-1.5051875,1.1117783326208709e-66,-17.292463
0,axo21.D4A,-1.744282,7.100246529856555e-67,-17.318388
0,axo21.A1A,-1.7166983,5.761233996848015e-67,-17.33051
0,axo14.G11A,-1.546966,4.259343616229703e-67,-17.347971
0,axo4.H10,-1.6111709,2.370695892033001e-67,-17.3817
0,axo21.B5B,-1.7180605,2.2637206890832013e-67,-17.384449
0,axo2.H6,-1.5396602,1.7818445652670876e-67,-17.398266
0,axo14.A12A,-1.4217869,1.6110305938394212e-67,-17.404137
0,axo21.F3B,-1.8044341,1.5473154285409068e-67,-17.406548
0,axo21.B2A,-1.7071128,1.5110569217232107e-67,-17.408005
0,axo15.F2,-1.6372317,9.239158965313593e-68,-17.436249
0,axo3.C6,-1.471991,8.560081822035531e-68,-17.440712
0,axo21.B4B,-1.8407563,6.78505411625895e-68,-17.454088
0,axo9.A11A,-1.3648437,6.3681990603851215e-68,-17.45781
0,axo14.F12A,-1.5276244,5.646652693797772e-68,-17.464773
0,axo15.F4,-1.6939437,5.5642947888454425e-68,-17.465714
0,axo14.D12A,-1.4161456,5.112482961079536e-68,-17.470646
0,axo12.B1,-1.9142503,4.721556286502809e-68,-17.475285
0,axo15.A1B,-1.6645904,4.081476799487115e-68,-17.483692
0,axo29.H1B,-1.461626,3.7989542659361116e-68,-17.487883
0,axo14.G7A,-1.5397321,3.001615799114297e-68,-17.501406
0,axo15.B9,-1.4064674,2.2238589166917645e-68,-17.51858
0,axo29.H1A,-1.6206924,1.507986217984275e-68,-17.54077
0,axo10.B3,-1.4562443,1.3927679216070526e-68,-17.545387
0,axo15.D10B,-1.5797744,1.3264544090782317e-68,-17.54826
0,axo3.A7,-1.3902668,1.2601786066342057e-68,-17.551273
0,axo11.F2B,-1.5831623,1.2224349560796909e-68,-17.5531
0,axo11.C10B,-1.6070626,8.247328910250302e-69,-17.575537
0,axo21.B8A,-2.0210235,5.634804285747599e-69,-17.59723
0,axo9.A2A,-1.4241339,4.783714194270689e-69,-17.606606
0,axo16.E9B,-1.6079121,3.4449276274515177e-69,-17.625286
0,axo29.B2A,-1.6388171,3.297344448565954e-69,-17.627863
0,axo3.F3,-1.5644531,3.297344448565954e-69,-17.6279
0,axo2.C3,-1.5251789,3.0324739415391944e-69,-17.632803
0,axo21.G6B,-1.6535627,2.7796307716363657e-69,-17.637827
0,axo21.G3B,-1.471201,2.1536225087389165e-69,-17.652346
0,axo3.C3,-1.492424,1.8643286828510091e-69,-17.660593
0,axo15.C2,-1.4202762,1.2683015326682912e-69,-17.682426
0,axo29.D12A,-1.5666126,1.1862197495228344e-69,-17.6863
0,axo21.C1A,-1.9238069,1.1600806749262252e-69,-17.68766
0,axo21.B12A,-1.8247968,1.1118951159135067e-69,-17.690153
0,axo21.A7B,-1.6124494,1.0726220282295641e-69,-17.692284
0,axo16.H6B,-1.4307705,6.935225964813362e-70,-17.716942
0,axo7.C3B,-1.5309721,6.663323160766143e-70,-17.719296
0,axo13.G5B,-1.6146264,2.8828498124139437e-70,-17.766472
0,axo15.C6,-1.568765,2.0537403451817916e-70,-17.785593
0,axo2.G4,-1.5696796,1.988525164657282e-70,-17.787506
0,axo13.B3B,-1.680628,1.653122418094425e-70,-17.79796
0,axo21.B3B,-2.0108166,1.5499530359519173e-70,-17.801674
0,axo16.C3,-1.5011588,1.3739656706668633e-70,-17.808527
0,axo10.B1,-1.6462191,1.1204467841042973e-70,-17.820045
0,axo16.B1,-1.553462,7.47351021798407e-71,-17.84279
0,axo11.A5B,-1.5822239,7.348965144240523e-71,-17.843834
0,axo15.D2B,-1.5336269,7.042181532693521e-71,-17.846321
0,axo16.A4B,-1.6539683,5.27201884856751e-71,-17.86259
0,axo11.D1B,-1.6179905,5.0295857584215215e-71,-17.865324
0,axo8.G3B,-1.5595185,3.991209812127802e-71,-17.878328
0,axo3.D3,-1.5707947,3.5666390052004193e-71,-17.884705
0,axo29.H3B,-1.6172516,3.3346984318186507e-71,-17.888557
0,axo9.E10A,-1.4197742,3.240523402146564e-71,-17.89026
0,axo29.A4A,-1.4127573,3.164890181616134e-71,-17.891684
0,axo13.B2B,-1.5901133,2.350440976759222e-71,-17.90836
0,axo21.A12B,-1.4023643,2.1874860210825795e-71,-17.912466
0,axo21.C8B,-1.4530597,1.9687359878778097e-71,-17.918434
0,axo3.B5,-1.54289,1.7485211323460865e-71,-17.92514
0,axo29.C8A,-1.3272384,1.5058453212405947e-71,-17.933556
0,axo8.C1A,-1.4084811,9.62960286860749e-72,-17.9585
0,axo16.D3B,-1.7815835,8.311824894545101e-72,-17.966774
0,axo21.F4A,-1.9139802,6.919324458891345e-72,-17.977055
0,axo9.D12A,-1.6247239,5.502566032351054e-72,-17.989862
0,axo16.D11B,-1.4443322,5.251984888165132e-72,-17.992554
0,axo15.H5B,-1.6703436,3.7046073801393097e-72,-18.01199
0,axo21.A9B,-1.8638216,2.9959677169203274e-72,-18.023846
0,axo8.B7A,-1.6173295,2.7467394201858283e-72,-18.028757
0,axo21.H12A,-1.87239,2.491209045572019e-72,-18.034264
0,axo29.B6A,-1.5854723,2.3042304431010054e-72,-18.038685
0,axo16.C4,-1.5475684,1.712171649749044e-72,-18.0552
0,axo8.F4A,-1.5916151,1.5020808366214116e-72,-18.062536
0,axo21.H2A,-1.8001885,1.2765225807030502e-72,-18.071625
0,axo15.B10B,-1.7531843,1.2307647531371057e-72,-18.073748
0,axo15.G8B,-1.8126731,1.2028865708005827e-72,-18.07512
0,axo3.A6,-1.6562941,1.0176151253536422e-72,-18.084454
0,axo15.A7,-1.5712959,8.24066822468744e-73,-18.09619
0,axo15.C4B,-1.5667465,8.067184222139048e-73,-18.097473
0,axo16.E12B,-1.7130297,7.631707893655541e-73,-18.10064
0,axo29.D3B,-1.6142801,7.579238364590582e-73,-18.10113
0,axo3.B9,-1.4892353,7.096558623200632e-73,-18.104864
0,axo2.F1,-1.5231196,7.009353390779986e-73,-18.105656
0,axo12.E10,-1.7465096,5.013537255957624e-73,-18.12421
0,axo14.F2A,-1.5455524,4.17945540080025e-73,-18.134329
0,axo12.D3,-2.0945413,4.1185916244766536e-73,-18.135246
0,axo15.C3B,-1.601035,3.784303375855712e-73,-18.14001
0,axo7.H7B,-1.6558304,3.2131423571009616e-73,-18.149113
0,axo15.D5B,-1.5932354,3.182137858691149e-73,-18.149757
0,axo2.H5,-1.6267103,3.0408656960128665e-73,-18.152363
0,axo15.B6B,-1.541815,1.6605557352885985e-73,-18.185675
0,axo21.D8B,-1.5822752,1.4936010115838322e-73,-18.191595
0,axo8.E11A,-1.6578345,1.349590057582035e-73,-18.197264
0,axo8.C12A,-1.4289416,1.2390865142822028e-73,-18.202055
0,axo21.B9B,-1.6575686,9.962218424305002e-74,-18.214115
0,axo21.C11B,-1.8285189,9.709354915980232e-74,-18.215635
0,axo8.D2B,-1.6408089,6.591423918431306e-74,-18.236935
0,axo15.A7B,-2.0133662,5.2749591395918484e-74,-18.249226
0,axo16.D7,-1.6370572,5.034496606059005e-74,-18.251888
0,axo10.H8,-1.4231461,4.562860279492394e-74,-18.257374
0,axo15.D11B,-1.8713372,3.6869512310410116e-74,-18.269125
0,axo15.E10B,-1.6152083,3.573836683736035e-74,-18.270939
0,axo14.H3A,-1.5968982,3.4624173509155387e-74,-18.272781
0,axo2.B11,-1.576546,3.4360082262868877e-74,-18.273315
0,axo13.G3B,-1.9210913,2.8201685584336437e-74,-18.284203
0,axo29.F10A,-1.574396,2.5200332371818313e-74,-18.290453
0,axo3.E11,-1.5842338,2.482565485357195e-74,-18.291386
0,axo21.A6B,-1.9025614,2.1561256535678137e-74,-18.299183
0,axo8.E6A,-1.7101198,1.714087192863287e-74,-18.311796
0,axo13.H11B,-1.7425362,1.6090295080298631e-74,-18.315355
0,axo14.B6A,-1.566039,1.2733171712557255e-74,-18.328205
0,axo21.G1A,-1.88624,1.2370404782255777e-74,-18.329895
0,axo15.C9B,-2.089552,1.2211510644509098e-74,-18.330715
0,axo9.A7A,-1.3896393,9.72562839177761e-75,-18.343206
0,axo15.A3B,-1.5187262,8.7529623319318e-75,-18.34905
0,axo14.E5A,-1.5856646,8.37934927000146e-75,-18.351538
0,axo21.C4B,-1.83647,6.682277800065602e-75,-18.363947
0,axo10.F5,-1.4311308,6.004803549301234e-75,-18.369867
0,axo15.B5,-1.626995,5.71792894262805e-75,-18.372643
0,axo21.G8B,-1.9144486,4.626986899358482e-75,-18.384247
0,axo8.G11B,-1.5207006,3.893750195443174e-75,-18.393719
0,axo11.G2B,-1.5151519,3.6693900991287677e-75,-18.397055
0,axo21.C1B,-1.9374362,3.4423215867558023e-75,-18.400635
0,axo21.E12B,-1.7134672,3.067247113270356e-75,-18.407003
0,axo2.A7,-1.6098393,2.0794706106021146e-75,-18.428165
0,axo4.H1,-1.6637907,2.076517881347335e-75,-18.42836
0,axo11.F7B,-1.7608335,2.0088182056843702e-75,-18.430273
0,axo15.A6,-1.636293,1.8169699690273749e-75,-18.435823
0,axo14.B3A,-1.5861639,1.692023594936456e-75,-18.439796
0,axo16.H5,-1.6589537,1.054603260427966e-75,-18.465462
0,axo9.D5A,-1.424044,1.0510761425069217e-75,-18.465763
0,axo11.B5B,-1.5772231,8.47798224651992e-76,-18.477486
0,axo12.C6,-1.8831459,8.336341170717761e-76,-18.478516
0,axo8.C5A,-1.879217,8.159926920096025e-76,-18.47979
0,axo16.F12,-1.5734335,7.082089807373213e-76,-18.487555
0,axo15.B1B,-1.5588212,7.058534357489821e-76,-18.487856
0,axo14.H8A,-1.5913248,7.05797936728125e-76,-18.487982
0,axo16.H10B,-1.8960943,5.743691924620933e-76,-18.499214
0,axo10.F6,-1.4296582,5.660274426065844e-76,-18.500124
0,axo4.H8,-1.5296192,5.1601339569728895e-76,-18.505232
0,axo13.C2B,-1.6117636,5.1163928431172687e-76,-18.505814
0,axo21.B1B,-1.9309442,5.075026829037121e-76,-18.506374
0,axo16.A3,-1.5826168,4.5365317812406885e-76,-18.51254
0,axo15.H10B,-1.7542481,4.398592248432337e-76,-18.514326
0,axo11.C4B,-1.9513474,3.9594493074973645e-76,-18.520115
0,axo13.H3B,-1.6561642,3.8400451032556504e-76,-18.521887
0,axo16.G11B,-1.7198989,3.4696272818097705e-76,-18.527472
0,axo9.A1A,-1.6043549,2.5295067315643703e-76,-18.544596
0,axo9.D11A,-1.4062084,1.574574049085057e-76,-18.570192
0,axo8.G11A,-1.5506567,1.4793203901797577e-76,-18.573668
0,axo11.B8B,-1.6704108,1.3796968439254342e-76,-18.577536
0,axo8.F3B,-1.661172,1.2845878459197602e-76,-18.581493
0,axo15.C12,-1.8236914,8.835049840114134e-77,-18.601694
0,axo16.G6B,-1.6565381,7.114930475460012e-77,-18.613424
0,axo14.D11A,-1.6640781,6.687193874031524e-77,-18.61687
0,axo10.H11,-1.659266,6.2490521489904546e-77,-18.620626
0,axo14.H4A,-1.6895088,6.2490521489904546e-77,-18.620697
0,axo8.A8B,-1.6805547,5.98825524962046e-77,-18.623163
0,axo29.C1A,-1.473508,5.360700553028505e-77,-18.629217
0,axo10.F2B,-1.695145,5.066074730869747e-77,-18.63237
0,axo10.A6B,-1.8424176,4.667523843619892e-77,-18.636883
0,axo21.G4B,-1.8672261,4.575702655483327e-77,-18.638073
0,axo2.B3,-1.6235462,3.909761495612763e-77,-18.646616
0,axo8.D7A,-1.6569281,2.3010856667114268e-77,-18.67507
0,axo15.A11B,-1.5787219,2.1300188683449287e-77,-18.679323
0,axo13.B4B,-1.6916499,2.084499418375108e-77,-18.680605
0,axo21.H11B,-1.8830497,1.565262997562653e-77,-18.69602
0,axo8.F4B,-1.5836674,1.049302921939337e-77,-18.717468
0,axo15.A9,-1.6375351,8.915452549891826e-78,-18.726274
0,axo4.H12,-1.6813145,6.909447160669329e-78,-18.739973
0,axo16.D6,-1.5630844,6.651949228573146e-78,-18.742125
0,axo12.B4,-1.7455677,6.304463833024071e-78,-18.74511
0,axo21.H8B,-1.7285029,6.304463833024071e-78,-18.745165
0,axo9.G10A,-1.5507866,4.501827481104411e-78,-18.763279
0,axo8.G4A,-1.4922227,3.778475380591832e-78,-18.772717
0,axo16.B9B,-1.654836,2.2122306713029217e-78,-18.801262
0,axo4.H4,-1.6992043,1.8034084432151374e-78,-18.812227
0,axo16.H1B,-1.5517547,1.769836060340294e-78,-18.813356
0,axo10.B2B,-1.6780093,1.7625721056621956e-78,-18.813705
0,axo8.D7B,-1.7200565,1.4304211112578872e-78,-18.824903
0,axo10.D6,-1.5787718,1.0763731332598709e-78,-18.840094
0,axo4.H9,-1.6374449,1.0450616927673134e-78,-18.84179
0,axo10.B10B,-1.7263082,8.58724394171284e-79,-18.852314
0,axo13.G8B,-1.8901467,8.4150503104927e-79,-18.853518
0,axo10.C6B,-1.654725,8.131354558129299e-79,-18.855467
0,axo14.H2A,-1.6656684,8.13047294852231e-79,-18.855606
0,axo10.C5B,-1.6980153,8.123184006303763e-79,-18.85579
0,axo16.D12B,-1.6168394,7.93519471187348e-79,-18.857162
0,axo10.D1,-1.4704688,7.72595587847618e-79,-18.858711
0,axo8.G12A,-1.7055646,7.197514697317687e-79,-18.862593
0,axo16.B6B,-1.7512366,6.334454628677038e-79,-18.86948
0,axo4.D11,-1.6741321,4.30040664889788e-79,-18.890074
0,axo14.H6A,-1.6119645,2.8236930224075816e-79,-18.912403
0,axo21.E8A,-2.0140924,2.3691510955217716e-79,-18.921793
0,axo16.D10B,-1.7237259,2.1958099373426706e-79,-18.925934
0,axo13.D2B,-1.6226056,2.1684198243173373e-79,-18.926733
0,axo16.H3B,-1.5575168,2.0410008755682797e-79,-18.930061
0,axo15.G7B,-1.712229,1.7495268624681857e-79,-18.938314
0,axo8.D4A,-1.748839,1.46524928300938e-79,-18.947788
0,axo16.G8,-1.6498772,1.1824542540442375e-79,-18.95921
0,axo16.C5B,-1.9047472,1.0936268241595832e-79,-18.963455
0,axo10.F8,-1.5894014,7.46828321546791e-80,-18.98364
0,axo15.A12,-1.6436281,5.616098477057018e-80,-18.998749
0,axo2.D4,-1.7453547,4.662885363542333e-80,-19.008648
0,axo13.G6B,-1.7522391,3.1103362463180816e-80,-19.03002
0,axo16.G9,-1.6399206,2.7414676978699603e-80,-19.036774
0,axo10.B5,-1.4815961,2.4104400181765987e-80,-19.043655
0,axo8.A4B,-1.4435897,2.3886454567833275e-80,-19.044271
0,axo16.A5B,-1.8681669,2.364848144246955e-80,-19.044937
0,axo16.A8B,-2.128713,1.6323726706571185e-80,-19.064478
0,axo8.C6B,-1.6480688,1.5850243736097907e-80,-19.06616
0,axo16.F5,-1.690768,1.4012696916462903e-80,-19.072746
0,axo8.F2A,-1.6928413,1.0207142156166494e-80,-19.08945
0,axo16.C10B,-1.7406467,8.849916592077078e-81,-19.097046
0,axo2.D11,-1.6764113,7.503698396392989e-81,-19.105804
0,axo15.B1,-1.5833511,5.978266567184333e-81,-19.117807
0,axo8.E4A,-1.6890227,5.537995530356159e-81,-19.12194
0,axo15.C6B,-1.7454492,5.293256220469477e-81,-19.124443
0,axo29.C9A,-1.4720225,5.227272178430164e-81,-19.125242
0,axo14.D3A,-1.6901505,4.931591778790223e-81,-19.128422
0,axo16.E12,-1.570977,3.3376821836131163e-81,-19.14891
0,axo15.G10B,-1.6990438,3.2345830533756245e-81,-19.15069
0,axo14.G8A,-1.693594,2.9969107495501646e-81,-19.15481
0,axo21.F6B,-1.8730645,2.67612805981995e-81,-19.16085
0,axo13.H6B,-1.8304064,2.5052657958261064e-81,-19.16443
0,axo13.E4B,-1.6312736,1.7213057918559883e-81,-19.1841
0,axo21.H8A,-1.6894871,1.7088340038971608e-81,-19.184624
0,axo2.D6,-1.6866388,1.6340699201744865e-81,-19.187098
0,axo21.D8A,-1.9372472,1.6020422919971956e-81,-19.188274
0,axo4.F2,-1.7144467,1.5183895203604802e-81,-19.19121
0,axo13.G12B,-1.8908585,1.5027637854598374e-81,-19.191896
0,axo8.A7B,-1.6746334,1.3612018689941397e-81,-19.197187
0,axo3.E4,-1.6587236,1.300958177256031e-81,-19.199688
0,axo14.C8A,-1.6166517,1.2227557770824116e-81,-19.203058
0,axo16.A1B,-1.6932389,1.1798913081588968e-81,-19.205063
0,axo29.A2A,-1.8065027,8.937860218587579e-82,-19.21963
0,axo16.D7B,-1.8461376,7.269771454947625e-82,-19.230497
0,axo16.F7B,-1.7806276,6.216415922712758e-82,-19.238766
0,axo8.A12B,-1.4835672,5.409631886923815e-82,-19.246122
0,axo16.A8,-1.7086974,4.832500853596275e-82,-19.252121
0,axo21.F1B,-1.603225,4.263422509283554e-82,-19.258762
0,axo8.B3B,-1.6943959,3.8933028593538505e-82,-19.263618
0,axo16.D5B,-2.1939933,3.611530206345781e-82,-19.267662
0,axo8.E10B,-1.6728519,3.14824976648856e-82,-19.27492
0,axo8.E9B,-1.7012396,2.678894306686726e-82,-19.283426
0,axo16.E5B,-1.7587695,2.293934644028514e-82,-19.291603
0,axo21.D1B,-1.9611684,2.1428019110766596e-82,-19.295282
0,axo29.H2A,-1.4480554,1.3224889907654992e-82,-19.320366
0,axo8.F3A,-1.6906703,1.1663078592491044e-82,-19.32701
0,axo12.C3,-1.7215573,1.1195003133468972e-82,-19.329279
0,axo12.F5,-1.8921463,9.726084434354886e-83,-19.336693
0,axo10.A6,-1.7528313,9.187235018813314e-83,-19.339788
0,axo11.B6B,-2.1227982,9.187235018813314e-83,-19.339916
0,axo2.A1,-1.6366247,6.250822333635741e-83,-19.359955
0,axo10.C8,-1.6325296,5.78499547827254e-83,-19.364103
0,axo16.H5B,-2.0637186,5.7682743498071295e-83,-19.36441
0,axo13.C8B,-1.7037003,5.312325010175228e-83,-19.36881
0,axo8.B10B,-1.5599349,5.0589380198633005e-83,-19.371489
0,axo16.D1B,-1.8749088,5.046509987513656e-83,-19.371775
0,axo10.C6,-1.5586289,4.710011248544999e-83,-19.375488
0,axo16.E4B,-1.7071519,4.4495212765798176e-83,-19.378578
0,axo10.B7,-1.6014557,3.867848817490255e-83,-19.38595
0,axo16.E2B,-1.9823037,3.8469391806983346e-83,-19.38639
0,axo15.A5,-1.6928495,2.842160337460567e-83,-19.402122
0,axo15.D8,-1.579382,1.3232795661933623e-83,-19.441542
0,axo21.A4B,-1.5935748,1.3232795661933623e-83,-19.441576
0,axo8.A1A,-1.7988967,1.2367274857020127e-83,-19.44534
0,axo15.B3B,-1.7009027,1.1695977965755614e-83,-19.448366
0,axo21.F5B,-1.7865182,1.0879740217972067e-83,-19.452242
0,axo8.E3B,-1.5127313,7.409703979592511e-84,-19.472092
0,axo15.D6B,-1.6845239,6.796589538201701e-84,-19.47668
0,axo8.A10B,-1.6800482,4.556900795598685e-84,-19.497309
0,axo10.G2B,-2.0133595,2.892184739556145e-84,-19.520718
0,axo16.B3B,-1.9305439,1.6939570086235379e-84,-19.548199
0,axo8.D5A,-1.6660054,1.2171390792702922e-84,-19.565226
0,axo4.H6,-1.8217583,1.0751953578236245e-84,-19.571714
0,axo21.E6B,-1.8675212,9.103802264210402e-85,-19.58036
0,axo21.C12B,-1.8200375,8.304617146522104e-85,-19.585209
0,axo13.F9B,-1.857829,7.703755107212715e-85,-19.589203
0,axo16.B7B,-1.6995412,7.613393840004225e-85,-19.589973
0,axo16.C11B,-1.686743,7.524172169963262e-85,-19.590744
0,axo13.C4B,-2.062539,7.519435186552094e-85,-19.590948
0,axo15.D8B,-1.7012302,7.519435186552094e-85,-19.59108
0,axo16.H6,-1.5659587,6.51744508250568e-85,-19.598572
0,axo16.F4,-1.6891916,5.94197660984224e-85,-19.603447
0,axo10.H5,-1.6498327,4.5015112095999965e-85,-19.61774
0,axo2.D10,-1.8001915,3.464096890895958e-85,-19.63123
0,axo16.D6B,-1.9094758,3.41094300549674e-85,-19.632189
0,axo21.D7B,-1.5334255,3.1184257616364283e-85,-19.636919
0,axo21.C8A,-1.767397,2.3207148120036027e-85,-19.652096
0,axo21.D9B,-2.0976472,1.843028053465096e-85,-19.663965
0,axo21.F8B,-1.9391277,1.5074112076465886e-85,-19.674335
0,axo16.B10B,-2.0722656,1.4242149481126733e-85,-19.677391
0,axo10.A8B,-2.0467875,1.2285947169378167e-85,-19.685055
0,axo3.E3,-1.4277439,1.083962377027188e-85,-19.69158
0,axo13.F6B,-1.8660551,9.979643534140695e-86,-19.695944
0,axo13.D4B,-1.704041,9.265720419670655e-86,-19.699883
0,axo21.D11B,-1.8126587,5.968578556600832e-86,-19.722317
0,axo14.C6A,-1.6904925,5.673243821048809e-86,-19.725065
0,axo15.D1B,-1.790243,5.21035884163767e-86,-19.72955
0,axo8.G12B,-1.7626011,5.1471304212052676e-86,-19.730347
0,axo9.D10A,-1.5360838,5.0244804997527615e-86,-19.731749
0,axo16.E5,-1.7015109,4.9863849258503954e-86,-19.732317
0,axo8.C2B,-1.7061561,3.755297985428009e-86,-19.746828
0,axo11.A11B,-1.6994805,2.974134687446605e-86,-19.758787
0,axo14.E3A,-1.6981767,2.751445356801975e-86,-19.762901
0,axo14.E11A,-1.7037106,1.7463692108602905e-86,-19.786016
0,axo13.H12B,-1.8495134,1.703337280476424e-86,-19.78746
0,axo14.G6A,-1.7021995,1.6648526739661903e-86,-19.788797
0,axo13.A11B,-1.7621673,1.4860281834189907e-86,-19.794712
0,axo16.C9B,-1.6866577,1.4079314463850259e-86,-19.797619
0,axo15.B9B,-1.7714268,1.1909687018504675e-86,-19.806238
0,axo21.A12A,-2.0611105,1.0970961410860697e-86,-19.81056
0,axo29.A9A,-1.7028248,1.0665457453391628e-86,-19.812172
0,axo11.B9B,-1.685058,9.066490822800919e-87,-19.82054
0,axo16.A6B,-1.9528031,8.740799051238433e-87,-19.82257
0,axo8.H7A,-1.7875232,8.498782678620746e-87,-19.824175
0,axo10.A8,-1.5213096,6.064331778935945e-87,-19.841341
0,axo12.C1,-2.0305147,5.794569506834581e-87,-19.843822
0,axo29.A3B,-2.0775886,5.549992819444338e-87,-19.846184
0,axo13.F4B,-1.7930962,5.183313743437882e-87,-19.849813
0,axo8.E8B,-1.7268678,4.885631935524427e-87,-19.85298
0,axo10.C1,-1.4917072,4.124539069153223e-87,-19.861683
0,axo14.C3A,-1.6137947,3.7178518486316952e-87,-19.867092
0,axo15.F1B,-1.7105937,3.1905208516278115e-87,-19.874968
0,axo21.D4B,-1.7236333,3.0824793283382014e-87,-19.876894
0,axo15.A6B,-1.8739071,2.698887785817122e-87,-19.88376
0,axo21.A5A,-1.9834677,2.147864094097168e-87,-19.895412
0,axo13.D10B,-1.9095454,1.1706467438707208e-87,-19.92602
0,axo8.B8A,-1.857707,1.903188889878743e-88,-20.016953
0,axo16.B2B,-2.0498927,1.8916159527690908e-88,-20.017458
0,axo12.B7,-1.9466028,1.78106175220762e-88,-20.02066
0,axo8.F1B,-1.7286583,1.5763354811332105e-88,-20.026945
0,axo16.A7B,-1.9444387,1.3731012049708813e-88,-20.034021
0,axo14.C5A,-1.6758856,1.371761654907812e-88,-20.034273
0,axo10.G1B,-1.7400764,9.26957667147228e-89,-20.053984
0,axo15.C8B,-1.8011596,6.35939707372751e-89,-20.072924
0,axo11.A4B,-1.7895502,5.866082924381917e-89,-20.07714
0,axo16.E4,-1.6960195,5.5360986966452955e-89,-20.080225
0,axo10.B9B,-1.931883,4.913031592878986e-89,-20.086363
0,axo10.C10,-1.8378555,4.478491268525901e-89,-20.09117
0,axo21.D10B,-1.7583351,3.237602634255979e-89,-20.107481
0,axo16.H2B,-1.8193221,2.3211793812055467e-89,-20.124191
0,axo11.C11B,-1.7407302,2.2599989825509106e-89,-20.125727
0,axo4.H7,-1.7696218,2.2007769309502328e-89,-20.127254
0,axo11.C8B,-1.6544493,1.8521324712005606e-89,-20.136013
0,axo10.F8B,-2.1423526,1.3802207877168578e-89,-20.15079
0,axo21.H4A,-1.8554595,1.3397070841575048e-89,-20.152477
0,axo8.A5B,-1.674373,1.2270708786944531e-89,-20.15704
0,axo15.D4B,-1.7391593,1.1833521311303086e-89,-20.15905
0,axo11.B10B,-1.8743848,1.148828955629857e-89,-20.160732
0,axo10.B10,-1.4806677,7.534904311203364e-90,-20.181808
0,axo21.D11A,-1.8191433,6.153914412466773e-90,-20.192032
0,axo2.A12,-1.7967219,5.4104174987285265e-90,-20.19861
0,axo15.B12,-1.7156724,3.579344570504523e-90,-20.219225
0,axo21.F4B,-1.779914,2.9286188744727125e-90,-20.229343
0,axo15.D2,-1.7635735,2.395658165087686e-90,-20.239468
0,axo8.B5B,-1.7641339,2.1819394193895896e-90,-20.244295
0,axo8.F7A,-1.8056628,2.1165102032796155e-90,-20.24602
0,axo21.F6A,-1.723946,1.8579860207058481e-90,-20.25266
0,axo8.G10A,-1.7384269,1.8579860207058481e-90,-20.252745
0,axo9.E6A,-1.7036042,1.7688696775223461e-90,-20.255533
0,axo10.F1,-1.6399062,1.2122792882780855e-90,-20.27436
0,axo12.D7,-1.8898257,8.750236994489494e-91,-20.290625
0,axo21.F1A,-1.7576443,4.694939098364709e-91,-20.32144
0,axo10.A2,-1.7877538,3.04664099728538e-91,-20.342888
0,axo10.D1B,-1.5489911,2.2517870851895576e-91,-20.357939
0,axo16.G1B,-1.7739292,1.7958270903957324e-91,-20.369253
0,axo21.A2A,-2.0511887,1.7871654318515842e-91,-20.369724
0,axo8.E12B,-1.7992232,1.7871654318515842e-91,-20.369793
0,axo16.B3,-1.783151,1.5597585711445083e-91,-20.376856
0,axo8.D3A,-1.8037683,1.497987372806174e-91,-20.37907
0,axo16.C10,-1.7716088,1.1919512870170613e-91,-20.390491
0,axo14.G12A,-1.8031619,1.1427997124528511e-91,-20.39279
0,axo10.B4B,-1.7259725,8.44292554202461e-92,-20.407833
0,axo16.F3,-1.7667093,7.502553582202402e-92,-20.413845
0,axo11.B3B,-1.7619452,7.15422043766237e-92,-20.41641
0,axo9.A10A,-1.8220072,7.032778349423355e-92,-20.417488
0,axo16.B12B,-2.0644689,6.427760608690892e-92,-20.422127
0,axo15.F12,-1.9971032,5.9905618714937825e-92,-20.425814
0,axo3.H10,-1.7672616,5.155754139453858e-92,-20.433388
0,axo8.C6A,-1.7398653,4.829319710403096e-92,-20.436827
0,axo16.A11B,-2.1068423,3.486693601164507e-92,-20.45297
0,axo8.H11B,-1.7551827,3.313621068562235e-92,-20.455704
0,axo16.B1B,-1.7535493,2.2258543400348664e-92,-20.475351
0,axo16.G5,-1.7463745,1.9668594685434814e-92,-20.481628
0,axo10.F9,-1.5523567,1.5334436316404736e-92,-20.494003
0,axo10.C3B,-1.7720462,1.4818587624417353e-92,-20.495922
0,axo10.G5,-1.6545911,1.4326618131157564e-92,-20.497822
0,axo8.H5A,-1.802724,1.3967466748304229e-92,-20.499313
0,axo15.G1B,-1.8753948,1.1871354949627278e-92,-20.507484
0,axo21.D12B,-1.896494,1.0833697532483373e-92,-20.512192
0,axo12.G10,-2.0153806,7.60104561574784e-93,-20.529682
0,axo9.A3A,-1.6650562,6.612015266267424e-93,-20.536716
0,axo16.F4B,-1.8684405,5.892675918107567e-93,-20.542574
0,axo21.E6A,-1.917904,5.242483932464682e-93,-20.548515
0,axo16.B10,-1.6955745,5.1606345671529466e-93,-20.549545
0,axo10.G8B,-2.1287258,2.8578989794255822e-93,-20.578484
0,axo14.B2A,-1.7355503,1.9348218733837705e-93,-20.597654
0,axo15.E11B,-1.8100609,1.8683936642033152e-93,-20.599617
0,axo21.A8B,-2.0207617,1.2365982028823658e-93,-20.619865
0,axo11.D5B,-2.0209076,1.149532221088323e-93,-20.62367
0,axo3.A5,-1.8376935,9.128902764130422e-94,-20.635092
0,axo16.D4B,-1.9680185,9.128902764130422e-94,-20.635134
0,axo11.C6B,-1.8344737,8.792395721980027e-94,-20.637459
0,axo10.E5B,-1.8499129,7.683198444628181e-94,-20.644257
0,axo11.E5B,-1.9703604,7.004271223817507e-94,-20.649008
0,axo16.H4,-1.7556497,6.959928008357137e-94,-20.649595
0,axo15.F10B,-1.8559201,6.345183619812237e-94,-20.654346
0,axo15.E4,-1.8298932,4.639652592107816e-94,-20.669746
0,axo29.G8A,-1.7583821,3.5563611912493427e-94,-20.682863
0,axo21.B1A,-1.9790529,3.2761631675235364e-94,-20.687109
0,axo16.G4,-1.7924888,3.0093363695640384e-94,-20.691496
0,axo16.C11,-1.7699949,2.470843487188931e-94,-20.701292
0,axo16.H12B,-2.1542664,2.1898719595218217e-94,-20.707401
0,axo10.C7,-1.7532828,1.705122896060705e-94,-20.719748
0,axo3.D2,-1.7475377,1.6399715973608473e-94,-20.72192
0,axo8.D3B,-1.8045378,1.0100592094678725e-94,-20.745539
0,axo16.F6,-1.739762,9.89053896647681e-95,-20.74685
0,axo16.C1,-1.7606854,8.099259151712047e-95,-20.756758
0,axo16.H2,-1.8065692,7.964935451159658e-95,-20.757864
0,axo8.B1A,-1.8405409,4.7004314069010625e-95,-20.783503
0,axo8.C9A,-1.8377724,2.114690833809007e-95,-20.822117
0,axo10.B6B,-1.8760885,1.4515493240602833e-95,-20.840446
0,axo29.E1A,-1.7443676,1.3377470493015221e-95,-20.844664
0,axo15.E2B,-1.876458,1.326145860706945e-95,-20.845392
0,axo16.A4,-1.8701026,7.30418660777283e-96,-20.874233
0,axo21.D2B,-1.9337786,7.30418660777283e-96,-20.87433
0,axo8.B9B,-1.8154966,4.771051783644037e-96,-20.895212
0,axo8.C2A,-1.8855542,4.136487443224656e-96,-20.902344
0,axo10.G3,-1.7140086,3.843096847383509e-96,-20.906178
0,axo10.H7,-1.7225337,3.485661075606207e-96,-20.91116
0,axo10.G7B,-2.0062566,3.3366361843192648e-96,-20.913568
0,axo8.C4B,-1.8189914,2.360591149425122e-96,-20.930399
0,axo8.H4B,-1.8129523,1.6736043733313315e-96,-20.947117
0,axo16.H10,-1.8719814,1.3986773272488033e-96,-20.955996
0,axo14.H5A,-1.7709179,9.835946774165921e-97,-20.973085
0,axo10.B9,-1.6303728,8.952327217483355e-97,-20.977898
0,axo29.A1A,-1.6162479,4.3992929398360535e-97,-21.012001
0,axo14.H1A,-1.8470299,4.34290687106638e-97,-21.012953
0,axo13.F5B,-2.1065044,3.9924773331856996e-97,-21.01729
0,axo16.A9B,-1.8268138,3.6402288715532425e-97,-21.02202
0,axo16.D4,-1.8564875,3.1715804974216636e-97,-21.028908
0,axo16.D5,-1.8132583,2.757983607102474e-97,-21.035887
0,axo10.E3,-1.563381,2.6530086313647976e-97,-21.03808
0,axo16.A12B,-2.030031,2.19861759128071e-97,-21.047342
0,axo16.H7,-1.7643566,2.1827710542202602e-97,-21.048042
0,axo15.B11B,-1.8524107,1.6002279317427246e-97,-21.063114
0,axo8.E3A,-1.855874,1.2509624167191925e-97,-21.075138
0,axo10.C9,-1.6945597,8.055027297403955e-98,-21.096334
0,axo16.A6,-1.8493742,6.432901186393246e-98,-21.107334
0,axo13.D8B,-2.1090562,6.376805709304543e-98,-21.10812
0,axo21.G1B,-2.0383804,4.9043302546786526e-98,-21.1209
0,axo10.C3,-1.6961721,2.867449394736796e-98,-21.146614
0,axo8.B3A,-1.690886,6.4193143241260184e-99,-21.217495
0,axo21.C4A,-1.930034,5.769114853985676e-99,-21.222898
0,axo8.F5A,-1.8503472,5.505978636734281e-99,-21.225475
0,axo21.E11B,-1.8208588,5.296845915614791e-99,-21.227684
0,axo21.E4B,-1.8929646,3.0519120846339635e-99,-21.253973
0,axo10.B12,-1.7701437,2.9078615101106035e-99,-21.256636
0,axo8.E5B,-1.8439327,2.5845666006008635e-99,-21.262564
0,axo9.C1A,-1.7051736,2.2966138303295546e-99,-21.268505
0,axo16.G8B,-1.9970925,1.9763088087822795e-99,-21.275953
0,axo21.E4A,-1.7220342,1.840890998879292e-99,-21.279688
0,axo10.F7,-2.1981034,1.7785457826372534e-99,-21.281712
0,axo14.D9A,-1.865664,1.7210074648830065e-99,-21.283667
0,axo10.E9B,-1.846401,1.5369883724248958e-99,-21.289385
0,axo15.F3B,-1.8809029,1.11837228506625e-99,-21.3047
0,axo16.B9,-1.8007348,1.1174509086415428e-99,-21.305164
0,axo14.D2A,-1.7885066,1.0960975296088328e-99,-21.306496
0,axo8.F10A,-1.8793273,8.221644264450717e-100,-21.32039
0,axo16.B11B,-1.9272861,5.545647016144869e-100,-21.339245
0,axo4.B5,-1.950483,2.835436073830957e-100,-21.371029
0,axo8.B4A,-1.8855261,1.6076110770852078e-100,-21.397947
0,axo21.H4B,-2.12078,1.5251735323893786e-100,-21.400848
0,axo10.E5,-1.9448344,8.436384630672282e-101,-21.42889
0,axo15.B7B,-1.9951679,5.379182924734791e-101,-21.450289
0,axo15.D12B,-1.9220821,4.241852662446959e-101,-21.461794
0,axo10.D2B,-1.7458606,3.643395850074801e-101,-21.469326
0,axo15.E1B,-1.9286927,3.437240816030957e-101,-21.4725
0,axo16.G12,-1.8342401,3.2445164747980224e-101,-21.475653
0,axo16.C6B,-1.9431322,3.133912481288476e-101,-21.477741
0,axo16.D1,-1.8492054,3.097593537939546e-101,-21.478764
0,axo16.E9,-1.8241253,2.1147683807561312e-101,-21.496975
0,axo10.B8,-1.7282057,6.51618927370681e-102,-21.552042
0,axo12.G9,-2.0319812,6.36287010632895e-102,-21.553638
0,axo8.D12B,-1.8363365,4.675317018233834e-102,-21.568401
0,axo8.G5A,-1.9222758,1.893912810598557e-102,-21.610674
0,axo8.C10B,-1.9793589,1.3971248648456052e-102,-21.625227
0,axo10.A4,-1.8615222,1.2927238468657321e-102,-21.629326
0,axo11.D11B,-2.0507932,1.0526135067840063e-102,-21.639324
0,axo10.B11B,-1.8267223,9.53061596965974e-103,-21.644432
0,axo3.D4,-1.4927961,8.678842165348468e-103,-21.64928
0,axo10.H10,-1.7580981,8.678842165348468e-103,-21.649673
0,axo10.F11,-1.7609326,6.664002070058959e-103,-21.662539
0,axo10.D9B,-1.8599808,5.103642520132193e-103,-21.675375
0,axo8.H12B,-1.8783928,2.257631779733061e-103,-21.71345
0,axo21.F8A,-2.0705166,2.0295276695151543e-103,-21.718908
0,axo11.C3B,-1.9691324,1.0701901419229863e-103,-21.748861
0,axo10.F1B,-1.9653784,6.906370227895924e-104,-21.769526
0,axo8.E6B,-1.8203741,2.6886427391516186e-104,-21.81331
0,axo16.E11,-1.885092,8.705525800811063e-105,-21.865427
0,axo8.D10A,-1.9376528,8.469721517295962e-105,-21.867277
0,axo29.B7A,-1.8036592,8.169882371243384e-105,-21.869526
0,axo10.B3B,-1.7832552,7.710809306529312e-105,-21.872776
0,axo11.C2B,-1.6221378,6.217357152638978e-105,-21.883217
0,axo16.H7B,-1.9377632,4.4312882874142806e-105,-21.899284
0,axo10.A11,-2.0146685,4.2425568126705975e-105,-21.901903
0,axo8.F2B,-1.8414214,3.015239491616133e-105,-21.918104
0,axo21.F10B,-2.2588425,2.656689336214884e-105,-21.924522
0,axo16.D8B,-1.972201,1.6196051285573893e-105,-21.9477
0,axo10.G11,-1.6144983,1.1910317087502297e-105,-21.962345
0,axo15.B8,-2.2290025,1.119352171529685e-105,-21.965847
0,axo16.G4B,-2.091515,1.116247488885216e-105,-21.966667
0,axo16.E1,-1.8531814,8.528537881352736e-106,-21.979595
0,axo8.A1B,-1.6929715,8.528537881352736e-106,-21.98003
0,axo21.A11B,-2.0785997,7.382049683132745e-106,-21.98759
0,axo8.A3A,-1.9228492,4.797895682218045e-106,-22.007875
0,axo8.H12A,-1.9678774,3.632587237706766e-106,-22.021236
0,axo10.C2,-1.7889098,2.472825755320578e-106,-22.03942
0,axo16.H12,-1.9303664,1.4845627028775766e-106,-22.063284
0,axo10.D3B,-2.0621645,6.770886461269167e-107,-22.099552
0,axo10.D7,-1.8715299,3.2282277782834744e-107,-22.133772
0,axo8.C12B,-1.931199,2.005075570754819e-107,-22.156048
0,axo13.C7B,-2.047954,1.6442619171831232e-107,-22.165808
0,axo10.G9,-1.691173,1.0759302453427809e-107,-22.185736
0,axo15.E12B,-2.0342538,1.0553939432283543e-107,-22.187458
0,axo10.C8B,-1.9795295,1.006206821560797e-107,-22.19048
0,axo16.G3B,-1.9661565,9.846649615161232e-108,-22.192343
0,axo16.F8B,-2.024222,6.133646744057402e-108,-22.214525
0,axo11.B7B,-2.0474095,4.55956644653749e-108,-22.228771
0,axo10.H1,-1.8265378,1.4570567399815585e-108,-22.280872
0,axo11.B1B,-1.744829,8.351806449424251e-109,-22.30675
0,axo11.B4B,-1.9063787,2.544157111085441e-109,-22.360847
0,axo21.A3B,-2.2025552,1.9588444054057375e-109,-22.373516
0,axo8.G7A,-1.9762119,1.935705056912598e-109,-22.375072
0,axo10.B11,-1.7161338,8.730809013170984e-110,-22.411606
0,axo10.C7B,-1.8725883,7.664328247272525e-110,-22.41848
0,axo10.B1B,-2.1113515,1.5109437272349063e-110,-22.491749
0,axo8.A3B,-1.9899378,8.110265860588314e-111,-22.520462
0,axo10.C12,-1.8113241,7.463327610024128e-111,-22.525297
0,axo11.D7B,-1.8811005,7.11819978891017e-111,-22.528576
0,axo10.G8,-1.8298043,6.2673103805443985e-111,-22.535429
0,axo8.B5A,-1.9953265,1.246375349494876e-111,-22.60809
0,axo10.E1,-1.9364269,1.246375349494876e-111,-22.608131
0,axo8.B11B,-2.0114052,1.0755833337119975e-111,-22.617191
0,axo8.C3A,-1.9532236,1.0755833337119975e-111,-22.61727
0,axo11.A9B,-2.0621066,7.185385147498906e-112,-22.637743
0,axo8.E10A,-2.0108364,6.777493164851788e-112,-22.641764
0,axo10.A1B,-2.1710196,5.429500315192654e-112,-22.65303
0,axo21.A1B,-2.0922265,4.589693806905562e-112,-22.66198
0,axo10.A5,-1.941421,2.575863440016321e-112,-22.689005
0,axo10.A4B,-2.0335822,1.5854831869267473e-112,-22.712
0,axo16.A5,-2.0135894,1.1173024683814998e-112,-22.729097
0,axo12.G1,-2.007239,5.473907389993622e-113,-22.762197
0,axo16.F1B,-2.1216457,3.929430325095464e-113,-22.778593
0,axo10.H2,-1.9972895,7.147061000780326e-114,-22.855093
0,axo11.G3B,-1.9587734,6.975888741798659e-114,-22.858183
0,axo16.C12,-1.9983038,2.1160078615362807e-114,-22.912338
0,axo10.B2,-1.9131658,1.3448640231155823e-115,-23.034298
0,axo10.C1B,-1.8995751,6.60007729078292e-117,-23.166882
0,axo10.H6,-1.924976,1.8856260798430797e-118,-23.32201
0,axo11.E2B,-2.1682973,1.135977362172935e-118,-23.346283
0,axo16.H4B,-2.0468638,1.4720694599279883e-119,-23.436235
0,axo10.B4,-1.8650098,1.2071566899626935e-119,-23.447622
0,axo16.D10,-2.0430472,1.1434869019391382e-121,-23.648275
0,axo10.D6B,-2.1171358,5.913399638069771e-122,-23.679468
0,axo10.E1B,-2.1510038,4.954152790930062e-122,-23.690596
0,axo11.D8B,-1.7761052,3.356035467621831e-122,-23.711014
0,axo10.A9B,-2.0194764,2.655580544598442e-122,-23.7253
0,axo10.C9B,-1.9376723,6.787774391102033e-123,-23.787569
0,axo10.C2B,-2.1538973,5.2242132571608134e-123,-23.804155
0,axo10.E7,-1.9021828,3.875640571696151e-124,-23.919424
0,axo10.F3,-2.039637,2.6618920537642197e-128,-24.323694
0,axo10.E3B,-2.203914,2.5282040170708913e-129,-24.429243
0,axo10.H3,-2.2151725,7.8930974594350235e-140,-25.409935
0,axo10.E12,-2.3509235,7.616092272664815e-143,-25.697086
0,axo10.H4,-2.1835139,9.148301160134653e-152,-26.509327
1,axo6.D7B,2.8895674,6.932593104827538e-72,18.28221
1,axo13.C2B,2.6246731,4.742224273823396e-64,17.198061
1,axo29.E6A,2.5550456,4.523786307651975e-62,16.910866
1,axo6.C12B,2.695876,2.547987168935292e-56,16.090996
1,axo6.H5B,2.866766,3.019397015434166e-56,16.076208
1,axo6.A2B,2.4320445,1.1127025186684209e-54,15.83968
1,axo29.G1A,2.5229201,9.417188811815134e-54,15.695026
1,axo29.E4A,2.579583,1.8959281252189036e-52,15.4947605
1,axo13.D7B,2.568525,1.0669519137075597e-51,15.375694
1,axo6.D4B,2.764824,7.537516933999054e-51,15.243882
1,axo6.D8B,2.714873,1.9317922361757182e-50,15.175825
1,axo29.D4A,2.3551993,2.776753963892765e-50,15.149978
1,axo6.B8B,2.6373837,6.744854674179004e-50,15.089567
1,axo13.C1B,2.4094398,1.1907726359158353e-49,15.050098
1,axo29.A1A,2.176707,1.7401409540618082e-49,15.023113
1,axo29.C8A,2.0638175,6.066667415449094e-48,14.775511
1,axo6.A7B,2.5528533,7.249790159334925e-48,14.761916
1,axo29.E5A,2.5610821,7.2865239597558e-48,14.760025
1,axo20.D11A,3.0447943,7.724624281489221e-48,14.75457
1,axo29.A11B,2.5839431,1.138137185899575e-47,14.725064
1,axo12.E10,2.4325335,1.138137185899575e-47,14.724365
1,axo29.F5A,2.4406898,1.138137185899575e-47,14.724036
1,axo29.G3A,2.6430845,1.3664290510112178e-47,14.710277
1,axo29.G11B,2.6666238,7.711035580516667e-47,14.591333
1,axo13.D5B,2.529347,1.5665901864670326e-46,14.541545
1,axo29.G6A,2.289087,1.6529333904219265e-46,14.536543
1,axo29.F10B,2.531407,2.1385665838999847e-46,14.517589
1,axo29.A6A,2.4176323,3.242581534208426e-46,14.4877405
1,axo29.F12B,2.7165284,6.0628745447733816e-46,14.443419
1,axo29.F4A,2.6987045,6.492591129081033e-46,14.437458
1,axo6.B1B,2.5884511,1.790222343554419e-45,14.363754
1,axo29.C11A,2.3999403,2.4242423802178495e-45,14.341566
1,axo6.B6B,3.2969627,2.9369022196953723e-45,14.32597
1,axo29.C9A,2.0853338,5.985868116348241e-45,14.274207
1,axo29.D5B,2.4763124,1.0744741261784887e-44,14.230161
1,axo29.G4A,2.5121498,1.1758970196498894e-44,14.222815
1,axo12.G7,2.4843094,1.5078927818616577e-44,14.204382
1,axo29.D5A,2.6002831,1.5675700889498974e-44,14.200654
1,axo29.B4A,2.0934563,2.0494100917884191e-44,14.180865
1,axo6.F2B,2.4168186,2.1458042745899226e-44,14.176658
1,axo20.G6A,3.0689552,2.2958922983600873e-44,14.170942
1,axo29.F12A,2.3957365,3.567072559690228e-44,14.13901
1,axo13.G12B,2.3191502,5.084635575513091e-44,14.113095
1,axo13.G5B,2.1777947,1.594935671370513e-43,14.029483
1,axo29.C1B,2.5220175,1.864349002734582e-43,14.017505
1,axo29.H4A,2.1688037,2.091816198878514e-43,14.007555
1,axo15.F6,2.2378528,2.9121618353633746e-43,13.983161
1,axo29.B9A,2.0439825,3.8731696761916604e-43,13.961576
1,axo6.C11B,2.4725823,3.8731696761916604e-43,13.961138
1,axo29.G2B,2.765711,4.171102163854846e-43,13.955011
1,axo29.H1A,2.213305,4.87437777718733e-43,13.942239
1,axo7.G5B,2.4349658,8.483272525709334e-43,13.901015
1,axo20.A5B,2.7523873,1.1146348115492815e-42,13.880595
1,axo15.E6,2.2835457,1.1146348115492815e-42,13.8798685
1,axo7.E1B,2.5132127,1.1287530438269562e-42,13.878183
1,axo7.E4B,2.5157776,1.1879546422084463e-42,13.873743
1,axo29.A5B,2.506329,1.3968610100590236e-42,13.861354
1,axo7.E7B,2.4407775,1.6390310117404347e-42,13.848362
1,axo15.D11,2.4366162,1.8404115464428767e-42,13.83929
1,axo6.G9B,2.5597956,2.5581552644233096e-42,13.814128
1,axo15.B1,1.9650897,2.6956637568701022e-42,13.809632
1,axo29.H1B,2.2136123,3.158737542088893e-42,13.79749
1,axo29.D10A,2.2374349,3.871548843600941e-42,13.7821
1,axo6.F11B,2.5766437,4.918620665087527e-42,13.764106
1,axo29.H2A,1.889461,5.670535742192827e-42,13.752429
1,axo20.B9B,3.1031923,5.75055473972152e-42,13.75073
1,axo13.B3B,2.232794,9.628066669911918e-42,13.712713
1,axo29.E1B,2.3389184,3.756802556597289e-41,13.611572
1,axo7.H3B,2.1785798,4.044638404865468e-41,13.605515
1,axo6.E5B,2.314967,5.941984221359021e-41,13.576708
1,axo13.H1B,2.4664433,6.330293859635494e-41,13.571418
1,axo29.D2B,2.5540218,9.734437372924012e-41,13.538554
1,axo6.H4B,2.5773463,1.1413819936269635e-40,13.526219
1,axo29.A2A,2.1701376,2.311710712868928e-40,13.472963
1,axo29.E12B,3.1018906,3.329594927624912e-40,13.444759
1,axo29.E2A,2.4881208,4.30569359671863e-40,13.424503
1,axo29.C2B,2.422744,6.3236307960053344e-40,13.394792
1,axo20.A2A,2.933911,7.170929129395742e-40,13.384856
1,axo6.B9B,2.261829,8.123988076553883e-40,13.374989
1,axo20.H1A,2.6075697,8.950953996314065e-40,13.36719
1,axo29.G4B,2.3611016,8.956596261721263e-40,13.36656
1,axo29.E4B,2.8292003,9.796479098059072e-40,13.35931
1,axo29.C12A,2.097989,1.0024609854224207e-39,13.357021
1,axo6.C4B,2.266165,1.3381270610846642e-39,13.334929
1,axo20.D8B,2.3631039,1.6119377519725676e-39,13.320471
1,axo29.C1A,1.8999212,1.9622425173567253e-39,13.305218
1,axo29.C5B,2.472069,2.5514725652497298e-39,13.285017
1,axo13.G9B,2.3022435,2.815187490445743e-39,13.277096
1,axo29.H5A,2.296128,5.2574109611808674e-39,13.229678
1,axo29.H3B,2.1153991,3.098185539928672e-38,13.094028
1,axo20.B2B,2.9222546,6.274127805949226e-38,13.039251
1,axo13.G10B,2.3792076,6.900596757414266e-38,13.031453
1,axo15.B9,1.92365,8.128167309500833e-38,13.01842
1,axo20.C8B,3.0899806,1.0116333777337984e-37,13.001165
1,axo6.C6B,2.86612,1.1327864615316596e-37,12.991983
1,axo13.H4B,2.6897945,1.8963365495738073e-37,12.951883
1,axo29.F3A,2.3240182,1.8963365495738073e-37,12.951446
1,axo15.C6,2.040332,2.3228650860217342e-37,12.935342
1,axo6.A3B,2.719253,2.8119821977538128e-37,12.92013
1,axo29.G12B,2.448991,3.4504035606755315e-37,12.903863
1,axo20.A2B,2.8159766,9.821067274458205e-37,12.822512
1,axo20.A4A,2.773272,1.2421380664153627e-36,12.803778
1,axo20.F4A,3.234095,2.12469761473003e-36,12.761526
1,axo6.D5B,2.428944,2.5194227706610415e-36,12.747739
1,axo6.E3B,2.4085417,3.5687792009297144e-36,12.720056
1,axo13.A11B,1.9695202,7.501447024819988e-36,12.661372
1,axo29.B5B,2.3251565,1.0908737814322368e-35,12.631441
1,axo12.B4,2.0645318,1.3821019130517342e-35,12.612309
1,axo20.B10B,2.9575775,1.4662049765256355e-35,12.607156
1,axo20.H12B,2.865514,1.7033966423302093e-35,12.594835
1,axo20.G5A,2.6532266,3.6693982605989897e-35,12.533645
1,axo12.C10,2.2183774,7.50634374781741e-35,12.476276
1,axo29.H12A,2.2735734,8.427869874176337e-35,12.466559
1,axo13.G11B,2.1014204,2.0742845547391722e-34,12.393103
1,axo13.D2B,1.918245,5.413739382749452e-34,12.314986
1,axo7.C8B,1.9909776,5.891557360885139e-34,12.307681
1,axo29.A12B,2.1204014,6.09216037084942e-34,12.3045025
1,axo20.H6A,2.8878849,7.712263651039856e-34,12.284973
1,axo12.A10,2.3589177,7.82758401744487e-34,12.2833
1,axo20.D4B,2.9544716,9.251156425513212e-34,12.269021
1,axo13.E12B,2.3464236,9.251156425513212e-34,12.268843
1,axo20.G11A,2.6510825,1.4341883600322953e-33,12.232361
1,axo15.F5,2.3738222,2.5847113732770636e-33,12.1839695
1,axo29.H11B,2.7642956,2.6719359365810756e-33,12.180803
1,axo20.C9B,3.0596097,3.0289588383701593e-33,12.170114
1,axo11.A5B,1.971404,4.5951125878616425e-33,12.1355915
1,axo20.E8A,2.8890781,4.9429222352963424e-33,12.129165
1,axo29.B2B,2.2949953,6.186684228622248e-33,12.10995
1,axo20.E5B,2.894874,6.186684228622248e-33,12.109868
1,axo13.B4B,1.9082943,9.455141040249549e-33,12.074578
1,axo20.E6A,2.6391685,9.544499809931683e-33,12.073359
1,axo6.F9B,2.243763,1.2859832095286656e-32,12.048362
1,axo7.C5B,2.1782825,1.4692351589362632e-32,12.036932
1,axo20.H6B,2.9060502,1.8121227892198575e-32,12.019171
1,axo20.D11B,2.7226162,2.1198048212297347e-32,12.005329
1,axo29.E2B,2.5249813,3.0006473992820557e-32,11.97611
1,axo15.A8B,1.9758316,3.612931020057363e-32,11.960268
1,axo13.D8B,1.8727802,3.929137903972323e-32,11.9528675
1,axo20.F3A,2.7298856,4.2015252595383967e-32,11.94644
1,axo12.B3,2.112939,8.662196570650259e-32,11.885715
1,axo29.E5B,2.6263306,9.437788731936275e-32,11.878122
1,axo10.C9B,1.793482,9.492262322788743e-32,11.877217
1,axo11.B1B,1.6889604,1.2843403318757419e-31,11.851329
1,axo29.F6B,2.4029093,1.2843403318757419e-31,11.8510685
1,axo12.C1,1.9821795,1.2962640486290515e-31,11.849876
1,axo29.E1A,1.7739563,2.104629321541434e-31,11.808776
1,axo29.A4A,1.859511,2.7495655187837467e-31,11.785862
1,axo20.D7B,3.0223818,3.218060328094023e-31,11.772184
1,axo7.G4B,2.4456294,3.62718776117587e-31,11.761673
1,axo29.H11A,2.125765,8.609132757970547e-31,11.688066
1,axo12.A1,2.5454717,8.671837693292429e-31,11.687037
1,axo15.A9B,1.7311606,1.064559476635488e-30,11.669194
1,axo20.G12B,2.325127,4.405608917980207e-30,11.547318
1,axo29.F5B,2.132584,5.033395075691253e-30,11.53545
1,axo6.G6B,2.0964663,8.77934488852713e-30,11.486661
1,axo7.D6B,2.4528718,9.981096034779473e-30,11.475163
1,axo10.C12B,2.261083,3.4195561395621643e-29,11.367088
1,axo15.D11B,1.9350184,3.4195561395621643e-29,11.366938
1,axo12.A8,1.8861232,3.735135766328023e-29,11.358824
1,axo15.A5B,2.0707576,4.560414993678082e-29,11.340967
1,axo12.D9,2.0749183,7.181537884539373e-29,11.299565
1,axo16.G6,1.5236512,1.1062308513583696e-28,11.261165
1,axo20.A12B,2.6285033,1.2666620120179943e-28,11.248831
1,axo29.H4B,2.128099,1.2819700765106115e-28,11.247377
1,axo20.C7B,2.4974253,1.5457560113238376e-28,11.230466
1,axo15.B1B,1.7796886,1.7559861770133507e-28,11.218803
1,axo15.G3B,2.1407838,2.0944571945334574e-28,11.202426
1,axo12.C4,1.8556825,3.061854198638683e-28,11.168357
1,axo13.G8B,1.948793,3.131047678271257e-28,11.165985
1,axo20.A7B,2.6125038,3.4371451650875304e-28,11.1573105
1,axo15.A11,1.7515703,4.27394179398579e-28,11.137535
1,axo15.A7B,1.97085,4.35167072202715e-28,11.135548
1,axo13.G3B,1.920419,4.41930735475788e-28,11.133793
1,axo15.G10B,1.7221766,4.500849646527065e-28,11.131409
1,axo7.B1B,2.0040033,5.137286531456593e-28,11.119239
1,axo20.B6A,2.9231732,5.590569871052409e-28,11.111318
1,axo29.B2A,1.8352911,7.378385464620403e-28,11.086143
1,axo29.F4B,2.0889473,8.190152910235318e-28,11.076426
1,axo10.D1B,1.720491,9.202397132541296e-28,11.065613
1,axo15.E11B,1.670131,9.671069425184412e-28,11.060788
1,axo6.F4B,2.166696,1.0050850093782642e-27,11.056965
1,axo15.B7,1.6923121,2.296403770419064e-27,10.98185
1,axo12.D7,1.7423359,2.5053891803860994e-27,10.973613
1,axo15.D5,2.2032418,2.759466863446237e-27,10.964513
1,axo11.D5B,1.830858,3.2454130965742414e-27,10.949466
1,axo6.E10B,2.1147053,6.325268669305242e-27,10.8881235
1,axo29.F11A,1.8769637,6.4429874441623445e-27,10.886081
1,axo13.D4B,1.6685504,7.905015681832367e-27,10.867073
1,axo15.A4,1.6939777,1.0398010594908136e-26,10.841308
1,axo20.A3A,3.0209444,1.2718637976425067e-26,10.822148
1,axo12.F5,1.8588017,1.3402030910091187e-26,10.816996
1,axo6.D12B,2.233963,1.3527060329335732e-26,10.81579
1,axo13.F6B,1.7834918,1.6465445203324668e-26,10.797399
1,axo29.C4B,1.9630648,1.835745307745017e-26,10.787051
1,axo20.C2B,2.984812,2.0425407400568254e-26,10.776882
1,axo20.E12A,2.8002815,2.3013554803050227e-26,10.765549
1,axo15.C5B,2.1735005,2.3149178412526606e-26,10.764658
1,axo13.F9B,1.7053968,2.442828786673846e-26,10.759354
1,axo12.C3,1.6888713,3.9261250442602184e-26,10.714841
1,axo15.B6,1.7733955,5.133614220047406e-26,10.6896515
1,axo29.G8A,1.586401,5.792593037316469e-26,10.678099
1,axo15.F10,2.087104,9.088780002153365e-26,10.635847
1,axo13.C7B,1.668328,9.91621524255592e-26,10.6273775
1,axo29.D4B,2.176687,1.6819745171412123e-25,10.57763
1,axo6.A12B,1.7611809,2.169921454571517e-25,10.553043
1,axo20.F2A,3.0396092,2.506890171370487e-25,10.539133
1,axo6.G10B,1.7524419,3.064721764725848e-25,10.519878
1,axo11.D8B,1.4474205,3.742190320981184e-25,10.500362
1,axo20.F7B,2.6645224,3.948238374793176e-25,10.494964
1,axo15.C9B,1.876779,5.6841337471917865e-25,10.460154
1,axo15.A2B,2.0288048,6.984171860537496e-25,10.440282
1,axo6.F8B,1.8056306,7.842587843670793e-25,10.428934
1,axo13.H6B,1.673943,1.4034324300933782e-24,10.372813
1,axo16.B12B,1.7655928,2.403786752767092e-24,10.320941
1,axo12.D6,1.883141,2.6266777648025127e-24,10.312088
1,axo21.F2B,1.9387671,3.2456804463148302e-24,10.291065
1,axo12.H7,1.907954,5.7717196883061664e-24,10.234492
1,axo13.C8B,1.5922031,6.252844343984984e-24,10.226406
1,axo15.B5B,1.6230087,6.642755637608234e-24,10.219883
1,axo15.B12B,1.7217644,1.050213772860297e-23,10.175055
1,axo15.C10B,1.7613126,1.1285051163533616e-23,10.167723
1,axo29.A3B,1.7624719,1.1794596926339311e-23,10.163091
1,axo16.A7B,1.6866573,1.5680388988331005e-23,10.134969
1,axo20.G8A,2.8249702,2.6829327506932717e-23,10.082014
1,axo13.F4B,1.6179588,2.991195555819715e-23,10.070995
1,axo21.E8A,1.8522086,3.195428143415442e-23,10.06417
1,axo29.H2B,1.9672667,4.419338371536197e-23,10.031882
1,axo13.D10B,1.6052428,4.744884693244067e-23,10.024536
1,axo20.B11A,2.873898,5.21565765118425e-23,10.014861
1,axo10.F1B,1.6303762,5.390758327371818e-23,10.0112705
1,axo29.D12A,1.5832934,5.469268448807589e-23,10.009516
1,axo29.B6A,1.5679266,5.583281022807633e-23,10.00683
1,axo20.E9A,2.71621,6.77521483532892e-23,9.987342
1,axo20.B12B,2.4761233,8.67396433519648e-23,9.962495
1,axo20.D6B,3.0166233,2.122144632905178e-22,9.872853
1,axo7.G6B,1.7229679,2.163875439054653e-22,9.870578
1,axo15.C3B,1.5832292,2.687042546132067e-22,9.848514
1,axo13.C4B,1.6153954,3.378960706781029e-22,9.825133
1,axo12.C6,1.6727786,4.0256389780852115e-22,9.807153
1,axo13.B2B,1.5555323,5.022465318622915e-22,9.784156
1,axo20.B5B,3.044403,6.601972934371455e-22,9.755815
1,axo13.H3B,1.5186942,7.241487005674216e-22,9.746112
1,axo15.E10B,1.5416893,9.233028979216567e-22,9.720457
1,axo15.C4,1.722274,1.199824327774141e-21,9.693431
1,axo13.E4B,1.4158709,1.2717799469773203e-21,9.687168
1,axo11.D7B,1.4369649,1.4650129786707186e-21,9.672079
1,axo15.F3,1.566703,1.630435700971457e-21,9.660814
1,axo12.G1,1.4972986,1.6979271314984944e-21,9.656346
1,axo10.A1B,1.6307518,1.7681937485802717e-21,9.651878
1,axo12.G9,1.5556879,2.5047824593173833e-21,9.615177
1,axo15.F9B,1.7101626,3.000163072648358e-21,9.596279
1,axo20.H3B,3.201762,3.3509686221449004e-21,9.584561
1,axo29.F10A,1.4817789,3.376664932030042e-21,9.583465
1,axo15.F3B,1.4580007,3.685482216773521e-21,9.574119
1,axo15.F10B,1.4605445,6.026143929587515e-21,9.522862
1,axo29.A9A,1.4604918,6.0369685991210774e-21,9.522369
1,axo15.D12,1.8156134,6.371836111982942e-21,9.51623
1,axo10.G9,1.3435518,6.5315136752337e-21,9.513269
1,axo20.F4B,2.8993952,9.939918424072302e-21,9.468894
1,axo12.D2,2.1779075,1.3004780220039941e-20,9.440168
1,axo15.F4,1.5823535,1.3048966789685072e-20,9.439511
1,axo15.C9,1.4112128,1.3814488016130197e-20,9.432933
1,axo10.C12,1.4845049,1.5437083944008907e-20,9.420681
1,axo29.G7B,1.6242902,2.0711006835498325e-20,9.389475
1,axo7.D4B,1.9126878,2.306584745552322e-20,9.377826
1,axo10.H2B,1.624849,2.7470754644982445e-20,9.359078
1,axo20.H10B,2.4924698,2.915607505538095e-20,9.352486
1,axo13.G6B,1.510084,3.657447442841913e-20,9.328188
1,axo12.B1,1.7244167,7.457974672530913e-20,9.251455
1,axo6.F6B,1.6267043,9.800758287073992e-20,9.221621
1,axo15.D8,1.3561915,1.211402904289584e-19,9.198281
1,axo20.F8A,2.0830882,1.7282737687879577e-19,9.159716
1,axo21.C9A,1.7553768,2.2748710323269023e-19,9.129717
1,axo10.C1,1.2946504,3.321109858636145e-19,9.088068
1,axo20.F10A,2.6255972,3.342272873029547e-19,9.087081
1,axo10.F7,1.6339713,3.3793090712792744e-19,9.0855875
1,axo6.H6B,1.7086414,3.664092357254711e-19,9.076488
1,axo6.C8B,1.6498817,4.0839893758664717e-19,9.064373
1,axo21.H10B,1.5218148,5.696142905395681e-19,9.027438
1,axo10.A11B,1.6889967,6.385110252916666e-19,9.014638
1,axo15.B8,1.5226401,7.110877297267982e-19,9.002537
1,axo20.E3A,2.2622807,2.5881252846603e-18,8.858158
1,axo15.G5,1.892925,2.7655180512539047e-18,8.85047
1,axo10.C10,1.5049573,3.0951550278959554e-18,8.837602
1,axo20.A1A,2.4196649,4.186363326852002e-18,8.803203
1,axo10.H10,1.1837957,6.2606241665782194e-18,8.757648
1,axo15.C12B,1.4102511,6.739467807754825e-18,8.749042
1,axo13.H12B,1.3780606,1.1195693409770623e-17,8.690989
1,axo15.A12B,1.5353816,1.3238388619883644e-17,8.671638
1,axo29.B7A,1.2481997,1.8152296127598286e-17,8.635334
1,axo15.H4B,1.3390691,2.0271410384004256e-17,8.62241
1,axo15.F2,1.4866769,2.0499970556973276e-17,8.620834
1,axo12.G10,1.467092,2.272565282646957e-17,8.608733
1,axo21.F1B,1.2929828,2.3478552341986535e-17,8.604704
1,axo15.G7B,1.362208,3.746710506978864e-17,8.549474
1,axo10.C8B,1.3201487,6.870470264895607e-17,8.478621
1,axo21.G3B,1.3991573,6.906854887140183e-17,8.477716
1,axo10.A6B,1.4417406,8.091652595113566e-17,8.4589815
1,axo21.F12B,1.4365699,1.0048228626305073e-16,8.432819
1,axo7.C3B,1.342368,1.1688394724545657e-16,8.414825
1,axo10.B9B,1.5667232,1.1772052579579869e-16,8.413702
1,axo21.F5A,1.6025171,1.3403188160957524e-16,8.397901
1,axo16.D8B,1.3305913,1.349281008750339e-16,8.3968315
1,axo21.G1A,1.6385807,1.4947342031613501e-16,8.384511
1,axo10.B8,1.2597506,1.984897088540871e-16,8.35051
1,axo10.B10,1.181507,2.921207036043361e-16,8.3044615
1,axo11.C6B,1.3034538,3.9587963071762356e-16,8.268007
1,axo15.F1B,1.2601904,5.359372828467598e-16,8.230662
1,axo10.F8B,1.4751927,6.700748917680858e-16,8.203294
1,axo10.B12,1.283401,7.088321388053921e-16,8.19625
1,axo21.G2B,1.5390362,1.038176671788994e-15,8.149092
1,axo15.H9B,1.2724035,1.4121365921845593e-15,8.110951
1,axo29.G10A,1.3356751,1.477521499898217e-15,8.105168
1,axo6.E12B,1.3926115,1.5457170803963767e-15,8.099399
1,axo21.H6A,1.6124113,1.5468445859760565e-15,8.099029
1,axo21.E9A,1.525665,1.5894932932756121e-15,8.095438
1,axo15.B6B,1.2393203,1.592279936461846e-15,8.094945
1,axo15.D2,1.2517217,1.6297430843961043e-15,8.091833
1,axo15.A3B,1.2036995,2.3805198897208678e-15,8.045005
1,axo12.D3,1.4867417,2.406935189576558e-15,8.043374
1,axo10.C2,1.276075,2.747096853667838e-15,8.026887
1,axo10.F9,1.1293564,2.852303061808944e-15,8.021995
1,axo10.G10,1.4544098,4.180547213909259e-15,7.973795
1,axo21.E12B,1.4032161,4.529858330628115e-15,7.9635987
1,axo7.F6B,1.3279573,5.559653914540983e-15,7.9376698
1,axo15.C7B,1.4866141,7.004219573323098e-15,7.9086843
1,axo16.E8B,1.2432289,7.143392636098286e-15,7.9059567
1,axo21.C8B,1.2863157,7.42525215315533e-15,7.900859
1,axo21.D8B,1.3160571,8.284673199843179e-15,7.886921
1,axo16.D6B,1.3774244,9.067148696880653e-15,7.875094
1,axo15.A10B,1.159883,1.0085548081745979e-14,7.861499
1,axo15.B10B,1.3743765,1.009652142186568e-14,7.861088
1,axo21.A12B,1.2034104,1.3358276342057247e-14,7.825675
1,axo15.E12B,1.2282438,1.4762067552998236e-14,7.81282
1,axo21.F4A,1.5464519,1.667250497181053e-14,7.7971964
1,axo10.E12,1.220988,2.494140278618535e-14,7.7459135
1,axo21.D9A,1.5361758,2.6062512287388885e-14,7.7397738
1,axo20.C1B,2.2714982,2.622859984949423e-14,7.7386913
1,axo8.B3A,1.2424389,4.26172389005399e-14,7.6756225
1,axo15.B7B,1.2389517,5.82803676487083e-14,7.635125
1,axo10.C8,1.1292163,6.540956658918635e-14,7.6199675
1,axo12.B7,1.2607315,6.679132834936728e-14,7.616994
1,axo10.B5,1.177958,7.132361383146512e-14,7.6082363
1,axo15.B11B,1.1924151,7.779618427980759e-14,7.5964503
1,axo10.H5,1.245357,8.325507693849267e-14,7.5873914
1,axo11.B5B,1.122864,8.839746736122475e-14,7.579073
1,axo21.A11A,1.5548885,1.234536051452591e-13,7.5345187
1,axo8.C12A,1.042638,1.448063903533009e-13,7.5134
1,axo15.C2,1.1356302,1.5074925859034532e-13,7.5078635
1,axo11.E11B,1.3352119,1.5490972660279657e-13,7.504026
1,axo15.G12B,1.3639629,1.5536779869008444e-13,7.5033684
1,axo10.A8B,1.216737,1.9089978165055802e-13,7.4757943
1,axo15.C1,1.2195686,2.128122694041052e-13,7.4609523
1,axo15.C12,1.218971,2.2245228147001361e-13,7.4543056
1,axo15.G8B,1.2620422,2.3584713208771183e-13,7.4460554
1,axo11.C4B,1.2335442,2.64528138322217e-13,7.4306235
1,axo11.B6B,1.3032151,2.716369046264331e-13,7.426581
1,axo29.D3B,1.2307492,3.355292018200308e-13,7.3983083
1,axo21.D1A,1.3620973,3.7137050159554507e-13,7.3845487
1,axo10.C1B,1.1015447,3.9482975404757927e-13,7.3758597
1,axo10.E7,1.1170343,4.4134194675861323e-13,7.3607435
1,axo21.D2A,1.407419,4.4262137991819345e-13,7.360072
1,axo21.G9B,1.5186404,4.817440442514678e-13,7.3482447
1,axo7.H7B,1.2191609,4.907971720613037e-13,7.3454905
1,axo15.A5,1.154031,9.341163180217444e-13,7.258123
1,axo11.A11B,1.0826595,9.885625936064697e-13,7.250188
1,axo10.D1,1.1139536,1.122431004066659e-12,7.232701
1,axo10.E3,1.0950936,1.3248030729460026e-12,7.209896
1,axo21.C2B,1.2611281,1.631507433091367e-12,7.180952
1,axo15.B9B,1.1092873,1.6485345596548788e-12,7.179266
1,axo10.F11,1.0404155,2.1162365760614524e-12,7.1447716
1,axo15.F4B,1.1182922,2.381864034707065e-12,7.1282434
1,axo10.D6,1.0602901,2.7041144128960103e-12,7.1096873
1,axo15.B12,1.1099788,3.4749303213084717e-12,7.0741925
1,axo10.G11,1.0250592,3.784993977839635e-12,7.0620637
1,axo10.A12B,1.2913426,4.2795656871398885e-12,7.044453
1,axo20.B1A,2.900369,4.7719252799855395e-12,7.029008
1,axo21.F1A,1.1300179,4.842109487164244e-12,7.0267057
1,axo15.C11B,1.4183791,5.206571835379865e-12,7.016304
1,axo16.B9B,1.1852134,5.348146432824845e-12,7.012288
1,axo15.F12,1.1654547,5.896019233769387e-12,6.9978437
1,axo11.A9B,1.1785406,7.74179278465618e-12,6.9590454
1,axo16.A8B,1.2871128,7.931377774180618e-12,6.955373
1,axo10.B11,1.0316865,1.000910993248208e-11,6.922235
1,axo11.C8B,1.0710571,1.0686098270180997e-11,6.9126964
1,axo10.D7,1.0672163,1.1131568132613289e-11,6.906639
1,axo13.H11B,1.1853925,1.4447850417683951e-11,6.8690057
1,axo16.D5B,1.2599818,1.5815958107425435e-11,6.855822
1,axo10.D10,1.2109385,1.656804023423094e-11,6.8489146
1,axo15.A7,1.0855647,1.9643599328905584e-11,6.8242464
1,axo15.D2B,1.0702784,2.024833543829504e-11,6.819628
1,axo21.A7B,1.1719759,2.1507374500521817e-11,6.8106923
1,axo21.G5B,1.3246012,2.9162444041615574e-11,6.7657
1,axo10.E5,1.14653,3.1090707488939804e-11,6.7561617
1,axo8.C10B,1.0695547,3.65490574261928e-11,6.7324114
1,axo11.D11B,1.0518943,4.047310217195708e-11,6.717035
1,axo10.E1,1.0239239,4.262691139493792e-11,6.7092094
1,axo15.A11B,1.0385282,4.6113110734750496e-11,6.6974645
1,axo15.D12B,1.0744613,4.752002364098318e-11,6.6925445
1,axo21.C7A,1.1992881,4.812874074536695e-11,6.69042
1,axo4.G3,1.1943239,5.865164240944701e-11,6.6609
1,axo21.C11B,1.2048807,6.867036230447007e-11,6.637424
1,axo21.G10A,1.3416009,9.5705451813772e-11,6.5875115
1,axo16.H7B,1.0468408,1.171656962510531e-10,6.5566077
1,axo16.E2,0.92629915,1.331922938913985e-10,6.5369277
1,axo16.A5B,1.091092,1.5252332764296547e-10,6.516357
1,axo8.G10A,1.1060971,1.5284173773216318e-10,6.5157814
1,axo21.H8A,1.0647892,1.8274206659535944e-10,6.4883857
1,axo15.H8B,0.91693395,1.911147267064325e-10,6.481369
1,axo15.C2B,1.2532434,2.3024914759380113e-10,6.452945
1,axo21.H3A,1.1871603,2.4881183698092934e-10,6.4409266
1,axo21.B2A,1.1867697,2.539825212589812e-10,6.4375415
1,axo10.B4,0.94992226,2.9249384415673254e-10,6.4155455
1,axo10.B2,1.033303,2.9249384415673254e-10,6.4155455
1,axo10.B6B,1.0472625,3.3120823376714896e-10,6.396057
1,axo21.H3B,0.9695271,3.640413529507471e-10,6.3813386
1,axo16.H3B,0.9988571,5.511909829956371e-10,6.3172555
1,axo10.B3B,1.0024391,6.086048750876378e-10,6.301125
1,axo15.G3,0.983952,6.192841110983391e-10,6.298165
1,axo21.E2A,1.1652026,6.238864327306102e-10,6.2967534
1,axo10.G3,1.013444,7.46935716922705e-10,6.2679873
1,axo21.B11B,1.1063106,9.366215897910737e-10,6.231327
1,axo10.G8B,1.0517569,1.1884705588637528e-09,6.1933923
1,axo10.H8,0.94398993,1.6782622754706212e-09,6.1377378
1,axo21.A4A,1.215488,2.4255245257218676e-09,6.07815
1,axo11.B3B,0.9507028,2.448782109971856e-09,6.0763545
1,axo10.D9,0.93424517,2.6349145332884293e-09,6.064061
1,axo16.B3,0.9755699,2.828120507234662e-09,6.0524125
1,axo10.A8,0.88091123,3.2823861468605773e-09,6.028114
1,axo21.E7B,1.1363328,3.6286943334565395e-09,6.0116134
1,axo21.E9B,1.216077,3.7381755705929656e-09,6.0065293
1,axo15.B5,0.96222526,3.909400311283389e-09,5.998731
1,axo2.E7,1.0248703,4.245144362722455e-09,5.984807
1,axo16.D6,0.9216492,4.699103235030443e-09,5.9674573
1,axo21.G7B,1.3716534,4.959498506937447e-09,5.9583845
1,axo16.D1B,1.0007069,5.1254769243944374e-09,5.9527383
1,axo10.C9,0.8763653,5.295972488209856e-09,5.947119
1,axo9.C1A,0.88956356,5.5004251453941635e-09,5.940651
1,axo11.C11B,0.9072421,6.641716149723375e-09,5.9094043
1,axo21.D7A,1.1765577,6.706543055416141e-09,5.9075403
1,axo8.A1A,1.0107262,6.8752242201844004e-09,5.903182
1,axo21.D12A,1.2168218,7.844871831813322e-09,5.8805966
1,axo16.F5B,0.925717,8.377249884367012e-09,5.8691945
1,axo16.A9B,0.9314107,8.544939039818301e-09,5.865645
1,axo10.D2,0.91097146,8.573139105336438e-09,5.864836
1,axo13.F5B,1.0046053,9.153583974880909e-09,5.8536944
1,axo21.C3B,1.189802,9.383423453949945e-09,5.849309
1,axo15.B4B,0.905925,1.0333099611470124e-08,5.832466
1,axo16.D10B,0.9416115,1.1907886483005406e-08,5.808236
1,axo4.F4,0.97688913,1.2186739527338033e-08,5.804097
1,axo8.E3B,0.85615313,1.3676998968387806e-08,5.784472
1,axo16.E12B,0.9607193,1.409324818808493e-08,5.7791686
1,axo10.D3B,1.0058892,1.4614264317960438e-08,5.7727957
1,axo8.E10B,0.88724136,1.4879297929435015e-08,5.7695065
1,axo15.C8B,0.93415684,1.5848842673990417e-08,5.758598
1,axo21.C2A,1.1368405,1.6087243315156656e-08,5.7558155
1,axo21.D3A,1.2217379,1.7470668417070362e-08,5.7413435
1,axo21.G8A,1.1784343,1.8857869975385336e-08,5.727872
1,axo10.A10B,1.0675286,1.9287500379713816e-08,5.723788
1,axo15.D10B,0.9016077,2.4245750832108254e-08,5.6840305
1,axo21.B4A,1.0844691,2.4433068534716007e-08,5.6824546
1,axo21.H6B,1.0394992,2.4513541930434312e-08,5.681632
1,axo10.C7B,0.8880711,2.737344527741884e-08,5.662473
1,axo11.F7B,0.9344892,2.9367392081122294e-08,5.650139
1,axo15.D6B,0.85375786,3.0308908422024135e-08,5.6444516
1,axo10.G2B,0.98588836,3.0967595318379564e-08,5.640491
1,axo11.C2B,0.78520733,3.3183233204256475e-08,5.628061
1,axo16.E5B,0.935876,3.4447607585244606e-08,5.6213455
1,axo8.C4B,0.9184514,3.515437813852197e-08,5.6175766
1,axo10.A1,0.81113356,3.9079755762147714e-08,5.5987325
1,axo21.G12B,1.1695539,4.955070151077117e-08,5.5566454
1,axo8.C11A,0.80625504,5.2048033449546985e-08,5.5477924
1,axo21.B3B,1.0828774,5.327751982083804e-08,5.5431876
1,axo14.G10A,1.0958315,5.536032158789098e-08,5.536212
1,axo29.E8B,0.8943749,5.61676094480658e-08,5.533156
1,axo21.E11A,1.1678845,5.7969232309058767e-08,5.5273585
1,axo21.G1B,0.9569943,6.502931973979636e-08,5.5063767
1,axo16.C5B,0.95995843,8.112682472130644e-08,5.46677
1,axo9.C10A,0.8395325,8.272214901861607e-08,5.463056
1,axo15.D4B,0.8781839,8.321602796588632e-08,5.4617405
1,axo21.C1B,1.0589912,8.391346144089515e-08,5.46
1,axo16.B2B,0.9763895,9.382681290393854e-08,5.439882
1,axo9.E6A,0.87554353,1.0289607948687649e-07,5.4226413
1,axo15.E4,0.8921276,1.0579343054374842e-07,5.417159
1,axo16.A8,0.8388907,1.1589782622312731e-07,5.4003024
1,axo21.B9A,1.1759268,1.215999072991102e-07,5.391422
1,axo21.H7B,1.3437846,1.3717826021818508e-07,5.368946
1,axo21.H1B,1.1490818,1.4076139271913607e-07,5.363519
1,axo16.G11B,0.9172097,1.4730670120703202e-07,5.3550496
1,axo21.E10A,0.8894636,2.225628598132534e-07,5.2791533
1,axo21.F7B,1.1717492,2.3007338424085156e-07,5.272808
1,axo21.F9A,0.9527909,2.8884616652010164e-07,5.2301316
1,axo21.C4B,0.9460926,3.167741642082953e-07,5.212521
1,axo10.B1B,0.81842166,3.323471892514502e-07,5.203202
1,axo16.D3B,0.9338406,3.449287517289737e-07,5.1959248
1,axo21.C11A,0.7791352,3.5198627606237917e-07,5.1918955
1,axo21.A4B,0.872613,4.2392759422299394e-07,5.156647
1,axo21.D5B,1.0154456,4.5545640272116983e-07,5.142408
1,axo15.A12,0.822896,4.6221664660365023e-07,5.139379
1,axo21.E4A,0.78124446,5.299649457182439e-07,5.1133537
1,axo15.F7B,0.78850716,5.414273422176736e-07,5.1090508
1,axo21.B8A,1.0451242,5.745642438164355e-07,5.0975523
1,axo11.E5B,0.8326373,9.325827145589526e-07,5.0039907
1,axo16.F5,0.79308695,9.868080174818516e-07,4.992561
1,axo11.F3B,1.0166845,1.0629575583446287e-06,4.9779243
1,axo15.G4B,0.79262304,1.1263599271595343e-06,4.9661655
1,axo21.B7A,1.0207129,1.3957143160919178e-06,4.922804
1,axo16.G10B,0.81272054,1.4925446847441987e-06,4.909401
1,axo21.E5B,0.9983865,1.6678596885183141e-06,4.887309
1,axo10.F6,0.72721493,1.9682926956957475e-06,4.8537874
1,axo14.C12A,0.7256604,2.217180598597925e-06,4.8295984
1,axo15.D5B,0.77889204,2.315584022766453e-06,4.820677
1,axo21.E12A,0.97428906,2.7268091680166934e-06,4.7874293
1,axo11.B10B,0.78249466,3.1010581167233877e-06,4.7610064
1,axo16.C10B,0.8152895,3.1210013774793864e-06,4.759444
1,axo10.G8,0.7499285,3.190908881530123e-06,4.7547026
1,axo21.F9B,0.9583754,3.4857991883192833e-06,4.7365437
1,axo16.H10,0.8009423,3.6910329599122436e-06,4.724662
1,axo10.H7,0.72042555,4.502060138830218e-06,4.6838627
1,axo10.B9,0.6942861,5.936190067834602e-06,4.62607
1,axo21.A5A,0.81633866,6.2299358372618845e-06,4.615778
1,axo21.D4A,0.83817744,6.620735195491002e-06,4.6028543
1,axo11.B7B,0.63864845,7.082194385547218e-06,4.588533
1,axo16.D11B,0.7008658,7.65906019376457e-06,4.571882
1,axo2.D12,0.7576071,7.704771994718183e-06,4.5703607
1,axo21.G5A,0.8693177,9.230761665927394e-06,4.5317955
1,axo16.A6B,0.81154,1.001499740269945e-05,4.5142674
1,axo10.F8,0.69970924,1.0245890012916713e-05,4.5088816
1,axo16.H6,0.67786604,1.2028962227088738e-05,4.4744415
1,axo21.H8B,0.7599624,1.3226928667101633e-05,4.453638
1,axo21.F3B,0.8775515,1.4289120535659719e-05,4.4366717
1,axo21.B8B,0.88014877,1.4647677463224947e-05,4.4310527
1,axo16.H2B,0.71311164,1.5780213260723115e-05,4.414689
1,axo15.A9,0.740954,1.7352720788716896e-05,4.393255
1,axo3.H2,0.69492805,1.805835716877825e-05,4.384306
1,axo21.G8B,0.8395861,1.8113702961943403e-05,4.3833604
1,axo16.B10B,0.7791402,1.893536948802522e-05,4.3734107
1,axo16.E9B,0.7370583,2.2168338290257503e-05,4.338327
1,axo16.H5B,0.76620805,2.4833516869941728e-05,4.312178
1,axo8.D11A,0.6625689,2.637541015458443e-05,4.2982817
1,axo16.G5,0.7198651,2.783247963306894e-05,4.285783
1,axo21.A3A,0.7167068,2.930003018005165e-05,4.2740655
1,axo3.H1,0.6642142,3.081058207276026e-05,4.2620053
1,axo21.C6A,0.85172486,3.1445112345910984e-05,4.257168
1,axo21.B12B,0.8279555,3.14518779600764e-05,4.256839
1,axo10.B4B,0.6925623,3.434556989106754e-05,4.2368298
1,axo15.A2,0.7693636,4.118730820883805e-05,4.195277
1,axo21.H2A,0.7063806,4.362051479979675e-05,4.181682
1,axo21.D5A,0.8707313,4.422488545018507e-05,4.17827
1,axo16.A1B,0.74565417,4.461101593770363e-05,4.176008
1,axo16.G11,0.6563348,4.6399150200199006e-05,4.1667714
1,axo21.F5B,0.7487753,4.8810856451561094e-05,4.154917
1,axo15.A6B,0.6830879,5.034762392196649e-05,4.147256
1,axo10.C3,0.65330195,5.210318774363362e-05,4.1391153
1,axo16.B7B,0.6949259,5.515566764791348e-05,4.1254654
1,axo10.C6,0.63867146,5.866784847899083e-05,4.1109524
1,axo11.C3B,0.639035,6.331770981863722e-05,4.0927386
1,axo21.B6A,0.7941499,6.933576391642072e-05,4.0710716
1,axo21.B6B,0.753769,8.284784649620564e-05,4.028834
1,axo10.A4,0.634534,8.929869029677177e-05,4.010881
1,axo10.D6B,0.657468,9.502226977838401e-05,3.9959016
1,axo16.G6B,0.6645783,0.00010904268224157048,3.962599
1,axo10.B3,0.61611414,0.00011881187988117256,3.9417818
1,axo21.D7B,0.5971938,0.00013752907491529828,3.9050944
1,axo16.B6B,0.72060657,0.0001433851279826445,3.8947062
1,axo15.A6,0.657705,0.000157867595884926,3.8710244
1,axo21.F6A,0.65595585,0.00015805580114044282,3.8701475
1,axo10.H4,0.60774815,0.00016174413406201622,3.864227
1,axo8.A12B,0.5996662,0.00020972217690944244,3.7988555
1,axo21.C12B,0.6406517,0.00022033736990082005,3.786302
1,axo21.C6B,0.723002,0.0002520661793828165,3.7524242
1,axo15.C6B,0.6686006,0.0002966702252062438,3.7107894
1,axo8.C6B,0.5710761,0.0002972502006102095,3.7099946
1,axo10.A11,0.61450773,0.00030855183751351986,3.6999352
1,axo9.F12A,0.5877933,0.00035499716109996455,3.6629875
1,axo15.H10B,0.6357474,0.00039943488437624134,3.6320696
1,axo21.F4B,0.60177547,0.0004080259480070677,3.6262724
1,axo21.C3A,0.6519557,0.0004133121121070724,3.6223392
1,axo16.C8,0.583644,0.0004162108146079996,3.6202288
1,axo11.G2B,0.5812344,0.000423745393522995,3.6152813
1,axo16.A12B,0.59356606,0.00047786111598642527,3.583418
1,axo16.B3B,0.6543596,0.0005243877110174795,3.5584755
1,axo16.D9,0.6175125,0.0006070999658764633,3.519198
1,axo21.B1B,0.6226202,0.0006681727088288297,3.4933782
1,axo21.F8A,0.57073414,0.0006722456478034552,3.4914458
1,axo16.E9,0.60156405,0.000674160375458799,3.490377
1,axo15.E5B,0.6289883,0.0007519194631005382,3.4607885
1,axo21.B12A,0.51656723,0.0007919299361385165,3.4464946
1,axo21.D12B,0.5595512,0.0008214391974631345,3.4362845
1,axo8.C5A,0.5657925,0.0009023615388239669,3.4098072
1,axo8.F12A,0.58685994,0.0009466459261852235,3.396404
1,axo2.G8,0.6745767,0.0009582824689799984,3.3927448
1,axo16.H6B,0.52356553,0.0010155706365023213,3.376491
1,axo8.B9B,0.5776751,0.001130749604102965,3.34619
1,axo21.G4B,0.5495409,0.0011362901904807404,3.344518
1,axo9.H5A,0.5597435,0.0012215637865772993,3.3234403
1,axo9.A3A,0.5102913,0.0012657941173708513,3.313189
1,axo16.A6,0.5686668,0.0013426506792773593,3.2960308
1,axo2.C2,0.5325214,0.0014014120282852098,3.2833402
1,axo15.C4B,0.5739219,0.0014285479343756678,3.2776117
1,axo21.A9B,0.5721887,0.0015388718841624837,3.255273
1,axo21.B5A,0.60867435,0.0015979442310593347,3.2442408
1,axo16.E2B,0.55678844,0.001726569524121596,3.221162
1,axo10.F1,0.4897271,0.0017934210997825337,3.209938
1,axo11.E2B,0.52028465,0.0018705390917529638,3.1974943
1,axo10.F5,0.46956128,0.0020236459077261067,3.1740866
1,axo10.H1,0.53074074,0.002081571661065001,3.1655622
1,axo10.G5,0.5170142,0.0020931121578280664,3.16363
1,axo9.A7A,0.47982094,0.0021420565234375184,3.156572
1,axo16.A7,0.5017782,0.0023918114752024687,3.1239412
1,axo3.B7,0.4829226,0.0024027740537422636,3.1222692
1,axo3.E2,0.50602895,0.0025398294739286155,3.105248
1,axo16.G4,0.49027967,0.0033123158590500344,3.0251715
1,axo9.E4A,0.5648158,0.003451134425192626,3.0123987
1,axo21.D11B,0.5114011,0.003528515890840852,3.0053272
1,axo4.G2,0.4421488,0.0036351453156025625,2.9959257
1,axo16.C1,0.525007,0.003802840949030642,2.9818099
1,axo9.A6A,0.5262471,0.0039174896755995395,2.9723673
1,axo21.A8B,0.47145146,0.0039187927105844,2.9719288
1,axo8.F11A,0.4713452,0.004190512191786752,2.950947
1,axo21.G6B,0.5444066,0.004344485788186691,2.939106
1,axo16.D4B,0.45399538,0.004639956557161172,2.9179735
1,axo21.A1A,0.5169922,0.004701750450590809,2.9135058
1,axo21.C1A,0.48555747,0.0048406489894892895,2.9040632
1,axo8.E6B,0.4353082,0.00510198208019484,2.8872201
1,axo21.A11B,0.42535648,0.0067956412412976145,2.7947683
1,axo14.E8A,0.43452975,0.006983708727711602,2.78523
1,axo8.F3B,0.392935,0.00886158971149567,2.7060306
1,axo11.B4B,0.44641832,0.008962609372629072,2.701549
1,axo9.H8A,0.52760565,0.008992551641822713,2.7000828
1,axo16.F8B,0.4497201,0.009087811808070105,2.696218
1,axo2.C3,0.42071542,0.009893099925985326,2.6670957
1,axo16.B10,0.45041323,0.009915625903724747,2.6659718
1,axo16.G1B,0.46051693,0.01020075708548027,2.655707
1,axo21.A10A,0.4490422,0.011001276537009481,2.629764
1,axo21.H11B,0.47806066,0.011314511416836122,2.6198418
1,axo21.D9B,0.44678476,0.01132865830647656,2.6189098
1,axo21.D8A,0.42801595,0.01132865830647656,2.6186907
1,axo21.E6B,0.45944935,0.012630241696232194,2.5810027
1,axo10.D2B,0.42892092,0.012720921605409672,2.5781658
1,axo14.G3A,0.43533844,0.012826903718963053,2.5749316
1,axo11.B9B,0.4901714,0.014368289670431607,2.5339546
1,axo3.E7,0.40416425,0.014490147496249443,2.5306244
1,axo8.G11B,0.40299472,0.014557728044977312,2.5282533
1,axo2.D8,0.37164354,0.014661533282440202,2.5253892
1,axo16.E4B,0.40896928,0.015111873528990004,2.5143707
1,axo14.H9A,0.43045998,0.015310951486189453,2.509382
1,axo3.H7,0.4208201,0.015495507567094767,2.5047226
1,axo21.E4B,0.40535918,0.015495507567094767,2.5044072
1,axo8.D4A,0.3865534,0.01642498866801918,2.482987
1,axo21.H10A,0.40902284,0.01669476792017547,2.4768062
1,axo21.G11A,0.3434755,0.017314538340546873,2.462649
1,axo9.H7A,0.43033487,0.017533884910563718,2.4573865
1,axo2.A4,0.39969927,0.01764782323280528,2.4546866
1,axo10.A2,0.3775069,0.017925419385468124,2.4486978
1,axo16.H12,0.43662682,0.018958236638810223,2.4277022
1,axo21.A6B,0.44800735,0.019036741377081372,2.4254546
1,axo14.E4A,0.40667948,0.019167741997371857,2.4225903
1,axo3.D7,0.3535146,0.019633684343091366,2.4134767
1,axo16.D4,0.3979676,0.020321710329261743,2.399772
1,axo2.E11,0.37770703,0.02280697991714825,2.3560953
1,axo21.C4A,0.385866,0.02442807013149187,2.3297138
1,axo16.B1B,0.35129803,0.02549847798084111,2.3130488
1,axo16.D12B,0.39457104,0.02723501510273579,2.2875032
1,axo14.E2A,0.33322084,0.028639541543152874,2.267933
1,axo8.E6A,0.4117767,0.02921627012895978,2.259902
1,axo16.H10B,0.43017706,0.029849636213229655,2.2512681
1,axo2.E6,0.36064285,0.030317665299500123,2.2448816
1,axo2.D4,0.37528557,0.030354352344508263,2.2438538
1,axo2.B1,0.34744513,0.03264398153812907,2.2150328
1,axo16.C6B,0.38724872,0.033197930743850565,2.208071
1,axo21.B9B,0.37379372,0.033523192602752216,2.2038636
1,axo21.D1B,0.36635467,0.03428095444060706,2.1943114
1,axo3.C1,0.33465734,0.03489716305880427,2.1869109
1,axo16.F6,0.37286994,0.035499468013899735,2.1793733
1,axo16.D5,0.45433575,0.037137984588609285,2.1607075
1,axo8.A1B,0.31287634,0.037851955207438615,2.1527314
1,axo16.C11,0.40137786,0.038628822417789116,2.1430285
1,axo9.G11A,0.43031535,0.039386868572280714,2.134847
1,axo8.E4A,0.31629938,0.04158223386589549,2.1126041
1,axo8.C2B,0.38413903,0.041590289248179715,2.1121244
1,axo10.B11B,0.4353189,0.04233601495679029,2.1037235
1,axo9.G6A,0.41959667,0.04603666897085271,2.0678995
1,axo15.E1B,0.42798728,0.04787354221891871,2.0509605
1,axo21.F6B,0.2925407,0.047975716441424045,2.0496721
1,axo21.B4B,0.37882003,0.0490850805995766,2.039791
1,axo16.F4B,0.3211303,0.04917794773479676,2.0385988
1,axo21.H5A,0.3030578,0.04970971769667862,2.03372
1,axo11.G3B,0.42370853,0.05027967555321866,2.0281558
1,axo21.A2A,0.3100173,0.05088960415931301,2.022715
1,axo16.E11,0.39901355,0.052945297416390244,2.0057075
1,axo4.F1,0.28079864,0.053035220275692546,2.0045838
1,axo21.C8A,0.3482515,0.0535385282844584,1.9997872
1,axo14.D1A,0.317182,0.05586598984310311,1.9813818
1,axo8.F1B,0.34067333,0.056425660002847836,1.976736
1,axo9.A1A,0.38572812,0.05864496301218313,1.9590431
1,axo10.B7,0.38825905,0.06164900319763391,1.9367456
1,axo10.G7B,0.32565534,0.06218960711232036,1.9321408
1,axo21.E6A,0.34351483,0.06280239901334111,1.9274813
1,axo8.A3B,0.36727405,0.06291688434791264,1.9262753
1,axo16.H12B,0.29979044,0.06458782657050839,1.9144756
1,axo16.C11B,0.30419073,0.06833959535526754,1.8885189
1,axo3.H3,0.25867006,0.07108594233743722,1.8707165
1,axo16.E12,0.35227552,0.07162030673068198,1.8669751
1,axo15.D8B,0.3748923,0.07336911851789865,1.8558332
1,axo16.B2,0.36945724,0.07551255408303231,1.8425534
1,axo16.H1B,0.32550165,0.08123872300339575,1.8083328
1,axo10.H9,0.39329186,0.08698270512303218,1.7762775
1,axo9.D11A,0.3057332,0.08989383290476603,1.7606679
1,axo16.F12,0.35337377,0.09039044334743344,1.7576803
1,axo8.B9A,0.26607543,0.0915225949651079,1.7514721
1,axo15.E8B,0.36611038,0.09488753417005784,1.7342179
1,axo14.D8A,0.26074597,0.09696107423539682,1.7236515
1,axo16.E1,0.3358075,0.09756450621074572,1.7202939
1,axo2.B7,0.23300666,0.10161216462361244,1.7006688
1,axo9.D5A,0.27332342,0.10177501102843124,1.6994628
1,axo16.D11,0.35594127,0.1128837434601408,1.6489474
1,axo15.G6B,0.34542218,0.11976120159082121,1.6187696
1,axo8.C1A,0.27952608,0.12209391965717038,1.6088337
1,axo8.A4B,0.2543687,0.12290950333566955,1.6050924
1,axo8.E8B,0.28882203,0.12370511852428033,1.6014469
1,axo4.H8,0.21617475,0.1407603564500676,1.5358425
1,axo9.A10A,0.36819512,0.15350335684028507,1.4904389
1,axo8.B10B,0.28828818,0.15390475180517474,1.4886025
1,axo10.G1B,0.33479533,0.15461179074808612,1.4852586
1,axo2.H1,0.17804693,0.16207836495712477,1.4601517
1,axo16.H4,0.32277372,0.16860835463417398,1.4388272
1,axo3.D1,0.20338054,0.18270948513318805,1.3943417
1,axo2.E1,0.17285927,0.18564123242141214,1.3852144
1,axo8.D12B,0.26224425,0.18858442262943856,1.3756486
1,axo16.D7B,0.16699879,0.1892926146889797,1.3730994
1,axo16.G3B,0.2313056,0.2029834884918854,1.3330956
1,axo9.G10A,0.28200454,0.2036978525529202,1.3306286
1,axo14.H12A,0.10719252,0.20417777884250266,1.3288059
1,axo15.H6B,0.40773597,0.20871565872917072,1.3160058
1,axo10.C2B,0.1701669,0.2198189930127177,1.2862256
1,axo10.H6,0.2722532,0.2313975643479964,1.2563082
1,axo16.D1,0.27337727,0.23182930244324707,1.2547047
1,axo8.G12A,0.28867802,0.23203016238424481,1.2536769
1,axo15.E2B,0.24051149,0.23553352703507888,1.24444
1,axo9.D10A,0.1785791,0.23553352703507888,1.2439466
1,axo4.H10,0.16038889,0.24284260139651653,1.2250752
1,axo10.H2,0.1972954,0.24829618896110228,1.2104249
1,axo16.G8,0.31843626,0.25015298291778404,1.2054912
1,axo21.H4A,0.23460782,0.25094770112732556,1.2030792
1,axo10.A4B,0.2951119,0.252828880377158,1.1981181
1,axo8.E9B,0.19501738,0.2604776234462119,1.1787397
1,axo8.A5B,0.20680429,0.26104155958137454,1.1769032
1,axo16.G4B,0.24139285,0.2707369217512852,1.1532902
1,axo16.C4,0.28632802,0.2938641806381093,1.1018428
1,axo16.A11B,0.12859382,0.3056573287486821,1.0760779
1,axo21.D2B,0.18712555,0.31130128889752284,1.0633737
1,axo21.B5B,0.13778146,0.3129077716396379,1.0595363
1,axo16.G8B,0.16673197,0.33381566438285104,1.015654
1,axo9.E10A,0.20299867,0.33903743287042426,1.0049506
1,axo16.B1,0.29041255,0.34694208499442064,0.98923135
1,axo8.B11B,0.19337708,0.3608105952057773,0.9614245
1,axo14.C4A,0.12470255,0.37117180352753704,0.94118273
1,axo15.H5B,0.2804105,0.3979436561606292,0.8922296
1,axo21.A3B,0.13510792,0.40812495003654903,0.873975
1,axo2.A1,0.12208932,0.4272026050559439,0.8384799
1,axo3.A7,0.16738337,0.43549251036012193,0.8234047
1,axo10.G6,0.22871463,0.43757682913946705,0.8193207
1,axo21.A12A,0.08256571,0.45502039869688954,0.7895267
1,axo21.B1A,0.095011435,0.4671918735189019,0.7686956
1,axo16.E7,0.25590497,0.47372140685642555,0.757677
1,axo10.A9,0.2733156,0.47608303319489353,0.75329155
1,axo11.D1B,0.2882894,0.48052457884253796,0.74564433
1,axo10.C7,0.22941037,0.48622181196966013,0.73540694
1,axo16.E4,0.2325869,0.4919168673634344,0.7258822
1,axo2.C1,0.156417,0.5034321028667856,0.70612
1,axo3.B8,0.08321792,0.5137328386809361,0.6890577
1,axo21.D4B,0.1724901,0.5238928514646631,0.6723517
1,axo21.H12A,0.056608777,0.5369359945833801,0.6521784
1,axo2.H12,0.095077224,0.5448227909341647,0.6384326
1,axo9.G5A,0.13683532,0.586903351805393,0.5760626
1,axo9.C8A,0.18682945,0.6113577010523721,0.54012895
1,axo21.H4B,0.015208465,0.6122255841083845,0.53818285
1,axo10.E5B,0.21570987,0.6426757378912548,0.49460196
1,axo16.A10,0.18670125,0.6504549331086574,0.48322707
1,axo21.F8B,0.0037608424,0.6547124348081317,0.47667626
1,axo14.G1A,0.0340484,0.6829707255401202,0.43783718
1,axo11.C10B,0.21456487,0.6892567437451912,0.4278876
1,axo16.D10,0.16637745,0.7205925953343627,0.3840737
1,axo16.C3,0.14808819,0.7271400579013799,0.374686
1,axo2.C4,-0.031381678,0.7318232833224654,0.36775145
1,axo8.F4B,0.11608018,0.7679327988413399,0.31677002
1,axo10.C5B,0.25179327,0.768856361748272,0.31474173
1,axo9.D2A,0.1609026,0.7692907198004305,0.31334385
1,axo16.E5,0.20982476,0.7791068538805583,0.29985845
1,axo16.C10,0.16904943,0.7798670309237593,0.2980357
1,axo8.B5A,0.17077084,0.7859465918696343,0.28937435
1,axo14.E9A,0.0345781,0.8201351495928166,0.24135315
1,axo16.A3,0.12458079,0.8413392900143302,0.21354635
1,axo9.F10A,0.16060029,0.8606922602716569,0.1881927
1,axo10.H3,0.068762265,0.86600237526066,0.17876387
1,axo4.H6,-0.09337244,0.8807481193724811,0.15741198
1,axo8.G11A,0.08096848,0.9167356249992926,0.110898286
1,axo16.H7,0.12423185,0.9458338653853211,0.07285409
1,axo16.F1B,0.0070564747,0.9542622903152577,0.06032801
1,axo15.A1B,0.16852367,0.9743924093410168,0.03311051
1,axo8.F2B,0.025113206,0.9876660885754569,0.015458881
1,axo15.E3B,0.20243229,0.9705915269786842,-0.038880184
1,axo16.A3B,0.16580018,0.9530612599783751,-0.06282226
1,axo14.F1A,-0.045396324,0.9167356249992926,-0.11028158
1,axo15.D1B,0.0627568,0.86721615338698,-0.17540622
1,axo8.G3B,0.15788046,0.8661048708487566,-0.17772232
1,axo10.A5,0.086337835,0.8641940307801708,-0.18195707
1,axo9.G4A,0.09754122,0.8618626093660261,-0.18580808
1,axo8.H12B,0.0732253,0.8148500770283379,-0.24895926
1,axo15.H12B,0.10546746,0.8069693172215059,-0.25988188
1,axo21.A1B,-0.04859941,0.7991317387776872,-0.2707634
1,axo4.F2,-0.039006535,0.7917335368235989,-0.28109673
1,axo16.D7,0.1461785,0.7662221641195059,-0.31981245
1,axo15.B3B,-0.007180339,0.7648934798168012,-0.32236153
1,axo2.D10,-0.057273775,0.757980711270465,-0.33211926
1,axo10.F3,-0.01454744,0.7450707556312307,-0.34967497
1,axo3.G6,-0.11835232,0.6916806413689182,-0.42309093
1,axo4.H12,-0.17714031,0.6916109429492612,-0.42396805
1,axo10.E3B,-0.06948226,0.6880341786307823,-0.4302996
1,axo16.G9,0.001786735,0.6144873594820562,-0.53429073
1,axo16.A4,0.049176358,0.597726847999728,-0.5600007
1,axo9.C9A,0.029190978,0.5769393426858129,-0.5910144
1,axo9.A2A,-0.040028863,0.5411640723953859,-0.6445312
1,axo14.A8A,-0.008209056,0.5384110039190256,-0.6493004
1,axo3.F5,0.088423,0.5138748715936403,-0.6881669
1,axo10.E4,0.040855303,0.5137328386809361,-0.6896333
1,axo10.A6,0.11428141,0.495208090514659,-0.7194547
1,axo9.F5A,0.15182202,0.49336248328436544,-0.7229768
1,axo2.E4,-0.083773024,0.48107457532690756,-0.7441231
1,axo16.A5,0.042316537,0.4631198566674114,-0.77584946
1,axo15.G11B,0.15537147,0.4469813863123717,-0.8032314
1,axo10.E1B,-0.13910788,0.4300878442164882,-0.8330254
1,axo10.C3B,0.018654782,0.4154667423984562,-0.85892725
1,axo23.E10B,-0.13903807,0.41530945116836565,-0.85981804
1,axo10.G1,0.140574,0.41471776261858473,-0.8614489
1,axo10.B10B,0.08946508,0.41215143710638,-0.8664511
1,axo8.H7A,0.03909313,0.3966243231376557,-0.8951487
1,axo8.H4B,-0.07957428,0.36537697343569525,-0.9523932
1,axo9.A11A,-0.050907515,0.35734985811155345,-0.9684551
1,axo14.C11A,-0.27748248,0.35419350743167166,-0.9749511
1,axo16.B9,-0.11534135,0.3293552375066328,-1.0249594
1,axo8.H11B,-0.09940631,0.32558240838044966,-1.0329767
1,axo10.G7,0.09122579,0.3145596591183265,-1.0556169
1,axo10.E9B,-0.04097505,0.3069597231310731,-1.07283
1,axo8.H12A,-0.06801828,0.2968592682798956,-1.094963
1,axo14.B1A,-0.1286256,0.284317416923189,-1.1228383
1,axo8.A7B,-0.09975928,0.2663660378901142,-1.1636783
1,axo10.H11,0.055989414,0.26388435373827934,-1.169859
1,axo10.A9B,-0.0074885883,0.2559348535648294,-1.1897857
1,axo8.G4A,-0.09485076,0.2559348535648294,-1.1899638
1,axo16.F3,-0.07979773,0.24477572638747977,-1.2193604
1,axo4.B5,-0.22392517,0.2441187490326642,-1.221471
1,axo16.A2,-0.014960465,0.24259200858968705,-1.2262127
1,axo16.F4,-0.0927127,0.1948448764070562,-1.3562428
1,axo2.F1,-0.18288137,0.1948448764070562,-1.3567361
1,axo8.B1A,-0.120118685,0.18608833111563247,-1.3834054
1,axo16.D3,-0.060097884,0.18114235539010343,-1.3994948
1,axo11.B8B,-0.03526923,0.1749931472899965,-1.4185442
1,axo16.A1,-0.0037450322,0.15461179074808612,-1.4854368
1,axo10.G4,0.0043604057,0.1494000328542468,-1.5049112
1,axo8.C3A,-0.1471409,0.12485692092155272,-1.5964036
1,axo9.F7A,0.05613308,0.11779667280368028,-1.6273214
1,axo9.D4A,-0.14727832,0.113392041612972,-1.646316
1,axo21.F10B,-0.377827,0.10425399716437626,-1.6875808
1,axo4.H9,-0.3578075,0.08513020827634502,-1.7865834
1,axo16.G12,-0.16470487,0.07841151734264655,-1.8247784
1,axo16.F7B,-0.007919206,0.07648837061147203,-1.8363726
1,axo10.A10,-0.07949975,0.06775941295274884,-1.892685
1,axo8.E11A,-0.14342853,0.06469053785666573,-1.9133655
1,axo14.C6A,-0.32222146,0.061863839970557714,-1.934827
1,axo4.D11,-0.36777928,0.06023224862782737,-1.9471749
1,axo9.D7A,-0.068533055,0.05724875953209367,-1.9697465
1,axo14.F2A,-0.19726127,0.05664776201767453,-1.9746528
1,axo14.D11A,-0.3956753,0.05322224627361725,-2.0026927
1,axo3.D4,-0.28757265,0.049920062150973186,-2.0315547
1,axo21.D10B,-0.2882931,0.04686493291688619,-2.0601563
1,axo10.B2B,-0.13332148,0.04447580281406606,-2.0824401
1,axo14.E7A,-0.38276276,0.0429366482108398,-2.0972002
1,axo16.C12,-0.12665103,0.042713213363292694,-2.0997217
1,axo16.H5,-0.14953746,0.042277803809270126,-2.104683
1,axo3.A4,-0.30908018,0.04180177465447582,-2.1096714
1,axo3.A9,-0.29573902,0.03840833084010833,-2.1457148
1,axo10.A3,-0.058745384,0.038111596625133026,-2.1492093
1,axo16.H2,-0.23694964,0.03804755269488026,-2.1502783
1,axo10.E6,-0.033432893,0.03694501611535371,-2.1631744
1,axo3.B9,-0.32915148,0.03514710202327727,-2.1837041
1,axo9.G2A,-0.15524875,0.03402193884782804,-2.1976829
1,axo14.A10A,-0.30093426,0.030354352344508263,-2.2436347
1,axo15.G1B,-0.40387103,0.02549847798084111,-2.3128295
1,axo10.A7,-0.047381256,0.02407641834673204,-2.3355246
1,axo2.G10,-0.27651167,0.021141570972230413,-2.384505
1,axo3.G1,-0.30646032,0.02081497364772886,-2.3906035
1,axo9.D12A,-0.1390877,0.01977838479032069,-2.4100506
1,axo11.A4B,-0.23823942,0.019638619121779624,-2.4130108
1,axo2.A12,-0.48440963,0.019000319556510825,-2.4265237
1,axo11.F2B,-0.10741506,0.018938419763555397,-2.4284558
1,axo10.E9,-0.12691054,0.01732700939508506,-2.4620187
1,axo4.H4,-0.2621811,0.01709027103892868,-2.4676924
1,axo10.C6B,-0.15239514,0.01687694699972935,-2.4725575
1,axo2.H6,-0.3256805,0.016316049474142804,-2.4857278
1,axo8.A10B,-0.31126258,0.014545183440321807,-2.528925
1,axo14.C3A,-0.3482,0.01425067538291064,-2.5372026
1,axo3.B5,-0.26179728,0.013847919172971523,-2.5475907
1,axo9.G1A,-0.1707888,0.01313832460371806,-2.5662565
1,axo10.D5,-0.15587816,0.010047272664099549,-2.6611753
1,axo8.D2B,-0.21171355,0.009857747592776259,-2.668658
1,axo2.D11,-0.35883155,0.00890297123308536,-2.7041256
1,axo3.A12,-0.25173426,0.008771696877145956,-2.7097719
1,axo23.G10B,-0.3877844,0.007329597302388906,-2.7691681
1,axo3.D2,-0.43821612,0.006888518293615159,-2.7900267
1,axo3.E3,-0.3952716,0.005803092498345282,-2.8457773
1,axo10.B1,-0.18630183,0.005311127493196684,-2.8742144
1,axo8.B3B,-0.275823,0.0045401551364468735,-2.9250863
1,axo10.E11,-0.099713944,0.004338092395822922,-2.9399009
1,axo4.G9,-0.66139567,0.002669655302087944,-3.0901453
1,axo3.E4,-0.5233598,0.002532173079608648,-3.1064677
1,axo9.E12A,-0.26219705,0.0018907718239911258,-3.194068
1,axo8.D10A,-0.39180574,0.0017065626865120495,-3.2248213
1,axo8.D3A,-0.3829368,0.0016825707761528065,-3.2291932
1,axo3.A11,-0.24622433,0.0015385224652032542,-3.2556567
1,axo8.B7A,-0.29705283,0.001527812883029355,-3.2579591
1,axo8.E5B,-0.462964,0.001467926891355921,-3.2696083
1,axo3.H10,-0.62893695,0.0013818637184443345,-3.2876163
1,axo21.D11A,-0.63985956,0.001304529196528561,-3.304432
1,axo4.H11,-0.45835906,0.001189026426888425,-3.3312793
1,axo2.D6,-0.44611084,0.0011759275745337006,-3.334678
1,axo10.E2,-0.03415073,0.0010831927415558375,-3.3584008
1,axo10.D9B,-0.370675,0.0008940026775179356,-3.4126577
1,axo14.D12A,-0.46236524,0.0008281645411058514,-3.4337628
1,axo11.G1B,-0.16651726,0.0005477768710858434,-3.5466895
1,axo10.G12,-0.20146823,0.0005146059470637579,-3.5637243
1,axo23.F10B,-0.46548322,0.00046906305718622264,-3.588571
1,axo14.D7A,-0.36308792,0.00041069365492309965,-3.6242855
1,axo8.F1A,-0.26701224,0.00036097155412340067,-3.65841
1,axo3.C7,-0.40524098,0.00035074620957101585,-3.6663725
1,axo21.E11B,-0.5124682,0.0003263112442733948,-3.6851068
1,axo16.B11B,-0.37745962,0.0003221562101074258,-3.68867
1,axo14.C5A,-0.64833695,0.0002995772213643025,-3.7077196
1,axo8.F10A,-0.5910751,0.00026237951505677016,-3.7420635
1,axo3.E12,-0.56894666,0.00020405102862825557,-3.8059409
1,axo2.B11,-0.52992195,0.00020356095324770192,-3.8068318
1,axo14.E3A,-0.5044839,0.00016946914595542185,-3.8522353
1,axo23.D10B,-0.473197,0.00016325457360729967,-3.861664
1,axo9.H1A,-0.33157536,0.00015793492997713565,-3.870627
1,axo8.F7A,-0.39284992,0.00012505896447504887,-3.9283102
1,axo10.E10,-0.12408739,0.0001246124804687882,-3.9294612
1,axo8.G5A,-0.4936629,0.00012440849278724927,-3.9301465
1,axo16.H4B,-0.50500727,0.00012426870698213876,-3.9307084
1,axo3.C4,-0.43276018,9.928222564726646e-05,-3.9852118
1,axo3.A5,-0.686437,7.810385701641298e-05,-4.0429635
1,axo14.E5A,-0.38700125,6.373539300159424e-05,-4.09093
1,axo8.C6A,-0.4771637,6.10321159459063e-05,-4.101537
1,axo3.H9,-0.591689,5.3283674549506934e-05,-4.1336884
1,axo8.G7A,-0.49156186,5.014523312955399e-05,-4.148462
1,axo14.F8A,-0.6099787,4.1606044101185724e-05,-4.192701
1,axo11.A8B,-0.34563267,3.548518301724267e-05,-4.22921
1,axo3.H8,-0.40648818,2.991322349772876e-05,-4.268885
1,axo9.F11A,-0.30663002,2.951425845908105e-05,-4.2721605
1,axo8.F4A,-0.46201965,2.661366555719919e-05,-4.2960067
1,axo16.C9B,-0.44319838,2.5391377669515024e-05,-4.306984
1,axo23.H10B,-0.5627651,2.403532122773617e-05,-4.3196745
1,axo14.H6A,-0.71813583,2.274057199192599e-05,-4.3321595
1,axo9.H2A,-0.37946093,2.2188423199395285e-05,-4.337847
1,axo14.B8A,-0.36226922,2.0769944992119042e-05,-4.3529086
1,axo8.A8B,-0.42104754,1.7209255406577202e-05,-4.395338
1,axo14.H8A,-0.6589291,1.6629611344371532e-05,-4.4030538
1,axo14.A12A,-0.66939414,1.3226928667101633e-05,-4.4535556
1,axo8.C12B,-0.589712,1.0143896413226504e-05,-4.5112796
1,axo8.C9A,-0.61242676,9.123616409539043e-06,-4.534537
1,axo3.F3,-0.5467899,5.913826660787522e-06,-4.6271253
1,axo3.C2,-0.6612688,4.885274634743271e-06,-4.666828
1,axo10.F2B,-0.40362793,2.811138783639632e-06,-4.7810426
1,axo14.G7A,-0.61924374,2.4896580569765265e-06,-4.8059306
1,axo14.E11A,-0.75747925,2.134538519990227e-06,-4.837424
1,axo3.C6,-0.6787082,1.9533022815740903e-06,-4.855569
1,axo8.D5A,-0.63713837,1.939496843506927e-06,-4.8572407
1,axo3.F9,-0.6293436,1.364120676278622e-06,-4.927546
1,axo10.D4,-0.4269498,1.31971461028837e-06,-4.9342747
1,axo10.F12,-0.3245796,1.31971461028837e-06,-4.9342885
1,axo8.F3A,-0.57751703,1.2676967482699515e-06,-4.9426484
1,axo10.A3B,-0.41352114,1.1670420834547494e-06,-4.9590116
1,axo4.H7,-0.8064469,1.1192473672930948e-06,-4.9676595
1,axo9.D6A,-0.4693171,9.774861538319333e-07,-4.9946575
1,axo8.G3A,-0.47666064,8.973075020524371e-07,-5.0116787
1,axo14.B2A,-0.87511325,6.526537580587245e-07,-5.072843
1,axo14.D9A,-0.9043223,6.394824045408051e-07,-5.0769815
1,axo8.E3A,-0.52530986,4.4862810930296053e-07,-5.145505
1,axo14.G12A,-0.72744465,4.469952453968294e-07,-5.1464505
1,axo2.A2,-0.6351943,3.9913311873401433e-07,-5.168186
1,axo10.C4,-0.30883127,3.323471892514502e-07,-5.203092
1,axo23.C10B,-0.67313564,2.999236980679902e-07,-5.222909
1,axo3.G12,-0.5062092,2.7577902522007235e-07,-5.2389436
1,axo3.C11,-0.5323915,2.3937730408810543e-07,-5.26527
1,axo3.B4,-0.4711942,1.7874709865571742e-07,-5.3194447
1,axo3.A3,-0.4895482,1.6188782708860156e-07,-5.3376994
1,axo8.F2A,-0.6470244,1.4011961947037686e-07,-5.3646016
1,axo16.F6B,-0.4558513,1.3929037385616516e-07,-5.365931
1,axo3.C8,-0.6418883,1.2670293716714038e-07,-5.3835144
1,axo10.G9B,-0.4887763,1.2554837012900568e-07,-5.3854194
1,axo23.G2B,-0.7362187,1.1539306311263922e-07,-5.4013443
1,axo9.C6A,-0.479064,1.0444700154974967e-07,-5.4197083
1,axo9.D9A,-0.4973582,1.0162455190002387e-07,-5.425122
1,axo14.F12A,-0.6540391,9.841470167383805e-08,-5.431111
1,axo14.F5A,-0.7028588,7.218112106299555e-08,-5.487711
1,axo14.B3A,-0.7668289,6.497310219823232e-08,-5.506788
1,axo8.E10A,-0.7815552,6.079105717414182e-08,-5.518752
1,axo8.H5A,-0.81251884,5.556012846634832e-08,-5.535321
1,axo2.G6,-0.66488147,5.234257979908055e-08,-5.546545
1,axo8.D7B,-0.6142443,4.4453209832188236e-08,-5.575832
1,axo9.G12A,-0.4309362,4.4059286384422485e-08,-5.577641
1,axo10.D3,-0.55366355,3.628112810135489e-08,-5.6118617
1,axo2.G4,-0.7709133,3.187002328770988e-08,-5.635283
1,axo3.F4,-0.74294823,2.146614999428739e-08,-5.705067
1,axo2.B3,-0.8904921,1.9675794964870335e-08,-5.7201424
1,axo8.E12B,-0.784488,1.7518822207681284e-08,-5.7406173
1,axo10.A12,-0.54317075,1.6960484430973394e-08,-5.7466197
1,axo3.E10,-0.6863795,1.0369638627985416e-08,-5.8316164
1,axo8.D3B,-0.80806696,9.760794407906632e-09,-5.8422236
1,axo4.F12,-0.9231306,9.50315199286794e-09,-5.846938
1,axo8.B4A,-0.78408015,8.141757257110116e-09,-5.874183
1,axo14.C9A,-0.7921967,7.168925612791529e-09,-5.8957543
1,axo8.A3A,-0.8168007,6.971763116729669e-09,-5.9006195
1,axo2.A7,-0.81983125,4.59382225541077e-09,-5.971418
1,axo23.H1B,-0.7346118,4.302984513952875e-09,-5.9823403
1,axo3.F10,-0.6877403,4.047548431824257e-09,-5.9928246
1,axo10.F4,-0.3671102,3.905866892299094e-09,-5.999142
1,axo16.A4B,-0.6720804,2.6050389993231185e-09,-6.0661583
1,axo3.C3,-0.8799689,2.2497285404059893e-09,-6.0904703
1,axo14.H2A,-0.8468812,2.090848854716658e-09,-6.102448
1,axo14.H5A,-0.9656861,1.6027133647331517e-09,-6.1453166
1,axo23.D2B,-0.77612555,1.520329263825324e-09,-6.15395
1,axo9.E3A,-0.5894386,1.2825717906566465e-09,-6.1811132
1,axo9.C2A,-0.5204186,1.1884705588637528e-09,-6.193516
1,axo8.B7B,-0.68107367,9.029816128732312e-10,-6.237316
1,axo3.E11,-0.8154645,9.029816128732312e-10,-6.237357
1,axo9.G7A,-0.5236434,8.287369612048157e-10,-6.2512536
1,axo14.H4A,-0.7967315,7.515378396826922e-10,-6.2667675
1,axo3.E8,-0.82117575,7.272280138812131e-10,-6.2724137
1,axo14.C8A,-0.8956127,7.105909312143849e-10,-6.2762785
1,axo2.G1,-0.85936147,5.893329720803099e-10,-6.306374
1,axo2.H5,-0.99350154,5.869019248153797e-10,-6.307278
1,axo2.D9,-0.80577797,3.289331270745749e-10,-6.3973727
1,axo9.F4A,-0.5576607,1.655101380966828e-10,-6.5035567
1,axo8.G12B,-0.8567058,1.2965429849342774e-10,-6.5412173
1,axo14.H1A,-1.1190292,1.1613882767894346e-10,-6.5581837
1,axo8.B5B,-0.8472985,9.816281262003079e-11,-6.5834827
1,axo9.C5A,-0.49981675,8.283406498033819e-11,-6.6091924
1,axo8.F5A,-1.0226985,7.921898031330635e-11,-6.6160583
1,axo9.F6A,-0.6009413,5.639842013591725e-11,-6.666917
1,axo10.F9B,-0.523773,4.624225131003054e-11,-6.696793
1,axo14.F10A,-0.7419009,3.836089211021543e-11,-6.7251067
1,axo9.H6A,-0.71968836,2.6536454617732925e-11,-6.77961
1,axo9.H4A,-0.686196,2.4377582291622674e-11,-6.792123
1,axo3.D3,-0.925361,2.2214757251920136e-11,-6.8057723
1,axo9.F2A,-0.7018939,1.1800598606136134e-11,-6.898087
1,axo14.D2A,-1.0837896,6.216057152012229e-12,-6.990169
1,axo8.H1B,-0.55186284,5.805721225575572e-12,-7.0002694
1,axo9.H10A,-0.58222926,5.515063591809976e-12,-7.007725
1,axo16.C9,-0.66787606,4.142492259532063e-12,-7.0492496
1,axo10.F10,-0.60650724,3.202788217239882e-12,-7.085759
1,axo14.G6A,-1.1679733,2.990452069975989e-12,-7.0955167
1,axo8.C2A,-0.8981841,2.672979356774803e-12,-7.1115513
1,axo8.D7A,-0.8815601,2.6259784465592077e-12,-7.114265
1,axo14.G8A,-1.0192826,2.4868619901120834e-12,-7.1220355
1,axo9.G3A,-0.5320498,1.449210077068622e-12,-7.197397
1,axo9.H11A,-0.59497404,8.849474721205978e-13,-7.265702
1,axo8.A2B,-0.8393276,5.563983730553552e-13,-7.328428
1,axo23.B1B,-0.8552463,4.4262137991819345e-13,-7.359825
1,axo23.B9B,-1.0174723,3.8636773370107116e-13,-7.379012
1,axo23.C9B,-1.046999,2.7058358518173813e-13,-7.427362
1,axo14.G5A,-0.88021356,2.2725189136213265e-13,-7.451222
1,axo9.C4A,-0.41790456,2.2149740658632842e-13,-7.4551415
1,axo3.G10,-1.0370586,2.1596344012793e-13,-7.458746
1,axo23.C2B,-0.9076549,1.956173744046402e-13,-7.4723134
1,axo3.D11,-0.9260654,1.7901741509747087e-13,-7.4845104
1,axo10.C11,-0.5789801,1.070135351892597e-13,-7.5534177
1,axo14.D3A,-1.1081882,9.827953964066702e-14,-7.564765
1,axo23.A10B,-0.8838096,9.26312383494031e-14,-7.5727277
1,axo14.F4A,-1.0009505,8.819146695813245e-14,-7.5796485
1,axo9.D3A,-0.7413268,7.33395956678281e-14,-7.604358
1,axo14.B6A,-1.0715535,3.9529607475225875e-14,-7.6855307
1,axo9.C7A,-0.8036229,3.454389106155763e-14,-7.7030454
1,axo8.C1B,-0.87330025,3.2001945008826633e-14,-7.713077
1,axo16.C2,-0.51193064,2.5705636856860796e-14,-7.741802
1,axo2.A3,-1.0036184,8.833721521952916e-15,-7.8786297
1,axo14.A3A,-1.0337031,4.944403401794586e-15,-7.952484
1,axo8.B8A,-0.9677615,4.1308746475534985e-15,-7.975549
1,axo4.H1,-1.2570705,3.273103735133538e-15,-8.004521
1,axo23.C6B,-1.1010354,3.2211316630540218e-15,-8.006768
1,axo9.F9A,-0.7886033,1.9207477130199957e-15,-8.071524
1,axo3.A8,-0.8795207,1.4121365921845593e-15,-8.11102
1,axo23.E4B,-0.97256625,1.2307258768703556e-15,-8.128205
1,axo3.G9,-0.8273472,1.038176671788994e-15,-8.14916
1,axo14.H7A,-0.92664105,1.038176671788994e-15,-8.149298
1,axo14.G11A,-1.1233352,1.005198456567639e-15,-8.153848
1,axo14.B7A,-1.1821097,5.515617563209167e-16,-8.226934
1,axo3.C12,-0.9154048,5.048416199679863e-16,-8.238104
1,axo9.E8A,-0.8487968,4.83827672639626e-16,-8.243476
1,axo9.F1A,-0.5035344,4.760666321412491e-16,-8.245696
1,axo3.A6,-1.1979496,1.7924657312468126e-16,-8.36283
1,axo23.A5B,-1.1348362,1.2778261753063734e-16,-8.403793
1,axo3.D6,-0.9906344,1.0000136141918855e-16,-8.433669
1,axo3.A1,-0.9916729,9.646850296075466e-17,-8.438165
1,axo9.H9A,-0.8041199,3.94565599164726e-17,-8.543211
1,axo14.B11A,-1.0790973,3.3695907087363526e-17,-8.562
1,axo14.F11A,-1.179623,2.811572716622604e-17,-8.583133
1,axo14.D5A,-1.2131497,2.521531040486986e-17,-8.595933
1,axo14.H3A,-1.2816321,2.3911001859658416e-17,-8.602319
1,axo9.H3A,-0.94964325,1.090816711966673e-17,-8.694237
1,axo9.A12A,-1.0099076,3.2062671528411814e-18,-8.833366
1,axo2.A10,-1.1597497,1.592252523486341e-18,-8.9124565
1,axo3.D8,-1.1763237,1.434079163603181e-18,-8.924338
1,axo3.E6,-1.0940055,8.433229939035753e-19,-8.983213
1,axo9.C11A,-0.7802282,8.433229939035753e-19,-8.983474
1,axo23.B2B,-1.0851631,4.636139869096301e-19,-9.050243
1,axo3.B1,-0.9236033,2.510605459000246e-19,-9.118739
1,axo9.A8A,-0.9570435,1.0274466100769699e-19,-9.216262
1,axo9.E1A,-0.89657825,9.663522047068077e-20,-9.223429
1,axo9.E2A,-1.0179563,5.798919275695886e-20,-9.2786045
1,axo2.G3,-1.222182,5.327306599426818e-20,-9.287937
1,axo14.A11A,-1.2869804,1.4521686945528156e-20,-9.427396
1,axo9.E7A,-1.0034832,1.358164451697653e-20,-9.435016
1,axo3.F8,-1.168714,1.1415423546279682e-20,-9.45412
1,axo9.C12A,-0.9563872,9.419488684274247e-21,-9.474814
1,axo14.B10A,-1.2538898,6.371836111982942e-21,-9.516148
1,axo23.D8B,-1.3905902,2.2667510659633697e-21,-9.625757
1,axo23.F4B,-1.2221951,2.020968263751886e-21,-9.637858
1,axo23.D11B,-1.3546116,1.423011950629253e-21,-9.675368
1,axo9.E5A,-0.9428506,9.128034107430741e-22,-9.721937
1,axo3.G7,-1.1998388,7.396401516930641e-22,-9.743645
1,axo14.D6A,-1.2711301,5.430410847825795e-22,-9.775933
1,axo23.F9B,-1.0827789,4.815432780098135e-22,-9.7887335
1,axo14.G9A,-1.2674671,5.575154760297324e-23,-10.007296
1,axo23.E8B,-1.2558193,6.626902101650511e-24,-10.220445
1,axo23.F1B,-1.2129037,4.6719226534846724e-24,-10.255268
1,axo14.B4A,-1.3031158,3.537775854852028e-24,-10.282431
1,axo9.G8A,-0.98740524,3.0202364289504025e-24,-10.298328
1,axo3.F6,-1.314411,8.811842353205174e-25,-10.417518
1,axo23.H9B,-1.1408861,3.10561356275258e-25,-10.518289
1,axo14.E6A,-1.5589901,1.9911813333115752e-25,-10.561459
1,axo3.E5,-1.1899637,2.8906085825093405e-26,-10.743484
1,axo14.A4A,-1.4993335,1.0605469485227024e-26,-10.839143
1,axo14.C1A,-1.6837056,8.18735327657569e-27,-10.863509
1,axo23.H5B,-1.3158244,5.51590415101969e-27,-10.90095
1,axo23.H6B,-1.4415597,1.887540386981369e-27,-10.999912
1,axo23.F8B,-1.5400747,4.49635210911072e-28,-11.131875
1,axo23.C1B,-1.1978842,1.8514236338605716e-28,-11.213733
1,axo9.E11A,-1.154723,7.181537884539373e-29,-11.299785
1,axo14.A2A,-1.3828081,6.836960132457567e-29,-11.304677
1,axo23.D4B,-1.390486,5.430539875688716e-29,-11.325275
1,axo14.F6A,-1.5381247,2.237113709914406e-29,-11.404735
1,axo23.A4B,-1.4171648,5.115959058160293e-30,-11.533641
1,axo23.C5B,-1.3366834,4.1438677710696824e-32,-11.948016
1,axo23.H4B,-1.4576619,1.8620829639267195e-32,-12.016484
1,axo23.H7B,-1.5799204,1.4341883600322953e-33,-12.232388
1,axo14.E10A,-1.5587145,4.899896012034317e-34,-12.32351
1,axo23.D9B,-1.4420305,1.2638823152941233e-34,-12.433244
1,axo3.B12,-1.3499295,9.356916525218217e-35,-12.457734
1,axo14.G2A,-1.5466253,3.8352734294320394e-38,-13.077268
1,axo14.A6A,-1.561964,1.7664060592341625e-38,-13.137171
1,axo23.G9B,-1.315284,8.051978912001227e-39,-13.197047
1,axo23.D5B,-1.670893,4.915100285024528e-40,-13.414088
1,axo23.G6B,-1.7552149,3.722438191272043e-40,-13.435892
1,axo23.H3B,-1.5103402,3.131606856537865e-40,-13.449912
1,axo23.E11B,-1.8582917,1.962336447182556e-40,-13.485682
1,axo23.D3B,-1.4794897,9.687005803589385e-41,-13.539555
1,axo23.G4B,-1.6212428,3.340956998241556e-41,-13.62081
1,axo23.A6B,-1.6503686,1.9636207159050049e-41,-13.660237
1,axo23.A11B,-1.7677867,4.9711653899864546e-42,-13.762639
1,axo3.H5,-1.1264421,1.9836361059553425e-42,-13.833163
1,axo23.F11B,-1.7962018,1.4082630980930518e-42,-13.860011
1,axo23.B7B,-1.6206241,6.289899246950962e-43,-13.923217
1,axo23.G3B,-1.5513207,4.384947500037858e-43,-13.950612
1,axo23.E9B,-1.5719781,1.882740465020772e-43,-14.015915
1,axo23.C4B,-1.6940395,9.935634841469896e-44,-14.063923
1,axo23.C8B,-1.813614,5.312788838048451e-44,-14.109066
1,axo23.B10B,-1.4384594,9.370051980301253e-45,-14.240782
1,axo23.F7B,-1.7775091,8.385022323809261e-45,-14.249607
1,axo23.F6B,-1.6255417,4.500426447872139e-45,-14.295176
1,axo23.A2B,-1.4854213,2.5784343430667925e-45,-14.336139
1,axo23.B6B,-1.617188,1.777666920553907e-45,-14.365426
1,axo23.H8B,-1.7977998,7.847617650601193e-46,-14.423163
1,axo23.F5B,-1.7821602,4.4579460228994175e-48,-14.797877
1,axo23.C7B,-1.6192334,1.4109968607876902e-48,-14.87672
1,axo23.E3B,-1.7660954,7.927392534215035e-49,-14.916944
1,axo23.F2B,-1.6074806,2.6682462263967097e-49,-14.991168
1,axo23.B4B,-1.6539227,1.7403195323421965e-49,-15.021291
1,axo23.F12B,-1.9532198,1.166277059710973e-50,-15.210978
1,axo23.A8B,-1.7568202,9.119130704152037e-51,-15.2292185
1,axo23.B5B,-1.7345853,6.65014913505564e-51,-15.254353
1,axo23.D7B,-1.8538758,4.222392215239801e-52,-15.43805
1,axo23.A7B,-1.6292605,2.352497308583753e-52,-15.47826
1,axo23.G11B,-2.0154936,1.561890037673299e-52,-15.509945
1,axo23.C3B,-1.6547846,1.4751092181650628e-52,-15.516468
1,axo23.F3B,-1.7430766,6.040266431824895e-54,-15.726274
1,axo23.E7B,-1.937011,3.523268866974402e-54,-15.763618
1,axo23.H2B,-1.898004,3.526264351147261e-55,-15.915357
1,axo23.B11B,-1.9210666,3.526264351147261e-55,-15.916453
1,axo23.B3B,-1.7949988,1.646518662399792e-56,-16.122585
1,axo23.G1B,-1.713219,1.2112745105862095e-57,-16.287931
1,axo23.B8B,-1.77848,2.4609460893210273e-58,-16.390415
1,axo23.C11B,-1.9502159,1.6612570452752758e-63,-17.110624
1,axo23.E1B,-1.6676067,1.5282376144811194e-63,-17.122341
1,axo23.D1B,-1.6151377,4.176944777889763e-64,-17.214342
1,axo23.E5B,-2.0269494,4.368277549233163e-68,-17.747358
1,axo23.E2B,-1.8870864,2.6881010193023503e-70,-18.043379
1,axo23.A1B,-1.7589093,4.8676048362991464e-71,-18.153358
1,axo23.A9B,-2.0643458,1.1070872577114822e-74,-18.667175
2,axo14.E10A,1.1338433,4.95880293019138e-62,17.04065
2,axo9.E11A,1.0494366,2.4901006931435806e-61,16.9052
2,axo10.F9B,1.020292,1.9615026131543642e-57,16.341139
2,axo10.G9B,1.0540358,1.9615026131543642e-57,16.325603
2,axo9.C7A,1.0210291,5.991782394526808e-56,16.101797
2,axo11.A8B,1.0270083,8.112041842938831e-56,16.058973
2,axo10.F4,0.9685934,8.112041842938831e-56,16.055777
2,axo16.F6B,1.0327936,8.112041842938831e-56,16.053905
2,axo11.G1B,0.9973065,1.1711511749211645e-55,16.023783
2,axo9.A8A,1.0361189,2.7360342932299877e-55,15.964373
2,axo14.F6A,1.0765423,3.9538769797151964e-55,15.935426
2,axo10.F10,1.01062,4.878080354342543e-54,15.772094
2,axo8.B8A,1.0769724,8.071983820023851e-54,15.73519
2,axo9.E7A,0.99531674,6.766582580727051e-53,15.595299
2,axo9.G8A,0.99036837,9.537064750755384e-53,15.568954
2,axo14.B4A,1.0147768,2.0599698296585524e-52,15.515473
2,axo14.A2A,1.0249127,3.579979950151923e-52,15.476058
2,axo9.D3A,0.9805251,5.368189821667105e-51,15.297113
2,axo10.C4,0.9526286,1.3014248906914798e-50,15.2358265
2,axo10.A7,0.942375,9.792203265971336e-50,15.0999775
2,axo10.A3,0.9674057,1.778329222005456e-49,15.057357
2,axo23.H7B,1.0208613,3.2583642237312435e-49,15.014178
2,axo16.C12,0.96323353,1.2450110828585453e-48,14.922059
2,axo9.E8A,0.9663206,1.8714849890639517e-48,14.891996
2,axo9.H10A,0.9250245,3.341256867023944e-48,14.850462
2,axo8.C2A,1.0103296,3.5883543829153224e-48,14.843048
2,axo10.A12,0.9595597,3.681672486579095e-48,14.838794
2,axo14.G2A,0.97244817,5.946829590198296e-48,14.804146
2,axo8.H1B,0.91505104,2.3872743243687335e-46,14.551349
2,axo14.F11A,0.9906488,6.3780988473998484e-46,14.481645
2,axo10.D4,0.913156,1.1533037812707025e-45,14.438617
2,axo14.A6A,0.97041523,1.596860523791055e-45,14.413977
2,axo10.F12,0.897856,2.1006280037510835e-45,14.392903
2,axo2.A10,0.9601308,8.45672437530291e-45,14.2942
2,axo3.G7,0.9187761,3.495410131217548e-44,14.193029
2,axo14.D6A,0.93538964,6.753386319021817e-44,14.144798
2,axo10.F2B,0.8861499,6.954982624580134e-44,14.1408
2,axo9.C2A,0.8690333,7.487985712270526e-44,14.133726
2,axo16.F7B,0.8849075,1.6944421519124209e-43,14.074279
2,axo2.G3,0.94609547,2.84354406315635e-43,14.035837
2,axo8.C1B,0.9308439,2.910221663770734e-43,14.032443
2,axo10.A3B,0.8803264,2.6675727192883365e-42,13.872739
2,axo9.F1A,0.82201314,3.218826879023442e-42,13.857572
2,axo14.B10A,0.9476696,4.409203487967646e-42,13.833308
2,axo10.C11,0.9128685,5.266804396918603e-42,13.818903
2,axo23.F8B,0.9469826,1.3692220760255534e-41,13.748362
2,axo14.H3A,0.9819571,1.8260738528757003e-41,13.725954
2,axo14.D3A,0.9707336,9.470877403323245e-41,13.604601
2,axo14.D5A,0.95214254,1.304801540208052e-40,13.579644
2,axo9.E5A,0.8487663,2.006333902962997e-40,13.54661
2,axo14.H7A,0.8792206,3.251975713339416e-40,13.509645
2,axo10.E10,0.8014461,3.4419807525384607e-40,13.504034
2,axo3.F6,0.8832552,4.031219958382936e-40,13.490987
2,axo9.H4A,0.8485894,4.218197779341964e-40,13.486265
2,axo14.D2A,0.965604,5.128844261406245e-40,13.470487
2,axo10.G12,0.8576085,7.668626495725938e-40,13.439421
2,axo3.E6,0.9085924,8.189795393634026e-40,13.433244
2,axo14.B6A,0.93153095,9.613565428897988e-40,13.420083
2,axo3.A6,0.9237852,1.1456208178391111e-39,13.405813
2,axo9.E2A,0.8595519,2.1887352049061804e-39,13.35645
2,axo9.A12A,0.8584418,2.4067697557218773e-39,13.348146
2,axo3.A1,0.8757589,2.617493400560576e-39,13.340679
2,axo3.D3,0.91213757,3.419141230363513e-39,13.319554
2,axo14.E6A,0.9285847,4.318384725381258e-39,13.300933
2,axo16.C9,0.8676875,5.517682933539299e-39,13.281436
2,axo8.A2B,0.85353017,6.378551480142934e-39,13.268901
2,axo8.E3A,0.86957,6.378551480142934e-39,13.268305
2,axo9.H3A,0.86126405,1.1037374125396108e-38,13.226031
2,axo8.B5B,0.87525094,1.534271248195791e-38,13.200147
2,axo9.C11A,0.8656221,3.3127636775780495e-38,13.140949
2,axo9.C12A,0.84397477,4.5644445873874775e-38,13.1156
2,axo9.H11A,0.8287791,4.6447891763676556e-38,13.113216
2,axo14.B7A,0.9222127,5.472386712033773e-38,13.099731
2,axo8.E10A,0.9207832,5.613401398881966e-38,13.096767
2,axo3.F8,0.872111,7.711716181517538e-38,13.071614
2,axo10.E11,0.8149901,1.6331788379476707e-37,13.013404
2,axo10.A10,0.84043336,1.7209840206622552e-37,13.008404
2,axo10.E6,0.8076725,1.801999997392513e-37,13.0039015
2,axo10.A9B,0.8498958,2.5728394999593974e-37,12.975671
2,axo3.B12,0.8319621,3.7564508157727744e-37,12.945676
2,axo9.G12A,0.8173244,4.47074936010799e-37,12.931346
2,axo10.B1,0.82052606,5.204557032957892e-37,12.918713
2,axo9.E1A,0.81121176,5.9938384882764605e-37,12.906909
2,axo14.A4A,0.85280627,6.2069213049821795e-37,12.90258
2,axo9.G7A,0.8323937,6.2069213049821795e-37,12.902384
2,axo23.D7B,0.871806,9.384469747525087e-37,12.869591
2,axo8.D7B,0.84642804,1.0213843963785415e-36,12.862154
2,axo16.A4B,0.83479387,1.0659672277173716e-36,12.857968
2,axo14.C1A,0.9029435,1.3236817987134967e-36,12.8403425
2,axo14.F4A,0.8686049,1.3889727698665807e-36,12.83575
2,axo23.E8B,0.84784347,1.5248310629694585e-36,12.827664
2,axo3.B1,0.8141556,2.7694262338332365e-36,12.780488
2,axo3.H5,0.7652821,3.532138997695923e-36,12.760713
2,axo8.G7A,0.8617758,4.079055480041835e-36,12.748661
2,axo16.B11B,0.8559957,4.183181093932044e-36,12.74587
2,axo8.D7A,0.83824766,4.823198675987663e-36,12.733946
2,axo23.E11B,0.9095694,4.9381306578823414e-36,12.731298
2,axo10.A6,0.8254651,5.453434352092934e-36,12.722746
2,axo14.G11A,0.8633173,8.257334969630014e-36,12.6895
2,axo14.G9A,0.82742596,8.369897470341521e-36,12.687653
2,axo9.C5A,0.7956571,8.427829636213763e-36,12.686333
2,axo10.D5,0.81923336,9.363175749287663e-36,12.677312
2,axo9.C6A,0.7913327,9.85718983087964e-36,12.672515
2,axo4.H1,0.90849423,1.3412052991703829e-35,12.647581
2,axo16.H4B,0.8750261,2.354816285730751e-35,12.602517
2,axo10.D3,0.82839286,2.9116462672546426e-35,12.585019
2,axo8.B4A,0.8704133,2.934168888375405e-35,12.583669
2,axo16.C9B,0.78734696,3.7416268097836327e-35,12.56372
2,axo23.F7B,0.86991644,4.3077255151067957e-35,12.551842
2,axo10.E9B,0.81975365,4.5084258706086983e-35,12.547512
2,axo23.H2B,0.8170269,5.088702238923432e-35,12.537202
2,axo15.E3B,0.8259834,5.377229506107289e-35,12.532119
2,axo14.G8A,0.88164526,8.193795272016024e-35,12.497968
2,axo14.H4A,0.8567282,1.5635285315318963e-34,12.445784
2,axo23.G4B,0.8360971,1.5714565148553383e-34,12.444683
2,axo9.D12A,0.77449584,2.053378205342396e-34,12.422615
2,axo14.G5A,0.79078895,2.0570530870643455e-34,12.421785
2,axo16.C2,0.7656646,2.956483591311859e-34,12.392054
2,axo8.D3B,0.86889994,3.4113849964976773e-34,12.379896
2,axo23.D11B,0.84638005,5.042976315505274e-34,12.347812
2,axo14.A11A,0.8274052,5.830255283532478e-34,12.335465
2,axo9.F7A,0.7824023,5.944967254038359e-34,12.333233
2,axo8.F7A,0.8147357,8.198542580583289e-34,12.306655
2,axo9.F6A,0.77559036,1.245497711571386e-33,12.272195
2,axo2.A3,0.8109289,1.255140018241018e-33,12.27092
2,axo9.F9A,0.7892232,1.3505191575968112e-33,12.264343
2,axo3.G12,0.76702005,2.105009190064124e-33,12.227696
2,axo10.A9,0.753392,2.1539290326130758e-33,12.225192
2,axo23.B5B,0.8080732,2.4490491183011983e-33,12.21412
2,axo23.C5B,0.7644115,2.561380928512444e-33,12.209844
2,axo3.C12,0.7697428,3.0668962190967636e-33,12.194556
2,axo23.B11B,0.86475927,3.102839139080826e-33,12.192987
2,axo3.G9,0.75671095,3.1243017110588426e-33,12.191811
2,axo23.G11B,0.8999547,3.198639185448643e-33,12.189284
2,axo23.A8B,0.8449571,3.907543081347903e-33,12.172352
2,axo3.D6,0.784883,4.0825385246564914e-33,12.168174
2,axo10.C6B,0.75313246,4.669040649902381e-33,12.156611
2,axo10.E2,0.76377547,4.681641605432396e-33,12.155797
2,axo3.D11,0.78133464,5.313197252762902e-33,12.144861
2,axo14.H2A,0.83798337,6.244922263417689e-33,12.131051
2,axo11.A4B,0.8024898,7.188646179931867e-33,12.118938
2,axo3.A3,0.74298656,8.038753656010788e-33,12.109194
2,axo8.G12B,0.8232285,1.0950572821874506e-32,12.083234
2,axo8.B7B,0.7964494,1.1796257921460596e-32,12.076545
2,axo8.F5A,0.8714973,1.72748081547366e-32,12.044559
2,axo23.H8B,0.8661225,2.2941132208766297e-32,12.020575
2,axo23.D5B,0.80552095,3.078198681661642e-32,11.995693
2,axo10.D9B,0.80056536,3.6367340212494613e-32,11.9813175
2,axo10.B10B,0.7897822,3.8881786658762246e-32,11.975216
2,axo10.G7,0.7624685,3.8890430194231975e-32,11.974643
2,axo14.E5A,0.74379086,1.0837124213062035e-31,11.888791
2,axo23.G6B,0.82795537,1.3545825223207952e-31,11.869589
2,axo8.A3A,0.8235545,2.7836455184174703e-31,11.808625
2,axo9.A10A,0.7645025,2.824222467519946e-31,11.806861
2,axo2.G1,0.8257655,3.0114144256922893e-31,11.800918
2,axo23.F11B,0.8166226,3.41146880608363e-31,11.789876
2,axo3.A8,0.75611144,4.5193549987471896e-31,11.765628
2,axo23.F3B,0.7802463,2.146928652816706e-30,11.632849
2,axo23.F12B,0.7963159,2.4117192244541724e-30,11.62238
2,axo23.E7B,0.82650656,3.0977854016574103e-30,11.60044
2,axo14.F10A,0.73740005,3.1390897968118897e-30,11.598774
2,axo23.A11B,0.8131281,3.457780446584205e-30,11.589964
2,axo10.H11,0.716897,5.463001378030729e-30,11.550195
2,axo3.E11,0.7806987,6.121410353220077e-30,11.539885
2,axo23.A7B,0.7458198,1.061347584785493e-29,11.491924
2,axo11.B8B,0.7557639,1.3209270164309521e-29,11.472488
2,axo23.A6B,0.7830656,1.4284633323955743e-29,11.465195
2,axo3.E10,0.7579233,1.4889946574853464e-29,11.461084
2,axo23.B8B,0.76875687,2.1458226126344647e-29,11.42888
2,axo14.F12A,0.7693198,2.3861882418536185e-29,11.419143
2,axo8.A8B,0.7289913,2.421521964508897e-29,11.417356
2,axo9.F4A,0.73172355,2.4330603437158737e-29,11.416435
2,axo8.F2A,0.74463415,3.0402185641241386e-29,11.396546
2,axo23.C8B,0.8006213,3.6910177764852824e-29,11.379139
2,axo23.B4B,0.7630668,7.675840961937475e-29,11.314602
2,axo23.H4B,0.70156723,8.43974934983004e-29,11.305778
2,axo23.D9B,0.78494126,9.666299767819602e-29,11.293363
2,axo14.G12A,0.7907018,1.009992907180259e-28,11.289011
2,axo14.H5A,0.8015964,1.3655744806583413e-28,11.261972
2,axo16.A5,0.7811207,1.5363028746727996e-28,11.251097
2,axo14.A3A,0.738027,1.598915893222876e-28,11.247085
2,axo14.C8A,0.7696618,1.6308770447198642e-28,11.244852
2,axo23.D4B,0.74492764,1.8069279749104175e-28,11.235319
2,axo14.B11A,0.7323272,2.388919935566175e-28,11.210151
2,axo23.H6B,0.7330404,3.364826467343148e-28,11.179311
2,axo14.H1A,0.8352106,4.444526958608988e-28,11.154105
2,axo23.F5B,0.7762558,9.254069252924152e-28,11.088202
2,axo9.D6A,0.698319,1.0771805024786235e-27,11.074128
2,axo3.F10,0.7107598,1.189839275509955e-27,11.064738
2,axo9.H9A,0.7223421,1.3571920301737306e-27,11.05246
2,axo10.C5B,0.710785,1.572381276889232e-27,11.038771
2,axo15.G6B,0.73735976,1.700519473774747e-27,11.031259
2,axo8.E12B,0.7467269,1.8983965727297954e-27,11.020888
2,axo11.D1B,0.68325543,2.2310688451803066e-27,11.005879
2,axo3.D8,0.71855086,3.60082444053208e-27,10.962188
2,axo9.H2A,0.6943336,3.6139440559457576e-27,10.961396
2,axo23.A4B,0.6971131,5.1504941149541116e-27,10.928814
2,axo8.F4A,0.69867957,5.1504941149541116e-27,10.9283695
2,axo8.D3A,0.7398429,5.3220602470981126e-27,10.924937
2,axo9.H6A,0.69469523,5.767875167513419e-27,10.917177
2,axo3.E8,0.72840816,7.344585592033312e-27,10.894747
2,axo3.C8,0.70725375,9.03101776203099e-27,10.875462
2,axo23.D3B,0.71497154,9.187924342048347e-27,10.87344
2,axo23.B7B,0.7643465,9.564270645130207e-27,10.869329
2,axo10.B2B,0.69158304,1.0830392023339109e-26,10.857533
2,axo2.B3,0.7796383,1.6068969191216165e-26,10.820992
2,axo23.F2B,0.7309485,1.7831411292871646e-26,10.811007
2,axo11.F2B,0.6909601,2.0444843279299634e-26,10.798012
2,axo14.G6A,0.8010054,2.5461732177864872e-26,10.777399
2,axo3.C6,0.7547396,2.8750532896707656e-26,10.765777
2,axo8.G5A,0.7361703,3.0839846193157496e-26,10.758875
2,axo2.H5,0.76739097,3.217817192567321e-26,10.754523
2,axo8.F3A,0.70346344,5.635237529166357e-26,10.702302
2,axo8.H7A,0.6861196,6.592995022794567e-26,10.687316
2,axo15.A1B,0.6990569,1.0059541541086876e-25,10.647614
2,axo23.E5B,0.74132353,1.1507974789900152e-25,10.634649
2,axo23.B10B,0.6782861,1.3572366826614468e-25,10.618826
2,axo9.D9A,0.6578843,1.372239187466002e-25,10.61737
2,axo14.F5A,0.73518455,1.471672049528651e-25,10.610409
2,axo10.E9,0.68292874,1.5100017598420924e-25,10.60758
2,axo14.B8A,0.63905156,1.8065716259661947e-25,10.5903845
2,axo23.H3B,0.68183446,2.913703944295688e-25,10.545124
2,axo8.G3B,0.61765254,3.489378933035308e-25,10.52774
2,axo8.C12B,0.73542255,4.000374079951559e-25,10.514442
2,axo23.C4B,0.73562366,4.325940976663785e-25,10.506644
2,axo2.D9,0.71450275,4.900401164643832e-25,10.494456
2,axo23.B6B,0.74621844,4.977979768627226e-25,10.492556
2,axo15.G11B,0.68449736,1.029687687637154e-24,10.423259
2,axo14.B3A,0.7124681,2.0427275474141187e-24,10.357506
2,axo10.G4,0.6303019,2.0515588250091806e-24,10.356676
2,axo10.E5B,0.69376135,2.573170194761373e-24,10.334563
2,axo8.C6A,0.69302964,2.9429462752411425e-24,10.321266
2,axo23.D8B,0.7090387,3.2340634335044773e-24,10.311793
2,axo8.C9A,0.7295422,3.438839244891724e-24,10.305481
2,axo3.E5,0.64848405,4.117366051441353e-24,10.287742
2,axo3.B4,0.628612,4.860976014225995e-24,10.27133
2,axo11.C10B,0.64741546,4.867791490745117e-24,10.270787
2,axo23.G3B,0.7010484,5.188013666671906e-24,10.264233
2,axo23.A9B,0.70692,7.91404006299249e-24,10.222985
2,axo16.A3B,0.6494509,8.3105694091322e-24,10.217841
2,axo8.F1A,0.6580614,1.0072032538282816e-23,10.198782
2,axo9.C4A,0.6764234,1.080889143782111e-23,10.191519
2,axo23.E3B,0.72571033,1.2141149134309475e-23,10.179813
2,axo8.G3A,0.6393002,1.6266009079227957e-23,10.150912
2,axo23.B3B,0.6951083,2.0102946320152116e-23,10.129825
2,axo14.G7A,0.6864988,3.080539190930435e-23,10.087604
2,axo23.A5B,0.65005106,3.223373922806249e-23,10.082754
2,axo3.F4,0.66967094,3.259801088795655e-23,10.081253
2,axo23.C3B,0.68085116,3.482084568194749e-23,10.074375
2,axo14.C9A,0.6718265,3.7256895905063184e-23,10.06733
2,axo15.H10B,0.63507813,5.310362086752823e-23,10.032011
2,axo8.B5A,0.6767768,5.752819106586924e-23,10.023714
2,axo2.G4,0.6911606,6.142613815876816e-23,10.016844
2,axo8.D10A,0.69687074,1.0802183774228693e-22,9.960489
2,axo23.A2B,0.6320953,1.1610201786164501e-22,9.952924
2,axo4.H7,0.7448773,1.3036517759213934e-22,9.941
2,axo8.D2B,0.6373016,1.468611604377848e-22,9.928737
2,axo3.F3,0.64757574,2.2660935750936714e-22,9.884999
2,axo9.G3A,0.64044285,2.4112177479480486e-22,9.878393
2,axo16.H5,0.62077963,2.5611294422672675e-22,9.87196
2,axo8.D5A,0.6563953,2.8964176067008426e-22,9.859228
2,axo3.A12,0.6294846,3.090559618964561e-22,9.852327
2,axo23.E9B,0.6508306,3.715862615743701e-22,9.833411
2,axo23.C6B,0.6583391,3.772330550302256e-22,9.831511
2,axo3.G10,0.64985555,4.999087296481243e-22,9.802738
2,axo8.H12A,0.6694035,7.125202568380093e-22,9.766505
2,axo23.H5B,0.6733683,7.37524199562612e-22,9.762629
2,axo23.B2B,0.6077813,7.788850828915112e-22,9.756716
2,axo8.B3B,0.6139881,2.2004614782922597e-21,9.65041
2,axo23.G1B,0.65485835,3.0290591356310524e-21,9.617202
2,axo8.H5A,0.68129635,3.3370022249142236e-21,9.6068535
2,axo15.H6B,0.6223349,3.6694645296142834e-21,9.596687
2,axo15.D1B,0.64517546,4.882244031578062e-21,9.56682
2,axo3.C11,0.59602225,5.069366303373301e-21,9.5625515
2,axo9.E3A,0.5841291,9.321172550300773e-21,9.498949
2,axo23.C9B,0.6424674,1.344830562056202e-20,9.460318
2,axo8.B7A,0.6036296,1.6363282300289356e-20,9.439404
2,axo2.G6,0.63867235,1.6980969942286967e-20,9.4351425
2,axo14.A12A,0.68706334,2.2238824125233545e-20,9.406445
2,axo4.H4,0.63281614,2.2729198570703542e-20,9.403774
2,axo3.C3,0.6434343,2.291457506772013e-20,9.402545
2,axo3.C2,0.6458833,2.6305821553057407e-20,9.387642
2,axo15.E1B,0.6187875,4.0397209307484034e-20,9.341967
2,axo8.E5B,0.6689059,5.1847503082863716e-20,9.31514
2,axo8.C3A,0.6325834,1.0118251393940078e-19,9.24352
2,axo14.D9A,0.718782,1.425466673998908e-19,9.206412
2,axo14.F2A,0.6020756,1.5479579162463007e-19,9.197181
2,axo16.A1,0.5870159,1.745929798730859e-19,9.183862
2,axo15.H5B,0.60910356,2.441745466218378e-19,9.147312
2,axo14.B2A,0.67474645,4.664022355243701e-19,9.07674
2,axo10.H9,0.5301504,4.802111524243655e-19,9.073188
2,axo2.A7,0.6081105,5.39200354782545e-19,9.060185
2,axo23.F4B,0.54769593,6.353543706937967e-19,9.041896
2,axo11.C11B,0.5665706,7.72715432292755e-19,9.020107
2,axo23.C2B,0.5735241,1.276810591031588e-18,8.964552
2,axo2.D6,0.6327497,1.3629614512499167e-18,8.956979
2,axo16.H2,0.64735234,1.6041888102149233e-18,8.938614
2,axo8.H12B,0.5839381,1.8702275812013444e-18,8.9212675
2,axo2.B11,0.5961518,1.974358411013326e-18,8.914894
2,axo23.C7B,0.6311994,3.1646334228614643e-18,8.862092
2,axo15.G1B,0.6793651,3.568866480279638e-18,8.848312
2,axo23.C1B,0.5409752,3.806357296752882e-18,8.840748
2,axo3.B5,0.5983514,4.314029903610308e-18,8.82638
2,axo23.F1B,0.57024056,5.449679893588472e-18,8.799824
2,axo10.A5,0.58798295,8.081248636830879e-18,8.75513
2,axo16.D7,0.5507303,9.005827848393735e-18,8.742534
2,axo16.F3,0.5985861,1.043103837981236e-17,8.725556
2,axo23.E1B,0.54712886,1.2603702434105798e-17,8.7037525
2,axo9.F11A,0.54686576,2.0912110109394743e-17,8.6457615
2,axo16.A4,0.5799042,2.0974482683950705e-17,8.645052
2,axo23.E2B,0.63527405,2.515715499450164e-17,8.623897
2,axo14.E3A,0.5855784,3.0799973821698626e-17,8.600335
2,axo3.D4,0.5563183,3.9734631616701596e-17,8.570687
2,axo10.B11B,0.54897743,4.5836765379893564e-17,8.553853
2,axo15.C6B,0.55874366,5.1836954384915755e-17,8.539282
2,axo3.F9,0.559326,5.80710801106125e-17,8.525781
2,axo23.D2B,0.5443673,7.577793313155403e-17,8.494556
2,axo8.E11A,0.53483534,8.21357056074365e-17,8.484827
2,axo16.D10,0.58104813,1.0202688830099617e-16,8.459207
2,axo10.H6,0.5487426,1.297786724816913e-16,8.430736
2,axo9.F2A,0.55933386,1.362181606569127e-16,8.424702
2,axo11.G3B,0.55485904,1.5909140451867475e-16,8.406073
2,axo10.G1,0.54391575,1.5909140451867475e-16,8.405778
2,axo16.C10,0.54786825,1.7795579805387197e-16,8.392255
2,axo23.B9B,0.5552719,1.8067062309477878e-16,8.390113
2,axo3.H9,0.5948071,2.041105189405858e-16,8.375399
2,axo9.G1A,0.54545355,2.3461819558535563e-16,8.358618
2,axo14.D7A,0.5236075,2.5890668559414835e-16,8.346625
2,axo3.H8,0.53941625,2.7006573061497505e-16,8.341278
2,axo10.F3,0.5642632,3.585233751005539e-16,8.307354
2,axo23.H9B,0.5384479,4.380999644267473e-16,8.283166
2,axo23.E4B,0.5183531,4.621951442798941e-16,8.276431
2,axo10.G1B,0.51989925,6.714834012026356e-16,8.231458
2,axo10.E4,0.52512294,6.933226551979838e-16,8.227263
2,axo16.G9,0.5646008,1.1830635809984578e-15,8.162628
2,axo16.H7,0.5351806,1.3230784750379843e-15,8.14875
2,axo15.H12B,0.51375765,2.2155029343094123e-15,8.085804
2,axo8.F10A,0.59092516,2.3247644885308052e-15,8.079574
2,axo9.H1A,0.4953603,3.0424599784557465e-15,8.046336
2,axo10.C7,0.5125723,4.1244919247278285e-15,8.008633
2,axo23.G9B,0.53366834,4.798702682853077e-15,7.9896264
2,axo10.E3B,0.60951114,5.969279895727668e-15,7.962309
2,axo23.A10B,0.5013588,6.955202872844431e-15,7.9430165
2,axo16.E5,0.49781787,7.0841891493547944e-15,7.9403768
2,axo10.C3B,0.50418526,7.568581653703591e-15,7.931809
2,axo16.G12,0.52331066,8.623529591625322e-15,7.915231
2,axo23.F9B,0.50847393,9.398988596644702e-15,7.904152
2,axo10.F5,0.48134297,1.3769655817778809e-14,7.856078
2,axo3.A11,0.46379358,1.4308732457002693e-14,7.8509045
2,axo8.B1A,0.5168625,1.667372971122655e-14,7.8313403
2,axo3.F5,0.45682076,2.2633059093407106e-14,7.7924757
2,axo14.D12A,0.52986324,3.960351310889885e-14,7.721127
2,axo3.C4,0.4860932,4.1331837408312546e-14,7.7153196
2,axo23.C11B,0.63520586,5.819147043977476e-14,7.671206
2,axo2.G10,0.5166966,6.589033518992107e-14,7.654892
2,axo16.A2,0.49368098,7.954960093088412e-14,7.6302824
2,axo3.A5,0.5739681,1.0077209834073355e-13,7.599375
2,axo2.A2,0.4876114,1.0471596188771007e-13,7.5940423
2,axo9.E4A,0.48783273,1.0564752870464248e-13,7.592534
2,axo23.D1B,0.50883293,1.1034349587407174e-13,7.586538
2,axo23.A1B,0.5450469,1.1744283670762582e-13,7.5780907
2,axo23.B1B,0.4796671,1.1917110217560493e-13,7.5758357
2,axo16.E11,0.5214674,1.357904590717339e-13,7.5585113
2,axo10.H3,0.52442276,1.4370386240730995e-13,7.550781
2,axo23.G2B,0.484725,1.733791848658767e-13,7.525937
2,axo23.F6B,0.5360727,1.8993027897834042e-13,7.5136585
2,axo10.A4B,0.5212859,2.2994895968670704e-13,7.488241
2,axo2.D11,0.51814204,2.742697460209704e-13,7.46471
2,axo3.E4,0.55019736,3.554235108317449e-13,7.4301443
2,axo14.H8A,0.53071105,4.083274923436691e-13,7.41141
2,axo10.G6,0.43466923,4.71428708914423e-13,7.391974
2,axo21.E11B,0.50943977,5.953030940449217e-13,7.360538
2,axo9.A1A,0.42872813,9.64919809267647e-13,7.2954345
2,axo14.E11A,0.5262149,1.0298658399136104e-12,7.285939
2,axo9.F5A,0.4371429,1.106050242395893e-12,7.2759533
2,axo16.H4,0.47628537,1.1179450750866652e-12,7.274151
2,axo9.E12A,0.4432018,1.1235530217676354e-12,7.2731175
2,axo14.C5A,0.5576638,1.183672172623048e-12,7.2657185
2,axo8.A10B,0.49545532,1.501340274737569e-12,7.2331595
2,axo15.B3B,0.5111281,2.1799561603696316e-12,7.182001
2,axo8.E6B,0.44595355,2.2054205621999766e-12,7.180055
2,axo3.E3,0.46911833,2.829899767996299e-12,7.145173
2,axo16.D3,0.4385216,4.371290065466685e-12,7.0848436
2,axo21.D4B,0.48220226,4.573658397959902e-12,7.078214
2,axo16.F4,0.45990467,5.3112569074091e-12,7.0567417
2,axo16.D9,0.40985653,5.368381374906515e-12,7.0545692
2,axo16.B1,0.4374108,5.368381374906515e-12,7.054539
2,axo15.D5B,0.41664204,5.401316321793036e-12,7.0533323
2,axo10.E1B,0.53879035,5.640952745598683e-12,7.046937
2,axo10.B7,0.42053276,5.711357340506213e-12,7.044855
2,axo3.D2,0.50634825,7.162468671022363e-12,7.0129066
2,axo9.H8A,0.47087592,7.52131937042021e-12,7.0057116
2,axo3.C7,0.420075,1.0292390582284028e-11,6.961311
2,axo14.C3A,0.45977592,2.2054956762788174e-11,6.852433
2,axo3.H10,0.5269995,2.3243626151672872e-11,6.8442044
2,axo14.H6A,0.5264989,4.095374144760083e-11,6.762282
2,axo15.E4,0.43111673,4.5373239213921776e-11,6.747062
2,axo16.B9,0.47816366,4.601220595331067e-11,6.7446713
2,axo8.A7B,0.43628943,9.962114097887388e-11,6.630868
2,axo23.H1B,0.42648673,1.0356300615317935e-10,6.624774
2,axo4.F12,0.48428884,1.2220497437962295e-10,6.599915
2,axo16.D5,0.42624617,1.3163737756419937e-10,6.588519
2,axo14.A10A,0.43297115,2.0281637456165348e-10,6.522201
2,axo15.H8B,0.3923963,2.1016485654196878e-10,6.516137
2,axo8.B11B,0.46059722,2.1585857089856222e-10,6.5117626
2,axo14.F8A,0.4539113,2.2545075906277266e-10,6.5048695
2,axo3.E12,0.45162246,2.867409249606927e-10,6.46826
2,axo2.F1,0.46176308,3.291089415384143e-10,6.4470363
2,axo23.C10B,0.382909,5.74528564229882e-10,6.360928
2,axo15.D8B,0.40782934,6.276525792324439e-10,6.3469677
2,axo9.D7A,0.38951847,6.523417664668247e-10,6.3403
2,axo16.F5,0.39887765,6.824433508258399e-10,6.3329844
2,axo15.D6B,0.3793195,8.852822796723762e-10,6.2916384
2,axo8.G12A,0.38940805,1.0570103065448533e-09,6.2633405
2,axo8.A3B,0.4395449,1.1114259618675269e-09,6.25515
2,axo14.C6A,0.4833043,1.216207207131456e-09,6.240352
2,axo16.C4,0.3731034,1.5054466821897904e-09,6.206533
2,axo9.A11A,0.39149195,1.5906220073848671e-09,6.1975126
2,axo9.A2A,0.42109162,1.6170773127292888e-09,6.1941943
2,axo10.G8,0.35008842,1.877902181235166e-09,6.1695166
2,axo21.D10B,0.4144848,2.0027907598816457e-09,6.1586103
2,axo23.H10B,0.3647171,2.1115804336563665e-09,6.149869
2,axo8.H4B,0.4007045,2.6894792407722244e-09,6.1103106
2,axo16.E2,0.35822225,3.0291412958051952e-09,6.090588
2,axo16.D1,0.38778335,3.192673973066144e-09,6.081809
2,axo11.B9B,0.35621712,3.2841768818257653e-09,6.076922
2,axo16.G8,0.38890153,4.329022571254039e-09,6.030319
2,axo9.C9A,0.37971047,4.500201176769544e-09,6.0233426
2,axo15.E8B,0.38128293,4.548348443801316e-09,6.0212684
2,axo10.H10,0.3503344,5.644648176646248e-09,5.985519
2,axo15.A9,0.378379,5.9482520457784935e-09,5.976634
2,axo8.G4A,0.37283203,8.755917440734788e-09,5.9118853
2,axo2.A12,0.48831668,8.925224930471672e-09,5.908378
2,axo15.G3,0.35664824,8.98768175119769e-09,5.906877
2,axo16.A3,0.37556723,9.453918327965063e-09,5.8978343
2,axo16.E1,0.3861311,1.1295789100814614e-08,5.8659387
2,axo9.G2A,0.34794882,1.1329290312730435e-08,5.864754
2,axo8.H11B,0.3781759,1.1491169488683638e-08,5.8620543
2,axo15.E2B,0.40838698,1.353195389032596e-08,5.8345103
2,axo3.B9,0.38378882,1.4200661871195003e-08,5.826116
2,axo2.H6,0.38732502,1.7799606973179093e-08,5.785864
2,axo16.H1B,0.3367601,2.3285217346534463e-08,5.7388234
2,axo16.E4,0.34247127,3.1066757640238074e-08,5.6880727
2,axo9.C10A,0.3433933,3.6274454797083855e-08,5.6594954
2,axo23.F10B,0.33205968,3.7762080846239664e-08,5.6519156
2,axo16.A10,0.34006763,3.879508602266745e-08,5.646938
2,axo10.H1,0.36600816,4.334376938735971e-08,5.6271625
2,axo14.G3A,0.3508824,4.952757554169237e-08,5.6034274
2,axo4.D11,0.431816,5.033870142933666e-08,5.6002746
2,axo15.B9B,0.35115364,6.354352032274814e-08,5.55874
2,axo9.D11A,0.33873326,8.466782867962612e-08,5.505719
2,axo23.D10B,0.3294073,1.1163156459495428e-07,5.455466
2,axo10.B3,0.3082192,1.4556535388627006e-07,5.406427
2,axo11.G2B,0.30760917,1.500072523761268e-07,5.4007025
2,axo16.A6,0.35881987,1.5261215344272976e-07,5.3972783
2,axo9.C8A,0.30274928,1.6745189567858342e-07,5.3802633
2,axo10.C7B,0.32707402,1.8382178096527474e-07,5.363113
2,axo16.B2,0.32140628,1.986752858182881e-07,5.3480587
2,axo4.B5,0.4424848,2.093354411498586e-07,5.338254
2,axo15.C4B,0.3290254,2.4455483106441697e-07,5.3086433
2,axo15.D10B,0.30349848,2.565945595558231e-07,5.299208
2,axo10.H4,0.3477449,3.211043796446776e-07,5.2567687
2,axo10.D6B,0.3976,3.7051331003048767e-07,5.2300396
2,axo8.C1A,0.30240044,3.7164429705881356e-07,5.229142
2,axo3.A9,0.35867834,4.105060614415125e-07,5.209721
2,axo9.F10A,0.29664063,4.156236313586341e-07,5.207089
2,axo9.G10A,0.3195432,5.046632700060584e-07,5.169936
2,axo9.G4A,0.3185873,5.24389682947235e-07,5.1621
2,axo14.E7A,0.36013785,5.36482395166708e-07,5.1574993
2,axo4.H9,0.4033873,5.406019825827823e-07,5.1557345
2,axo15.E5B,0.26488993,9.01081213174386e-07,5.055485
2,axo11.B4B,0.34247804,9.508673096262418e-07,5.0448804
2,axo4.F2,0.41043943,9.736325074762288e-07,5.0400233
2,axo16.G3B,0.39433715,1.1526550813333068e-06,5.0072904
2,axo8.F2B,0.35302964,1.2090169957849341e-06,4.9974256
2,axo16.E12,0.2724738,1.3511830014314213e-06,4.9739466
2,axo15.A12,0.32682952,1.6631306677794986e-06,4.931892
2,axo9.D2A,0.2854141,1.8155663823469733e-06,4.9140773
2,axo9.A6A,0.28057784,1.9126363383131036e-06,4.9032016
2,axo8.F4B,0.31702518,2.0098794837101785e-06,4.8931255
2,axo15.G4B,0.25942895,2.2760022178417227e-06,4.867286
2,axo3.G1,0.27866483,2.4354071525202787e-06,4.8532276
2,axo15.D4B,0.30969346,2.483147133474976e-06,4.849049
2,axo9.F12A,0.27664357,3.6420674518141655e-06,4.769193
2,axo14.A8A,0.27249408,4.276151153676346e-06,4.7357664
2,axo15.F7B,0.27234718,4.76652110305177e-06,4.713374
2,axo16.B10,0.30780122,5.204170671902419e-06,4.6947904
2,axo16.F6,0.30608314,5.75856928998374e-06,4.6733932
2,axo8.B9B,0.27967745,5.9922241651724045e-06,4.6645613
2,axo10.C8,0.26188546,6.269514882102811e-06,4.6545906
2,axo10.F11,0.25079572,6.803667528601746e-06,4.6370554
2,axo4.H11,0.2942237,6.937265797487663e-06,4.6327033
2,axo16.D11,0.27059582,7.035471761345611e-06,4.629136
2,axo10.F1,0.33160043,7.232431043854622e-06,4.622431
2,axo4.G9,0.38810682,7.564433066059924e-06,4.61246
2,axo10.F8,0.26679686,8.052186475321394e-06,4.598153
2,axo9.C1A,0.2537128,9.888189963963917e-06,4.552553
2,axo10.C2B,0.37991622,1.0896330633750349e-05,4.5317674
2,axo16.C3,0.27313218,1.2024081941628606e-05,4.5105963
2,axo8.D12B,0.28819773,1.3614132025506667e-05,4.4825473
2,axo8.F1B,0.27638358,1.5543535766597767e-05,4.452884
2,axo10.H2,0.32683325,1.5591531569848926e-05,4.451572
2,axo16.E7,0.23206758,1.841343149204524e-05,4.414419
2,axo8.G11A,0.27740076,1.9305664419559128e-05,4.4038453
2,axo15.A5,0.2583884,2.1220083118151258e-05,4.3816714
2,axo16.E9,0.24846525,2.146903859910953e-05,4.378805
2,axo9.G11A,0.25564098,2.5138219112494982e-05,4.342339
2,axo16.B7B,0.2649004,2.529932484571391e-05,4.340612
2,axo15.D12B,0.26674074,2.637419737389006e-05,4.3304906
2,axo8.B10B,0.24194434,3.546871504368018e-05,4.262521
2,axo9.D4A,0.2450458,3.901081178590066e-05,4.2395854
2,axo9.D5A,0.23397961,4.850001577685686e-05,4.1888194
2,axo16.A9B,0.28434515,5.277180554666309e-05,4.168644
2,axo21.A1B,0.31333384,5.6851243606142916e-05,4.1513124
2,axo16.F12,0.21953791,6.559544328241305e-05,4.1168222
2,axo16.H6B,0.23026595,8.080128605043199e-05,4.065875
2,axo15.B5,0.2213173,8.219721318021713e-05,4.0615535
2,axo11.A11B,0.22563972,8.604295166294598e-05,4.050542
2,axo2.C1,0.23424307,8.722272002468633e-05,4.0467033
2,axo9.G6A,0.20983292,9.264549189019157e-05,4.03223
2,axo14.F1A,0.27766463,9.306816731123999e-05,4.0308347
2,axo16.G8B,0.3336204,9.89083138565203e-05,4.015856
2,axo10.B4B,0.23416814,0.00011361512217526679,3.981411
2,axo15.A6,0.23691721,0.00013471602172947413,3.9374707
2,axo16.H6,0.23883228,0.00014669416875730772,3.9153495
2,axo9.E10A,0.23420432,0.00014778491773393624,3.9132378
2,axo16.H12,0.24739544,0.0001568385643918981,3.8975651
2,axo9.H7A,0.22043033,0.0002281542834072338,3.8028436
2,axo9.H5A,0.19065627,0.00029801847539651837,3.734512
2,axo14.D11A,0.29619968,0.00032284450780119386,3.713002
2,axo4.H6,0.33241475,0.000332409435427125,3.7052789
2,axo21.D7B,0.21774293,0.00042717252073335164,3.6388779
2,axo8.E8B,0.21111308,0.0004670339605391829,3.6131744
2,axo21.E4A,0.22130708,0.0005860053149633293,3.550258
2,axo10.D2B,0.23639469,0.0006816814705556413,3.508912
2,axo15.B11B,0.17189062,0.0008737535231607902,3.4399695
2,axo15.B4B,0.15968303,0.0009171930199350953,3.4258053
2,axo23.G10B,0.21117376,0.0009223875380494801,3.423935
2,axo21.D11A,0.2565379,0.0009241677617033287,3.4230752
2,axo2.E4,0.20277008,0.000990594776333638,3.4034884
2,axo14.E9A,0.23765188,0.0011030412233784897,3.372988
2,axo16.C6B,0.20636801,0.001698121795385441,3.2481508
2,axo21.B1A,0.2903822,0.0017375526254204913,3.2409253
2,axo11.C2B,0.17109846,0.0018836602054797414,3.217492
2,axo16.F8B,0.25667834,0.002043620484328261,3.1929953
2,axo16.G4,0.21204413,0.0021398525386766612,3.1793363
2,axo10.B9,0.15713534,0.00242364060697973,3.1416636
2,axo9.D10A,0.18672849,0.002684495262299928,3.1105523
2,axo16.C11,0.16261192,0.0028090796071444796,3.0964258
2,axo10.A4,0.16242002,0.0028451442548589937,3.0919383
2,axo16.C1,0.15839635,0.003103458673686092,3.0646358
2,axo16.D4,0.21406795,0.0031654103491460636,3.058014
2,axo2.A1,0.23547095,0.0035831302561500494,3.0189004
2,axo2.D10,0.23638391,0.0036088202416542895,3.0163813
2,axo16.C11B,0.23600823,0.0036089206591030424,3.0160193
2,axo16.F1B,0.21436097,0.003649913185604894,3.0118861
2,axo11.B5B,0.13292173,0.003969220785998557,2.9856246
2,axo21.F10B,0.28030616,0.004134658719399347,2.9727576
2,axo10.B4,0.15618187,0.004204118967753617,2.9665732
2,axo16.H10,0.16619284,0.004322846283328743,2.9576433
2,axo9.G5A,0.1597435,0.004508246408600764,2.9443164
2,axo14.G1A,0.23229748,0.0047457623823629665,2.9280329
2,axo3.A4,0.17535979,0.004967438015268428,2.913092
2,axo10.A8,0.1365463,0.005168370552353481,2.900014
2,axo23.E10B,0.1635038,0.005168370552353481,2.8999686
2,axo8.A1B,0.17926666,0.005297616555211683,2.8914988
2,axo16.C8,0.13178328,0.005806456797471471,2.8614736
2,axo21.D2B,0.21707866,0.008232097250583154,2.7467353
2,axo8.C2B,0.13781126,0.00928317071317911,2.7055855
2,axo9.A7A,0.15539642,0.009697948365365323,2.6895359
2,axo16.D4B,0.25766346,0.010171892795269826,2.6725662
2,axo21.H4A,0.1852046,0.011209148346391659,2.638189
2,axo21.E6A,0.21008292,0.012051699404495636,2.61238
2,axo15.A11B,0.07039864,0.013259340948441927,2.5788026
2,axo10.F6,0.10518183,0.013873850758552965,2.5623455
2,axo10.A1,0.101265036,0.014787474497913577,2.537811
2,axo21.A3B,0.23649983,0.015191914567714388,2.5275838
2,axo2.H12,0.14284939,0.017593959999228463,2.4717195
2,axo21.H4B,0.21103653,0.017934058910812158,2.464479
2,axo3.B8,0.19101052,0.018062407567073394,2.4607608
2,axo8.C11A,0.09077955,0.018250712629192117,2.4566503
2,axo10.C6,0.13979115,0.01996084116226196,2.4235177
2,axo15.E12B,0.13672854,0.02236043202381736,2.381606
2,axo16.G1B,0.13144013,0.022930373978935728,2.3715298
2,axo8.A5B,0.15001771,0.02416201265305825,2.35094
2,axo9.A3A,0.14069203,0.02471658536357235,2.340924
2,axo10.D9,0.084581725,0.024981111357649778,2.3365192
2,axo14.B1A,0.09840029,0.025698132535780766,2.325123
2,axo14.C4A,0.14308201,0.0345077569171837,2.2082129
2,axo15.D2,0.101198226,0.0359815914439027,2.1905868
2,axo8.A4B,0.08872945,0.036039279204846064,2.189546
2,axo14.D1A,0.13625152,0.037088221498223044,2.1778255
2,axo8.E9B,0.14967264,0.040699600625482994,2.140047
2,axo8.C12A,0.084718764,0.046118460330637163,2.087433
2,axo8.C4B,0.093593016,0.04682021451194604,2.0808413
2,axo10.G7B,0.18757048,0.04799444840386541,2.0702674
2,axo15.F3B,0.09184436,0.04848472712607525,2.0656667
2,axo16.D12B,0.11749912,0.0657306152548578,1.933966
2,axo14.D8A,0.06651094,0.06978893953807076,1.9066184
2,axo15.C8B,0.101371065,0.07371495026242984,1.8821667
2,axo21.E4B,0.123813435,0.07430150134095345,1.8782222
2,axo3.A7,0.06974952,0.07442842017728817,1.876744
2,axo10.A11,0.11831197,0.09946558445290891,1.7404654
2,axo15.A3B,0.059690267,0.11311105947314766,1.676923
2,axo10.G5,0.065119065,0.11521005979698418,1.6676311
2,axo16.A7,0.042355552,0.1163915266398765,1.6622461
2,axo2.D4,0.100304455,0.11929119859333565,1.6489266
2,axo21.F6A,0.07766495,0.12264574996435526,1.6340159
2,axo10.B6B,0.070012,0.12482892316329755,1.6239547
2,axo15.B7B,0.09190824,0.12536853185185842,1.6213602
2,axo11.D8B,0.029069884,0.1297678093383111,1.6034402
2,axo8.E4A,0.12905176,0.14286511547761518,1.5540317
2,axo21.A2A,0.17446437,0.14974988622852883,1.5291954
2,axo16.D6,0.049813226,0.15143958208354358,1.5229732
2,axo16.F4B,0.091739684,0.16039645336582672,1.4929329
2,axo21.F4B,0.05226769,0.1625326945815656,1.4845537
2,axo16.G5,0.042179983,0.1642557328933044,1.477547
2,axo10.H7,0.026614541,0.16607612683704917,1.4707817
2,axo21.F8A,0.15244061,0.16955288043764752,1.4589105
2,axo15.F4B,0.021469196,0.17059580724548157,1.4551771
2,axo10.E12,0.075925805,0.19671864731463207,1.3752382
2,axo21.C4A,0.06788162,0.2001464701657007,1.3652674
2,axo9.E6A,0.06359215,0.20589463843396216,1.349165
2,axo16.A8,0.0637695,0.20990860882687903,1.3374144
2,axo10.G11,-0.006817577,0.21320012910257502,1.3276926
2,axo11.D7B,0.00066921377,0.21352401699576945,1.3263124
2,axo10.G9,0.011614342,0.22301737993096574,1.298135
2,axo10.B11,-0.005834412,0.23468163440738304,1.2680268
2,axo21.A11B,0.08643193,0.24214005695679405,1.2483646
2,axo16.G4B,0.05831015,0.2498387340134288,1.2296149
2,axo16.H12B,0.115864195,0.2630781459468125,1.1975533
2,axo11.E2B,0.11191464,0.26340572467418394,1.1958185
2,axo14.C11A,0.14290309,0.27161346384565443,1.1751456
2,axo3.G6,0.07303951,0.2772317781604708,1.161698
2,axo16.E4B,0.0669059,0.3003133708565821,1.1116636
2,axo13.E4B,0.0029721712,0.3005381976025135,1.1106228
2,axo21.F8B,0.1011638,0.31547267832616155,1.0783877
2,axo10.A2,0.041180156,0.32352003476942287,1.0597285
2,axo10.F9,0.03148058,0.3283236075068455,1.0486642
2,axo8.G11B,0.031195115,0.3376416072392336,1.0294017
2,axo21.C11A,0.0059967944,0.3401125241538446,1.024092
2,axo4.H12,0.111214854,0.34170733860995123,1.0204642
2,axo4.G2,0.06967276,0.3423470530328231,1.0186541
2,axo15.C9,-0.026567994,0.34688660641036906,1.0094829
2,axo8.B9A,0.08574175,0.35120422217649894,1.0007944
2,axo16.A11B,0.13796237,0.35592106230465265,0.99142706
2,axo15.F10B,-0.0077099027,0.3608312698234153,0.98116976
2,axo10.C8B,0.014896073,0.38722546528899204,0.92949116
2,axo11.C3B,0.03633962,0.3922736117641036,0.9184193
2,axo10.D7,-0.005555206,0.39920407247365564,0.90488875
2,axo21.F1B,-0.0035488566,0.40408874262075684,0.8958533
2,axo2.A4,-0.009272393,0.441719727231428,0.8291659
2,axo4.H8,0.06663788,0.467871470138244,0.785331
2,axo10.C3,-0.013211585,0.48461213945468534,0.7585263
2,axo4.H10,0.061955128,0.4989938600521216,0.7344519
2,axo3.D1,0.0021164913,0.5144343790390382,0.7077226
2,axo10.C1,-0.03221163,0.5191986293691466,0.699909
2,axo16.D7B,0.07719023,0.5351373131389351,0.6735266
2,axo15.B6B,-0.01754044,0.5407687800835796,0.6645666
2,axo21.D11B,0.006671785,0.5523376516669116,0.6470236
2,axo14.E4A,0.016547624,0.560832505359967,0.6333497
2,axo8.D11A,-0.014422518,0.5628624121678408,0.62972194
2,axo21.C8A,0.014392759,0.5661102185830386,0.624352
2,axo3.E7,0.00032918097,0.5683412881810045,0.62044513
2,axo8.C10B,-0.004647097,0.5728221009026881,0.6133329
2,axo11.B10B,0.041264135,0.6006684611805535,0.57118
2,axo11.B7B,0.06297088,0.6232999171114847,0.5376477
2,axo14.E2A,0.003936689,0.6297790495542497,0.52802396
2,axo8.E3B,-0.026429538,0.6531328882436417,0.49483112
2,axo15.B12,-0.022903,0.6802282330299816,0.4571054
2,axo16.E2B,0.040588934,0.6948448016340253,0.43703583
2,axo2.C4,0.052366816,0.7076649559462375,0.4170492
2,axo15.A10B,-0.06226572,0.7265962796740134,0.3891735
2,axo16.D8B,-0.05164124,0.7332554553247211,0.37891623
2,axo2.D8,-0.027329896,0.7548877808667961,0.34856674
2,axo10.B3B,-0.049761117,0.7663333737736083,0.3330752
2,axo10.B2,-0.06387667,0.7846004959260061,0.30897057
2,axo8.D4A,0.030961394,0.7862458711731896,0.30602917
2,axo8.A12B,-0.03287099,0.7944193162337888,0.29395422
2,axo14.H12A,0.12069293,0.8006834828609106,0.2828145
2,axo14.H9A,0.008525738,0.8122367512832817,0.26709673
2,axo16.B3B,0.0013872468,0.8128119452180296,0.2654978
2,axo16.G6B,-0.02256031,0.8305317338455058,0.24229822
2,axo2.B7,0.007494624,0.8491512845148054,0.21626282
2,axo16.B3,-0.048120603,0.8532866205694057,0.2092788
2,axo14.E8A,-0.031132868,0.8535281374090526,0.20807207
2,axo15.A6B,-0.03185455,0.8880986883347837,0.1639959
2,axo2.E11,0.028368395,0.8962277083104083,0.15201147
2,axo21.F5B,-0.033664674,0.8974361082511366,0.14956783
2,axo16.E5B,-0.021475574,0.9057437904319431,0.13779457
2,axo16.H2B,-0.013363791,0.9057458215187474,0.13639174
2,axo15.B8,-0.02094049,0.9248865784700143,0.11133681
2,axo15.F1B,-0.080347724,0.9248865784700143,0.11066556
2,axo12.G1,-0.060218893,0.9267181055188474,0.10742245
2,axo21.C12B,-0.04030717,0.940025256908674,0.08794869
2,axo3.C1,-0.055565238,0.9462356045327855,0.079237536
2,axo16.B1B,-0.058559816,0.956918065204626,0.06495276
2,axo2.C3,-0.0199886,0.9761233263203335,0.037589937
2,axo16.A12B,-0.025978679,0.976327269534435,0.03574966
2,axo15.E11B,-0.10029683,0.9773377230259761,0.03252163
2,axo16.G11B,-0.01697059,0.9914549683172015,0.012142817
2,axo21.H3B,-0.102550566,0.9914549683172015,0.010709814
2,axo16.F5B,-0.08579572,0.9914549683172015,-0.011102004
2,axo8.E10B,-0.03870229,0.9841738474280451,-0.022897884
2,axo16.D10B,-0.031116687,0.9773377230259761,-0.032461293
2,axo21.F6B,-0.009969861,0.9761233263203335,-0.03701674
2,axo21.D12B,-0.04648636,0.9741516270948005,-0.041496757
2,axo15.H4B,-0.055357784,0.9662722904199028,-0.05231216
2,axo11.E5B,-0.030027151,0.9286121767926336,-0.10313098
2,axo4.F1,-0.031505466,0.9274506243718124,-0.10554446
2,axo21.H8B,-0.040098447,0.9057437904319431,-0.13734205
2,axo21.E6B,-0.047894765,0.8895547025651175,-0.16125058
2,axo15.G7B,-0.08040681,0.8504488619791403,-0.2137362
2,axo15.A7,-0.0995349,0.8399205194456394,-0.22872995
2,axo13.F5B,-0.039961156,0.8399205194456394,-0.22961992
2,axo10.D1,-0.09568776,0.8006834828609106,-0.28257316
2,axo10.B1B,-0.030251993,0.7986400782992013,-0.28688726
2,axo8.E6A,-0.068811275,0.7986400782992013,-0.28757358
2,axo16.G10B,-0.08391413,0.7870227993466787,-0.30418888
2,axo16.C5B,-0.025994956,0.7494274641461617,-0.35641053
2,axo11.D11B,-0.040292695,0.7483113310761511,-0.3586732
2,axo16.H10B,-0.041127495,0.7266212150224372,-0.3883288
2,axo16.E9B,-0.06372818,0.7264784358441962,-0.3901389
2,axo2.E6,0.014562546,0.7168157101881533,-0.40350354
2,axo3.D7,-0.02979565,0.7168157101881533,-0.40422758
2,axo10.B10,-0.13047308,0.706107751494564,-0.41988504
2,axo13.H12B,-0.096697405,0.7028906767905616,-0.424893
2,axo16.G11,-0.12242395,0.6978706289545884,-0.4322692
2,axo15.C2,-0.10341485,0.660618708087614,-0.48400816
2,axo21.A8B,-0.04803479,0.6297873702901955,-0.5272622
2,axo15.F12,-0.09423818,0.6082961124296802,-0.5590975
2,axo10.D3B,-0.083493434,0.6018138669271308,-0.5688495
2,axo15.D2B,-0.1360568,0.6006684611805535,-0.5712177
2,axo10.G2B,-0.022218794,0.5864543414993364,-0.5925695
2,axo13.C7B,-0.11401975,0.5780605409418412,-0.6051648
2,axo11.F3B,-0.083801255,0.5531002815465255,-0.6452135
2,axo16.D11B,-0.1422045,0.5279730607989249,-0.68479455
2,axo16.G6,-0.14649382,0.5214822421487781,-0.69512725
2,axo11.B3B,-0.111836396,0.5207397054854478,-0.6969223
2,axo29.E8B,-0.13036707,0.5105920985211677,-0.7141786
2,axo2.C2,-0.05092466,0.5096580312535207,-0.7162678
2,axo21.F1A,-0.11858438,0.5060454728294935,-0.7223996
2,axo29.B7A,-0.111646675,0.5019373642386501,-0.7293006
2,axo10.C1B,-0.12862858,0.49539106465989186,-0.7406213
2,axo10.B8,-0.15330553,0.4868750347432265,-0.75436306
2,axo13.F6B,-0.1353567,0.467871470138244,-0.78531593
2,axo15.H9B,-0.13546874,0.4505508643795839,-0.8142174
2,axo2.D12,-0.097832955,0.43029997933087283,-0.8485491
2,axo15.G8B,-0.113121115,0.43027624530950326,-0.8492279
2,axo10.E1,-0.14425203,0.42258233797888395,-0.8626529
2,axo21.D8A,-0.10217605,0.41346894469776685,-0.878612
2,axo21.D9B,-0.061953012,0.41062074608046994,-0.8840725
2,axo2.B1,-0.104325555,0.39916327103065535,-0.9055826
2,axo21.H12A,-0.110729314,0.3922736117641036,-0.91817045
2,axo21.D1B,-0.12453013,0.3910449410610993,-0.92155683
2,axo16.D1B,-0.09407478,0.3888231151932521,-0.92606705
2,axo21.G6B,-0.12038058,0.3868565212311259,-0.93075824
2,axo16.H7B,-0.12721275,0.38377963017399686,-0.93679947
2,axo13.F4B,-0.15523015,0.38377963017399686,-0.93680704
2,axo15.C12B,-0.123404406,0.38277540986518976,-0.9398088
2,axo8.C6B,-0.119323306,0.37385805659516946,-0.9563109
2,axo10.E3,-0.16669059,0.3659395946573074,-0.97122926
2,axo16.B9B,-0.15048356,0.3586374587508323,-0.9858082
2,axo12.G9,-0.120955884,0.3372939862581871,-1.0306612
2,axo11.A9B,-0.13007392,0.3283236075068455,-1.0485662
2,axo3.E2,-0.15544671,0.32522325449289086,-1.0557991
2,axo15.D8,-0.18541491,0.3162193520040392,-1.0747675
2,axo13.H11B,-0.14376496,0.3156881312682665,-1.0764117
2,axo12.G10,-0.14498435,0.3155803322869757,-1.0772111
2,axo21.G1B,-0.118677236,0.31547267832616155,-1.0780107
2,axo10.G3,-0.18868323,0.3047496365615144,-1.1008255
2,axo10.E7,-0.21447012,0.30414727098752353,-1.1026356
2,axo29.D3B,-0.15051389,0.2795761261453987,-1.1560414
2,axo16.H5B,-0.10254809,0.274555949985066,-1.1681088
2,axo10.C2,-0.17256042,0.26770319728195163,-1.1843847
2,axo11.C6B,-0.16706015,0.2640687131420128,-1.1930883
2,axo16.B10B,-0.111064844,0.26366009208367996,-1.1945666
2,axo2.E1,-0.09734342,0.26340572467418394,-1.1956979
2,axo16.A6B,-0.16807534,0.2570959271139151,-1.2117099
2,axo12.B7,-0.1066639,0.2556034082723747,-1.215692
2,axo16.B2B,-0.1359093,0.23669287590483742,-1.2620385
2,axo10.G8B,-0.15180346,0.23623419952770047,-1.2636977
2,axo8.F3B,-0.14929211,0.23347400335765867,-1.2715265
2,axo13.C8B,-0.19492683,0.2179337356775868,-1.3116655
2,axo7.C3B,-0.19497006,0.2179337356775868,-1.3119824
2,axo21.A10A,-0.14677171,0.21707059021411618,-1.3149614
2,axo3.B7,-0.16678004,0.21707059021411618,-1.3152481
2,axo8.A1A,-0.1739327,0.21707059021411618,-1.3153914
2,axo29.G8A,-0.20624523,0.2140823427484323,-1.3243213
2,axo3.H7,-0.14639288,0.211890013283269,-1.3316598
2,axo10.A1B,-0.16840187,0.20666261003647424,-1.3465781
2,axo29.C1A,-0.2038691,0.19545563619547326,-1.3792732
2,axo16.H3B,-0.1830103,0.19110423660734022,-1.3920194
2,axo21.B5B,-0.13071844,0.1867510566487361,-1.4049767
2,axo10.E5,-0.16294561,0.1806646943089639,-1.4232513
2,axo4.G3,-0.16800562,0.17326104485512064,-1.4459833
2,axo16.A5B,-0.17791674,0.17170470300636617,-1.4512552
2,axo16.A1B,-0.21242715,0.16955288043764752,-1.4590386
2,axo21.A12B,-0.1855792,0.16583253147819177,-1.4720564
2,axo21.H11B,-0.198938,0.16328102601467295,-1.4811522
2,axo10.H8,-0.1965815,0.162966845622024,-1.4826605
2,axo7.H7B,-0.1721341,0.16242003432460816,-1.485421
2,axo15.G10B,-0.22511101,0.16101173009333705,-1.4904441
2,axo16.C10B,-0.20684294,0.14383698509218193,-1.5501174
2,axo21.A5A,-0.17826115,0.13898352234481018,-1.5683618
2,axo15.B1,-0.23732355,0.1334532838076608,-1.589095
2,axo21.H10A,-0.11593246,0.1290501134755412,-1.6066606
2,axo21.B9B,-0.21497951,0.12482892316329755,-1.6243997
2,axo8.B3A,-0.26975068,0.12333084642609358,-1.630818
2,axo8.C5A,-0.2011975,0.12039421626859619,-1.6435039
2,axo13.F9B,-0.19788086,0.11958733840694805,-1.6472448
2,axo10.C9,-0.21465848,0.1181518215609343,-1.6540477
2,axo15.A9B,-0.21608157,0.11738202969053352,-1.657683
2,axo8.F11A,-0.19327623,0.1128125290953647,-1.6786653
2,axo2.G8,-0.10604506,0.11066169567769378,-1.6883267
2,axo13.D10B,-0.20984721,0.10948207011111179,-1.6939003
2,axo13.D4B,-0.1976034,0.10803844428566968,-1.7006732
2,axo21.H8A,-0.23694076,0.10297419130299751,-1.7237822
2,axo10.D6,-0.19406994,0.09845751617709483,-1.745677
2,axo21.G4B,-0.18916546,0.09845751617709483,-1.7458354
2,axo14.C12A,-0.24156995,0.09553441963420099,-1.7605878
2,axo16.A8B,-0.13289404,0.09230011656340681,-1.776924
2,axo13.A11B,-0.231267,0.09151389614413598,-1.7813135
2,axo21.H5A,-0.14079154,0.08249199216187318,-1.8289119
2,axo15.C11B,-0.16766264,0.07759758721985052,-1.8567348
2,axo13.G6B,-0.23512246,0.0772586141829708,-1.8591331
2,axo2.H1,-0.19831209,0.07601109434213195,-1.866811
2,axo20.B1A,-0.8569131,0.07442842017728817,-1.8765706
2,axo3.H2,-0.2535969,0.06651325494951457,-1.9279625
2,axo8.G10A,-0.24581473,0.06587233055423021,-1.9325935
2,axo13.H3B,-0.24858254,0.06145430007937537,-1.963305
2,axo15.C3B,-0.2506029,0.05678725314588585,-1.9972671
2,axo21.A4B,-0.2741965,0.05669934677880835,-1.9983532
2,axo3.H3,-0.2533633,0.05335441157651813,-2.0242982
2,axo21.F9A,-0.17377737,0.05304379632945821,-2.0271642
2,axo15.F3,-0.22420974,0.05074093934487343,-2.046042
2,axo15.B5B,-0.27135614,0.05048148167183825,-2.0485914
2,axo21.E7B,-0.19848236,0.04543393228140688,-2.0939496
2,axo16.D5B,-0.1909261,0.04410121276237281,-2.106462
2,axo10.C9B,-0.30631217,0.041053216288745135,-2.1357481
2,axo4.F4,-0.26633185,0.04070250521433928,-2.139602
2,axo10.D2,-0.29210594,0.03774055360464052,-2.1705172
2,axo15.B9,-0.30092436,0.0359815914439027,-2.1905944
2,axo15.B10B,-0.28316525,0.03557495117276773,-2.1958737
2,axo13.B4B,-0.26299813,0.033231342123645466,-2.2233121
2,axo11.C8B,-0.26809058,0.03223226419837203,-2.2355604
2,axo3.H1,-0.26596996,0.032124343899472683,-2.237265
2,axo21.G8B,-0.28467056,0.029594325369623073,-2.2692285
2,axo13.B2B,-0.27617487,0.029290777254078058,-2.2735727
2,axo15.E10B,-0.28409728,0.028423288200845907,-2.2854366
2,axo21.C1A,-0.19281174,0.02823294814121844,-2.288393
2,axo10.B5,-0.27261376,0.027698521485748497,-2.2960484
2,axo29.F10A,-0.27879676,0.02683426740025344,-2.30844
2,axo15.C9B,-0.26112986,0.025203345328078094,-2.3328085
2,axo16.B6B,-0.27250567,0.02471658536357235,-2.3408937
2,axo10.H5,-0.25221115,0.024578739260537392,-2.3437748
2,axo15.C7B,-0.31723663,0.024191590573904,-2.3500876
2,axo21.A6B,-0.24905229,0.02408017907552249,-2.3525991
2,axo15.C12,-0.25909257,0.023467648632370677,-2.3625622
2,axo29.E1A,-0.23997964,0.022686481697570704,-2.375874
2,axo16.E12B,-0.25830206,0.019918908659130277,-2.4246716
2,axo21.B1B,-0.27271608,0.01796251544021855,-2.4631364
2,axo21.E12B,-0.29641733,0.017949407729150258,-2.4637852
2,axo29.H2A,-0.28033096,0.017593959999228463,-2.4718475
2,axo16.D6B,-0.31036612,0.017328710417551945,-2.477919
2,axo29.A9A,-0.28113663,0.017165398529857837,-2.4816825
2,axo15.A2,-0.22000721,0.01681627052938827,-2.489383
2,axo16.B12B,-0.31388333,0.016736955333045395,-2.4914496
2,axo21.B8A,-0.25244862,0.016453124521738572,-2.4979057
2,axo13.H6B,-0.26712814,0.016453124521738572,-2.498132
2,axo21.B4B,-0.27133918,0.016105419079006082,-2.5062397
2,axo11.B6B,-0.26374656,0.01538156895068319,-2.52284
2,axo21.A9B,-0.2652645,0.014902620676352564,-2.5347111
2,axo29.D12A,-0.28476295,0.014578740736989676,-2.543166
2,axo21.B6B,-0.3087182,0.014578740736989676,-2.5433319
2,axo16.E8B,-0.26456854,0.013982591533288383,-2.558484
2,axo21.A12A,-0.2229781,0.013920147903945796,-2.5604224
2,axo11.F7B,-0.29134977,0.013920147903945796,-2.5605807
2,axo15.C2B,-0.33816934,0.013342746716564395,-2.5762532
2,axo12.A8,-0.30246285,0.01310746012574464,-2.5831618
2,axo14.G10A,-0.3386031,0.011832317260642815,-2.6190321
2,axo15.A4,-0.31518373,0.011604124226060738,-2.6260464
2,axo21.C6B,-0.26561993,0.010952508030949189,-2.64641
2,axo11.B1B,-0.30469036,0.010264092046049304,-2.6686668
2,axo21.C1B,-0.2395251,0.010224672677211055,-2.6703336
2,axo29.B6A,-0.32600078,0.010171892795269826,-2.6724455
2,axo13.D2B,-0.32354715,0.009780744936451726,-2.686323
2,axo11.C4B,-0.24597281,0.009470174335401376,-2.6978323
2,axo21.C3A,-0.28302503,0.009406759848860339,-2.7004418
2,axo21.D5B,-0.24714111,0.009322119851624452,-2.7038207
2,axo12.C3,-0.27361923,0.008878437211281695,-2.72073
2,axo21.C2A,-0.23349223,0.008516262884359296,-2.7348413
2,axo21.D8B,-0.29920262,0.008426010815845309,-2.738718
2,axo10.H2B,-0.28047407,0.008125614452829584,-2.7513738
2,axo12.D7,-0.32999176,0.007840231087528337,-2.7634337
2,axo21.G2B,-0.3182114,0.007092921126880587,-2.7963324
2,axo20.H3B,-1.0705402,0.007091043781808717,-2.7967849
2,axo15.B1B,-0.34388605,0.0066525023099929135,-2.8177142
2,axo21.C4B,-0.30410284,0.005652879012820023,-2.8703206
2,axo29.A3B,-0.34886023,0.005535037820860035,-2.8773348
2,axo2.E7,-0.3206255,0.00527599219211825,-2.893143
2,axo21.G3B,-0.34875187,0.004959591268739802,-2.9139442
2,axo15.F4,-0.34080172,0.004179343127069285,-2.9687452
2,axo21.E10A,-0.3393229,0.004148175398661354,-2.9714
2,axo20.C1B,-0.8104848,0.003735711228326566,-3.0044723
2,axo21.H3A,-0.26573974,0.0036306271274661366,-3.013847
2,axo16.A7B,-0.36921227,0.0035540635769505616,-3.0217211
2,axo10.A12B,-0.32069856,0.0035540635769505616,-3.0220077
2,axo8.F12A,-0.29660863,0.003503034474150923,-3.0268044
2,axo20.C2B,-0.7748704,0.003220033864206491,-3.0525308
2,axo10.F1B,-0.34335124,0.0031413298313792727,-3.0606537
2,axo21.B8B,-0.30322573,0.003023094207133804,-3.0728266
2,axo15.C6,-0.38147154,0.002947914381510106,-3.0806854
2,axo21.E12A,-0.30985364,0.0028950858245594,-3.0864174
2,axo20.E3A,-0.6811437,0.0028121817521685657,-3.095747
2,axo21.B12B,-0.3471008,0.0026970988337569773,-3.1088176
2,axo21.H2A,-0.28816187,0.00264977627050383,-3.1147456
2,axo21.E5B,-0.33453122,0.0024308095736253776,-3.1404493
2,axo12.D3,-0.3712271,0.002338720472862448,-3.1524413
2,axo21.B3B,-0.36506662,0.002331858293242886,-3.153648
2,axo10.C10,-0.28784946,0.002269854171033436,-3.1618538
2,axo15.A12B,-0.41338682,0.0020166145209132846,-3.197181
2,axo15.G12B,-0.36744922,0.0019354701540590612,-3.2093542
2,axo15.D12,-0.36841154,0.0017364320600391351,-3.2414534
2,axo20.B12B,-0.6149713,0.0016450465435163483,-3.257518
2,axo21.H7B,-0.41320935,0.001633740961646477,-3.2598183
2,axo21.E2A,-0.340818,0.0015996056866382014,-3.2661462
2,axo20.D7B,-0.7602433,0.001574714618147908,-3.270928
2,axo6.H6B,-0.40970537,0.0014780971601865722,-3.2891347
2,axo7.G6B,-0.3480634,0.001385783929108257,-3.3075826
2,axo21.G11A,-0.3662266,0.0013471527901969965,-3.3158338
2,axo21.D4A,-0.3548594,0.0012921292911200054,-3.3278108
2,axo13.G8B,-0.4125812,0.0011814818373776408,-3.353009
2,axo10.A8B,-0.3249487,0.0011680903649079189,-3.3565009
2,axo20.F2A,-0.9059086,0.0011573322586246858,-3.3593972
2,axo15.B7,-0.38561007,0.001033969428896359,-3.391089
2,axo21.A1A,-0.31542993,0.0009937282175598214,-3.4022892
2,axo21.B5A,-0.39196318,0.00096084084155421,-3.4121466
2,axo12.C6,-0.3914453,0.0009040778395428875,-3.4300516
2,axo21.H6B,-0.437331,0.0008758606046804948,-3.4389815
2,axo21.F12B,-0.3842905,0.0008131621055200793,-3.4597073
2,axo21.G12B,-0.44170678,0.000779711917214524,-3.4713373
2,axo12.B1,-0.38383934,0.0007410415057100329,-3.4853053
2,axo21.G5A,-0.35470185,0.0007114863999749989,-3.496513
2,axo21.C8B,-0.42726186,0.0006878869411848959,-3.5058348
2,axo21.A7B,-0.39568964,0.0006848550514764398,-3.5073433
2,axo16.D3B,-0.44319257,0.0006736494185176207,-3.5123966
2,axo15.C5B,-0.43593806,0.0006623096837283875,-3.5172386
2,axo12.F5,-0.4003305,0.0006598527341930863,-3.5185585
2,axo20.F10A,-1.0709671,0.000578494407547738,-3.553984
2,axo13.C4B,-0.38402858,0.0005681623352212882,-3.5590522
2,axo21.H1B,-0.43370655,0.0005676078442279063,-3.5596404
2,axo20.B11A,-1.0432249,0.0005493694568738638,-3.56854
2,axo20.F4B,-1.2164451,0.0005475065998143839,-3.569762
2,axo10.A11B,-0.36759827,0.0005257577959188424,-3.580698
2,axo20.E9A,-0.9811848,0.0005249991556591336,-3.581407
2,axo21.D12A,-0.40110198,0.0005222323175925056,-3.583119
2,axo29.A2A,-0.41318285,0.0004980764320301477,-3.5957973
2,axo12.D6,-0.42634097,0.000497268642731547,-3.5965517
2,axo20.C7B,-0.6252056,0.0004670328039490317,-3.6135063
2,axo21.D5A,-0.42833728,0.0004655665161727372,-3.6146526
2,axo21.B7A,-0.4022604,0.00046329484314280893,-3.6162515
2,axo15.C1,-0.41442016,0.00044849062545118705,-3.6249855
2,axo21.E9A,-0.41505966,0.0004472880560640111,-3.6260111
2,axo15.F2,-0.4166726,0.00044276622976935673,-3.6289675
2,axo10.D10,-0.40175602,0.00044276622976935673,-3.629126
2,axo21.C6A,-0.45225492,0.00042375880096930183,-3.6412764
2,axo7.F6B,-0.42422292,0.0004202968369145309,-3.64372
2,axo21.B2A,-0.36156,0.00041774282912361143,-3.6456206
2,axo21.B6A,-0.41056252,0.00041770839103460826,-3.645975
2,axo10.F7,-0.34096038,0.0004123037051475348,-3.6496556
2,axo15.B12B,-0.4476882,0.0003410921236684485,-3.698408
2,axo21.C11B,-0.42235625,0.0003192039244048433,-3.7161999
2,axo15.F9B,-0.44943166,0.0003184787913275446,-3.717105
2,axo10.B12,-0.41434887,0.0003051181385961033,-3.7282522
2,axo21.D3A,-0.5035988,0.0002709508477356229,-3.7587373
2,axo15.A5B,-0.5259391,0.0002709508477356229,-3.7590315
2,axo6.D12B,-0.5714705,0.00023171976434662445,-3.7983487
2,axo6.F8B,-0.42647016,0.00022984649268859022,-3.8006866
2,axo10.A6B,-0.44908518,0.0002138903638479328,-3.819127
2,axo10.C12,-0.47237387,0.00021027201791170829,-3.82366
2,axo20.D6B,-1.420641,0.00020909897202426263,-3.8253644
2,axo21.F7B,-0.57617897,0.00020839766635438262,-3.8265183
2,axo20.E12A,-0.9566598,0.0001979573078219233,-3.8394833
2,axo21.B4A,-0.40853104,0.00018721826470266157,-3.8534815
2,axo21.B11B,-0.41624,0.00016838946856478497,-3.8796678
2,axo20.F7B,-0.946623,0.0001625300922851912,-3.8885977
2,axo29.A1A,-0.45315835,0.00015391459069873274,-3.9024448
2,axo21.B12A,-0.39823672,0.00014840573299832022,-3.9115784
2,axo20.D4B,-0.89500344,0.00014828935316713233,-3.9120913
2,axo21.F3B,-0.4173315,0.0001449249499456105,-3.9186
2,axo12.H7,-0.4632965,0.00014392633945321706,-3.9205914
2,axo13.G5B,-0.42613515,0.00013803825447861713,-3.9309692
2,axo20.H10B,-0.9837262,0.0001378263627602671,-3.931663
2,axo20.A12B,-0.778409,0.00012772296850347193,-3.9505713
2,axo21.E11A,-0.4326246,0.00012755007950687234,-3.9512198
2,axo6.G10B,-0.43064308,0.0001270687714693275,-3.9524493
2,axo21.G7B,-0.54249674,0.00012648956167496189,-3.9538672
2,axo20.B10B,-0.78057164,0.00012641045937999612,-3.9543424
2,axo10.G10,-0.44190645,0.00012563999067091797,-3.9561298
2,axo6.E12B,-0.4869361,0.00012533213174653333,-3.9570425
2,axo21.D7A,-0.4457725,0.00011807126927152943,-3.9716063
2,axo20.A1A,-0.968554,0.00011706291971010393,-3.9739745
2,axo20.A7B,-0.76457524,0.00011063541715758437,-3.988048
2,axo21.D2A,-0.49958044,0.00011000148139347912,-3.9897375
2,axo20.B5B,-1.4189651,0.00010640407424192242,-3.9979434
2,axo29.A4A,-0.4594355,0.00010235442595859507,-4.0074463
2,axo15.D11B,-0.49276653,9.529670945483137e-05,-4.0249443
2,axo11.E11B,-0.43433177,8.66239182349784e-05,-4.0486417
2,axo20.H6B,-0.85085684,7.863442654136293e-05,-4.072535
2,axo21.F5A,-0.5302212,7.278657983511104e-05,-4.090817
2,axo10.F8B,-0.45557648,6.992715211053642e-05,-4.1004257
2,axo11.D5B,-0.4559679,6.972016617385547e-05,-4.101436
2,axo15.B6,-0.472684,6.696181247089883e-05,-4.11109
2,axo21.H6A,-0.49989796,6.61939140926322e-05,-4.114077
2,axo29.H4B,-0.5019637,6.581215885630578e-05,-4.115736
2,axo15.C10B,-0.51093626,6.473226201777151e-05,-4.120201
2,axo21.C3B,-0.5020932,6.260716028112261e-05,-4.128211
2,axo20.C9B,-1.0345933,6.138308508082726e-05,-4.1330757
2,axo12.C1,-0.42947605,5.874267099753776e-05,-4.1434913
2,axo12.C4,-0.42394567,5.275973406952902e-05,-4.169021
2,axo29.G7B,-0.5430662,5.17823196221972e-05,-4.173607
2,axo29.C9A,-0.44397885,4.7937540265734486e-05,-4.191791
2,axo20.F8A,-0.77146083,4.3587692402541045e-05,-4.2136407
2,axo21.F9B,-0.53633606,4.324091028356829e-05,-4.2157674
2,axo20.G8A,-1.3933718,4.237624060879531e-05,-4.220647
2,axo21.G1A,-0.48905805,3.8044490786283376e-05,-4.2455363
2,axo15.A11,-0.48860285,3.7827407570730206e-05,-4.247143
2,axo15.C4,-0.5308178,3.694867248553596e-05,-4.2527313
2,axo21.E9B,-0.5094733,3.692376138823161e-05,-4.2532063
2,axo12.B4,-0.46131632,3.147067066712143e-05,-4.289484
2,axo20.H12B,-0.79677844,3.017667342971121e-05,-4.299123
2,axo10.A10B,-0.49032003,2.9746089412144615e-05,-4.30263
2,axo12.D2,-0.64122045,2.9588301654508957e-05,-4.304131
2,axo21.D1A,-0.47555783,2.6948699440776754e-05,-4.325098
2,axo29.H3B,-0.51249516,2.6944790207761996e-05,-4.3254523
2,axo21.C7A,-0.5151809,2.580360983887121e-05,-4.3356266
2,axo21.E8A,-0.50802374,2.530551340477175e-05,-4.3402348
2,axo13.D8B,-0.46957487,2.5046854961211735e-05,-4.343463
2,axo29.C8A,-0.47279787,2.4450658538575398e-05,-4.3490744
2,axo21.B9A,-0.5954799,2.4147277750390342e-05,-4.3521366
2,axo21.C2B,-0.50536054,2.357799448029186e-05,-4.3576875
2,axo15.E6,-0.5306519,2.1562850037607697e-05,-4.3775306
2,axo11.A5B,-0.46192038,2.1220083118151258e-05,-4.3817544
2,axo15.A8B,-0.52569777,2.117179192349975e-05,-4.3828177
2,axo6.F6B,-0.53798676,2.0838625040566203e-05,-4.386596
2,axo20.B6A,-1.2516868,2.0656090095170426e-05,-4.3888364
2,axo20.A3A,-1.2163775,1.790238742216322e-05,-4.4208302
2,axo15.A7B,-0.543896,1.6373083678215633e-05,-4.4404097
2,axo6.C8B,-0.5800544,1.622114293162497e-05,-4.44274
2,axo20.B2B,-0.83213276,1.5546183271943164e-05,-4.4525223
2,axo21.H10B,-0.5102638,1.5392509258438202e-05,-4.455305
2,axo6.C4B,-0.57312214,1.4464741981262485e-05,-4.468949
2,axo20.G5A,-0.736645,1.4207471176492411e-05,-4.473112
2,axo21.G5B,-0.5816489,1.3479616768848121e-05,-4.484991
2,axo21.G10A,-0.526183,1.332043169490255e-05,-4.487849
2,axo20.H6A,-0.9304559,1.2952583955871753e-05,-4.4941397
2,axo13.G3B,-0.52071315,1.293025206470093e-05,-4.4948335
2,axo29.B4A,-0.48967224,9.678306501211136e-06,-4.557388
2,axo21.A3A,-0.5215754,9.270892804086018e-06,-4.56674
2,axo20.G11A,-0.7756813,9.044855388582626e-06,-4.5722384
2,axo6.B9B,-0.55218816,8.806299520234082e-06,-4.578159
2,axo29.H4A,-0.53710634,8.786988859571328e-06,-4.5789433
2,axo6.A12B,-0.5737201,8.23087117063722e-06,-4.592926
2,axo20.G12B,-0.67277575,8.23087117063722e-06,-4.5931373
2,axo29.H1A,-0.51984495,7.964975723175142e-06,-4.6007476
2,axo21.A4A,-0.43804932,7.717293235957838e-06,-4.6076484
2,axo13.B3B,-0.5575908,7.640769951109456e-06,-4.610047
2,axo13.G12B,-0.5585589,7.523176243199153e-06,-4.6139235
2,axo29.H2B,-0.6114731,7.196060435953503e-06,-4.6238036
2,axo20.F4A,-1.2290138,7.053816890540861e-06,-4.6282687
2,axo21.G8A,-0.60335773,7.027417748663082e-06,-4.6297016
2,axo29.D4B,-0.64307696,6.737143706342686e-06,-4.6394157
2,axo20.E8A,-0.98634225,6.0355185307424576e-06,-4.662751
2,axo20.A4A,-0.8529144,5.826707100925135e-06,-4.6706476
2,axo21.G9B,-0.642072,5.657407425577487e-06,-4.6773605
2,axo6.C6B,-0.9904954,5.024742806120382e-06,-4.702287
2,axo20.C8B,-1.1107359,4.17187926089935e-06,-4.741099
2,axo29.A12B,-0.57618755,4.019835956324313e-06,-4.7489424
2,axo21.D9A,-0.57371116,3.5630738602852454e-06,-4.773937
2,axo29.G4A,-0.63278115,3.250423927460346e-06,-4.792717
2,axo7.D4B,-0.6897131,3.1294762636507663e-06,-4.800644
2,axo15.G3B,-0.7065398,3.1215278120038428e-06,-4.8014812
2,axo13.G9B,-0.59048814,3.029891697281995e-06,-4.807771
2,axo21.C9A,-0.6407107,2.860405690639641e-06,-4.8195972
2,axo6.F9B,-0.6413883,2.8547385543361597e-06,-4.820321
2,axo10.D1B,-0.53041536,2.5340502166579814e-06,-4.8443656
2,axo20.B9B,-1.0552179,2.4833817046521225e-06,-4.8487024
2,axo29.A6A,-0.5810151,2.3721436758256617e-06,-4.858771
2,axo29.C12A,-0.5443944,2.083825848240114e-06,-4.885025
2,axo29.D5B,-0.63206804,2.0802848824376948e-06,-4.885689
2,axo29.H1B,-0.58762956,2.011216248955154e-06,-4.8926654
2,axo15.A2B,-0.7001188,1.8296852574563522e-06,-4.9122295
2,axo21.F4A,-0.6135028,1.8126873854831056e-06,-4.9147186
2,axo6.D8B,-0.6698078,1.6529329951336678e-06,-4.933423
2,axo12.D9,-0.60965806,1.4226232022497322e-06,-4.9629655
2,axo7.B1B,-0.6215974,1.4226232022497322e-06,-4.9632144
2,axo29.B9A,-0.5530541,1.4205466503987749e-06,-4.963908
2,axo6.D5B,-0.77247745,1.3511830014314213e-06,-4.974271
2,axo10.C12B,-0.7122272,1.3170790119954806e-06,-4.979558
2,axo12.B3,-0.5877968,1.3113885770407827e-06,-4.980727
2,axo20.D8B,-0.6789233,1.2635349213135854e-06,-4.9882464
2,axo12.A10,-0.65473557,1.2210813732922883e-06,-4.9951777
2,axo7.D6B,-0.7110209,1.1661367256517555e-06,-5.004719
2,axo6.A2B,-0.56536484,8.662730736989386e-07,-5.0633283
2,axo20.A2B,-0.97002476,7.311386650225174e-07,-5.09588
2,axo13.C1B,-0.60105544,7.272414166193726e-07,-5.097223
2,axo20.G6A,-1.0390487,6.821814353963071e-07,-5.109652
2,axo29.B2B,-0.7003357,6.630510027269664e-07,-5.115354
2,axo29.E4B,-0.97405505,5.76562943191546e-07,-5.142
2,axo29.G6A,-0.57034,5.674583412168192e-07,-5.145319
2,axo15.F10,-0.79281825,5.492721386648143e-07,-5.1517596
2,axo20.E5B,-1.1518226,5.492721386648143e-07,-5.1518955
2,axo29.F4B,-0.70313513,5.456747287713614e-07,-5.1536527
2,axo21.F2B,-0.6778393,5.08565042723995e-07,-5.168164
2,axo7.C8B,-0.5966105,4.5559806408731787e-07,-5.1893497
2,axo29.H11B,-1.0603495,4.233056881338316e-07,-5.2033553
2,axo10.B9B,-0.6596331,4.085614923704896e-07,-5.210935
2,axo29.D4A,-0.6021902,3.900302485333413e-07,-5.219873
2,axo21.A11A,-0.7005802,3.005144986032577e-07,-5.2692814
2,axo15.D5,-0.8364127,2.8500242496311233e-07,-5.279335
2,axo29.G10A,-0.6049693,2.8500242496311233e-07,-5.279335
2,axo29.H11A,-0.67817426,2.4760596904258947e-07,-5.306049
2,axo29.E5B,-1.0052536,2.3674822331219084e-07,-5.3148885
2,axo29.B2A,-0.6364936,2.326094901451606e-07,-5.3184333
2,axo29.C11A,-0.6163627,2.129492051647326e-07,-5.3348145
2,axo6.B6B,-1.2917955,1.939333528388571e-07,-5.352765
2,axo20.A2A,-1.0619965,1.8904066595225165e-07,-5.35772
2,axo7.E7B,-0.6765759,1.4027828181848963e-07,-5.4133883
2,axo29.E12B,-1.092362,1.4006894425042676e-07,-5.413992
2,axo20.D11A,-0.9790375,1.3117272060716163e-07,-5.4260592
2,axo6.A3B,-0.94526446,1.195309993892563e-07,-5.442969
2,axo29.F6B,-0.8599616,1.0993618008997538e-07,-5.4585204
2,axo29.G12B,-0.86219573,1.0714449176799058e-07,-5.463423
2,axo29.D5A,-0.74227875,9.469053921296029e-08,-5.485642
2,axo29.F10B,-0.77013844,7.845944868588667e-08,-5.5194535
2,axo20.D11B,-1.1024383,7.753038748920002e-08,-5.521882
2,axo6.E10B,-0.78501004,7.720672120609597e-08,-5.522953
2,axo6.G9B,-0.76771617,7.650903956302433e-08,-5.5248837
2,axo29.B5B,-0.7341191,7.547632793056039e-08,-5.5276065
2,axo29.G3A,-0.81525886,6.997700796894223e-08,-5.541205
2,axo29.E1B,-0.657383,6.597959148400754e-08,-5.5518317
2,axo29.H12A,-0.76197743,6.092536017388274e-08,-5.566418
2,axo20.A5B,-0.89152426,5.6806772150182774e-08,-5.5789456
2,axo29.E2B,-1.087676,4.487597459441617e-08,-5.620827
2,axo20.F3A,-1.1162425,3.900529163127547e-08,-5.645671
2,axo20.E6A,-1.1267432,3.674615171996003e-08,-5.6569386
2,axo6.E3B,-0.8865916,3.5529566184493816e-08,-5.663395
2,axo15.F6,-0.6591478,3.532246741144393e-08,-5.664737
2,axo13.H4B,-0.89185745,3.432821687048344e-08,-5.6699715
2,axo13.G11B,-0.66890794,3.425455125356948e-08,-5.6706805
2,axo29.F12B,-0.82925534,3.278580392363959e-08,-5.6785245
2,axo29.E6A,-0.6138688,2.7232418261231307e-08,-5.7108727
2,axo7.G4B,-0.90900296,2.6275361931081212e-08,-5.7172985
2,axo12.E10,-0.66497475,2.5438999196320486e-08,-5.723136
2,axo13.C2B,-0.64951956,2.4234207432294716e-08,-5.7317114
2,axo13.E12B,-0.84338075,2.0020196533240635e-08,-5.7647004
2,axo6.D4B,-0.8556159,1.905284937860598e-08,-5.773389
2,axo6.H4B,-0.8445815,1.9040344914180367e-08,-5.7738414
2,axo29.F12A,-0.7240996,1.8683288537084893e-08,-5.7773714
2,axo13.D7B,-0.73573095,1.6991685660311085e-08,-5.794009
2,axo6.H5B,-0.8210292,1.6893131755918248e-08,-5.795329
2,axo13.G10B,-0.7706711,1.6742423576772575e-08,-5.797177
2,axo29.F11A,-0.68696773,1.6079385632615316e-08,-5.8042965
2,axo15.G5,-0.91108626,1.5547325916983904e-08,-5.8102775
2,axo29.A11B,-0.8585412,1.503376750416551e-08,-5.8162436
2,axo29.F5A,-0.76572996,1.1329290312730435e-08,-5.865041
2,axo6.B1B,-0.82927966,1.1285042728197952e-08,-5.8664436
2,axo6.A7B,-0.7848073,1.0874886093351731e-08,-5.87293
2,axo29.C1B,-0.73834246,1.0787227908272254e-08,-5.8746195
2,axo29.G2B,-1.0340137,1.0553638437536753e-08,-5.878594
2,axo6.F11B,-0.83003026,1.0391090697076639e-08,-5.881513
2,axo29.F5B,-0.84084237,9.733286941521562e-09,-5.8926754
2,axo29.C4B,-0.8042979,9.3788248091311e-09,-5.899501
2,axo20.H1A,-0.9146826,7.074586734831931e-09,-5.94725
2,axo6.F4B,-0.9510691,6.773587508325128e-09,-5.9547167
2,axo29.C5B,-0.8310123,6.693669745256287e-09,-5.95701
2,axo7.E1B,-0.818173,5.344979053592419e-09,-5.994743
2,axo6.C11B,-0.8329683,4.408550796134074e-09,-6.0270233
2,axo7.H3B,-0.7456817,4.329022571254039e-09,-6.0305
2,axo6.B8B,-0.8260058,4.172416659434184e-09,-6.0369787
2,axo29.E2A,-0.8733437,4.0317081854278145e-09,-6.042869
2,axo29.E4A,-0.7613864,3.4785238562052956e-09,-6.0669813
2,axo29.D10A,-0.75852495,3.342872048915129e-09,-6.073724
2,axo7.C5B,-0.7735893,2.913915443395235e-09,-6.09715
2,axo6.F2B,-0.7670882,2.6797580602392846e-09,-6.111246
2,axo29.C2B,-0.84736454,2.5655950783246825e-09,-6.118547
2,axo29.A5B,-0.8467391,1.9124682590090726e-09,-6.166273
2,axo7.E4B,-0.82476264,1.6908079190510356e-09,-6.1864486
2,axo29.G4B,-0.81946814,1.6508910342791032e-09,-6.190574
2,axo6.G6B,-0.8803614,1.6162829876987999e-09,-6.1946316
2,axo29.F3A,-0.83284163,1.1342175864313425e-09,-6.25162
2,axo6.C12B,-0.7919439,1.045360341054806e-09,-6.2654295
2,axo13.H1B,-0.8194014,6.88482911134928e-10,-6.3309026
2,axo15.F5,-0.89924926,6.88482911134928e-10,-6.331016
2,axo29.F4A,-1.0245408,6.470331340407009e-10,-6.341922
2,axo29.H5A,-0.8129654,4.744948917974351e-10,-6.3906064
2,axo12.A1,-0.96002823,3.780223793613034e-10,-6.425632
2,axo7.G5B,-0.8854415,2.1016485654196878e-10,-6.516454
2,axo15.D11,-0.856592,2.015977313021757e-10,-6.523468
2,axo12.C10,-0.77947116,1.7941854716905923e-10,-6.5412827
2,axo29.E5A,-0.8487881,1.7328155176662248e-10,-6.546849
2,axo6.E5B,-0.83741695,1.3675149180751861e-10,-6.582493
2,axo29.D2B,-1.1000758,4.816378393932705e-11,-6.737672
2,axo29.G1A,-0.8617683,2.2620733519995054e-11,-6.8484507
2,axo6.D7B,-0.8488272,1.0556259928143897e-11,-6.9573894
2,axo12.G7,-0.9234289,5.281246472109752e-12,-7.057888
2,axo29.G11B,-0.97337085,2.8203573719583377e-12,-7.145995
2,axo13.D5B,-0.93989235,9.974577226892925e-13,-7.2906075
3,axo21.A12A,2.5530498,7.637758589756745e-162,27.36957
3,axo10.E7,2.2039182,3.656278257656463e-156,26.862366
3,axo10.C12,2.116375,7.761997256240736e-155,26.733398
3,axo10.B9B,2.2848141,1.6796383869842128e-150,26.346987
3,axo10.E12,2.3713238,8.567864951035668e-150,26.27668
3,axo11.E2B,2.3924956,6.7751115273502795e-149,26.19103
3,axo10.B12,2.1808453,4.010043332723674e-148,26.117258
3,axo11.A9B,2.2337823,6.443598482799229e-144,25.739151
3,axo10.B1B,2.3722458,1.1923531205426743e-143,25.710693
3,axo10.E1,2.2299602,1.1148613408461193e-142,25.619627
3,axo10.C1B,2.1073751,1.0042654384078916e-140,25.439877
3,axo16.G4B,2.4735475,5.713516737999045e-140,25.368126
3,axo10.C9B,2.155759,6.423629800314503e-140,25.360363
3,axo21.F10B,2.5370824,1.0148496272260163e-138,25.248539
3,axo10.F7,2.1682835,1.2303180772463082e-138,25.238195
3,axo10.F8B,2.36728,1.5661122835225683e-138,25.226093
3,axo10.F1B,2.133457,2.1572257228615756e-138,25.211014
3,axo16.F1B,2.4232118,3.627503185059391e-135,24.912842
3,axo21.G1B,2.3568485,6.614332251524044e-135,24.886587
3,axo21.D9B,2.5088527,8.350543630074212e-134,24.782589
3,axo11.B7B,2.2236838,1.4089872743104261e-133,24.759537
3,axo10.D3B,2.1832013,1.7809070099839703e-133,24.748213
3,axo21.A8B,2.3295267,4.5816042310503486e-133,24.70781
3,axo21.A11B,2.3857088,4.5816042310503486e-133,24.706549
3,axo10.C9,2.0766249,8.55748634410039e-133,24.679638
3,axo10.A1B,2.2936168,2.3981231616969042e-132,24.636328
3,axo16.H7B,2.1874745,1.1216588222369052e-131,24.572199
3,axo10.E5,2.0739315,2.78708690354949e-131,24.533712
3,axo21.A3B,2.3550026,5.375087552794607e-131,24.50554
3,axo21.A1B,2.3825598,5.673918953515109e-130,24.407957
3,axo11.B1B,2.0327563,9.833944357435923e-130,24.38411
3,axo8.B3A,2.0116246,4.4694189178369515e-129,24.320742
3,axo10.C2,1.9435793,1.1392636870466291e-128,24.281036
3,axo21.D1B,2.4243813,1.5364915516339084e-128,24.267508
3,axo16.B6B,2.2327538,2.544161656346242e-128,24.24556
3,axo11.D5B,2.248488,3.7352367762415114e-128,24.228582
3,axo16.B1B,2.1800802,1.2320196480167345e-127,24.178226
3,axo10.A8B,2.2890146,1.2848660218188916e-127,24.175392
3,axo10.B2,2.0923243,1.6225817239477368e-127,24.16468
3,axo21.B12A,2.2966082,2.634175944721363e-127,24.143608
3,axo21.H4B,2.4225447,2.638265070915761e-127,24.142523
3,axo10.D1B,1.7847103,3.164236889650479e-127,24.134007
3,axo21.D12B,2.3314898,3.82272914805671e-127,24.125212
3,axo21.A6B,2.320687,4.3927339633436104e-127,24.11851
3,axo10.H4,2.1470368,7.497270722662347e-127,24.09544
3,axo21.A5A,2.3536055,1.1577393119429612e-126,24.07652
3,axo11.C8B,1.9783348,2.998128118830024e-126,24.036142
3,axo16.A12B,2.308016,1.0768284179908959e-125,23.982103
3,axo21.H11B,2.4308178,1.2120954894530211e-125,23.976318
3,axo13.D8B,2.2139523,1.1596255135480555e-124,23.881262
3,axo21.B1B,2.3408287,2.3497274460512654e-124,23.850895
3,axo13.F5B,2.344968,5.551442863745328e-124,23.81407
3,axo29.B7A,2.1121957,1.2165699701719365e-123,23.780361
3,axo21.H2A,2.2625666,1.3363049838420109e-123,23.775635
3,axo10.G8B,2.3818185,1.7382421098832302e-123,23.76382
3,axo21.F8A,2.2132843,2.564559260779873e-123,23.746721
3,axo16.B10B,2.3320282,2.9947196320295514e-123,23.739458
3,axo10.C2B,2.2123451,3.5945691583357754e-123,23.731047
3,axo8.G10A,2.0081997,9.313023532901835e-123,23.689697
3,axo21.B4B,2.3690956,9.313023532901835e-123,23.68954
3,axo10.G3,2.0675702,1.3823336541705823e-122,23.672195
3,axo21.A1A,2.1811588,2.6052659517188697e-122,23.64477
3,axo21.D8A,2.3448575,2.683538774011791e-122,23.642843
3,axo21.F4A,2.2512825,2.9058488747123365e-122,23.638819
3,axo11.D11B,2.17484,5.627429998916235e-122,23.610237
3,axo21.E4B,2.2313948,1.099350417156937e-121,23.58126
3,axo21.F3B,2.2191935,1.929397523836501e-121,23.5568
3,axo16.A11B,2.3007386,3.4150524478793482e-121,23.531965
3,axo16.H12B,2.36377,4.819423887605798e-121,23.51673
3,axo21.F8B,2.3385265,9.949444499607126e-121,23.48533
3,axo21.E6B,2.2772524,1.1539329345168182e-120,23.478426
3,axo10.C10,1.9221218,1.3005094411992167e-120,23.472246
3,axo21.C4A,2.2296524,1.3005094411992167e-120,23.472158
3,axo10.A11,2.2133706,2.540438562579711e-120,23.443089
3,axo13.C4B,2.2736905,6.446452445914664e-119,23.304415
3,axo21.C1A,2.2943509,1.999948971245185e-118,23.255304
3,axo10.E3,1.8335476,2.826135771884767e-118,23.239708
3,axo16.D3B,2.2422576,2.826135771884767e-118,23.239342
3,axo11.B3B,2.105256,8.10728591911649e-118,23.193485
3,axo16.B2B,2.2652857,1.2535737596885672e-117,23.17418
3,axo21.A9B,2.2503202,2.2166108046704475e-117,23.14908
3,axo21.C4B,2.168779,3.602192590573735e-117,23.127605
3,axo10.C3,2.0179183,3.8158769480067214e-117,23.124596
3,axo21.G8B,2.2866654,4.137302378109165e-117,23.120586
3,axo16.A6B,2.2298179,4.277942862806883e-117,23.118267
3,axo12.G1,2.177447,4.277942862806883e-117,23.118128
3,axo11.E5B,2.20115,1.2345254597661923e-116,23.071825
3,axo16.H5B,2.306208,1.2354001480962095e-116,23.0713
3,axo21.F6B,2.2672384,1.461831794208103e-116,23.063528
3,axo10.H3,2.2377613,1.7166420800845914e-116,23.05609
3,axo21.C1B,2.162936,3.1491428582918686e-116,23.02933
3,axo8.C5A,2.26361,3.2236862103459054e-116,23.027842
3,axo10.H5,1.8796542,8.160778684166645e-116,22.987078
3,axo11.F7B,2.1833663,1.192565318307464e-115,22.970135
3,axo12.C1,2.133702,2.3614724334503312e-115,22.93997
3,axo11.C3B,2.1685383,2.8648697440509817e-115,22.931105
3,axo21.D2B,2.2411923,2.9659420383769684e-115,22.929144
3,axo10.B3B,1.9624331,3.3346956761463814e-115,22.923595
3,axo21.C8A,2.1882234,4.847110776330599e-115,22.906864
3,axo21.C11B,2.1663046,5.703215773754099e-115,22.899338
3,axo10.G7B,2.1993835,7.013774300833321e-115,22.889887
3,axo21.B9B,2.2160387,8.23494693154795e-115,22.882456
3,axo10.B8,1.9731405,9.618844526269654e-115,22.875254
3,axo15.A6B,2.226311,1.725341084390597e-114,22.849325
3,axo13.C7B,2.1709702,2.8436168037927766e-114,22.82707
3,axo11.C6B,2.038792,4.246686856239445e-114,22.809113
3,axo16.D5B,2.3172581,6.674693529524172e-114,22.788906
3,axo21.G1A,2.0201418,7.587081570885913e-114,22.782597
3,axo21.A2A,2.2359018,7.587081570885913e-114,22.782482
3,axo21.A4B,1.9110576,1.4193103323295307e-113,22.754627
3,axo10.E1B,2.249443,1.810576398763203e-113,22.743547
3,axo12.D7,2.1923506,2.0329685271847865e-113,22.73807
3,axo8.C10B,2.1979306,2.284156007813739e-113,22.732565
3,axo16.A7B,2.198682,3.1897319576630656e-113,22.717207
3,axo21.G4B,2.2168992,3.1897319576630656e-113,22.717129
3,axo21.E8A,2.2049508,4.0876377147192344e-113,22.705849
3,axo10.E3B,2.2406926,8.047695627003122e-113,22.675674
3,axo8.A1B,1.9085077,8.188425907313099e-113,22.674536
3,axo21.B3B,2.271886,1.1124052749403945e-112,22.660673
3,axo10.A6B,2.1357014,5.157707396757915e-112,22.592642
3,axo16.D6B,2.1239693,5.76629425956111e-112,22.587347
3,axo21.C12B,2.2005296,7.64054825088912e-112,22.574545
3,axo29.A3B,2.2248685,8.646184662303421e-112,22.568716
3,axo11.B6B,2.2103412,1.1315694492583877e-111,22.556456
3,axo8.F12A,2.086597,2.1994077569989784e-111,22.526674
3,axo10.C8B,2.1577559,2.270768049448551e-111,22.524906
3,axo16.C10B,2.1406815,3.216984742197638e-111,22.509033
3,axo21.D11B,2.2075622,3.216984742197638e-111,22.50877
3,axo12.B7,2.1454942,5.207472972134172e-111,22.487059
3,axo8.C6B,2.049879,7.471963113324397e-111,22.470684
3,axo21.A4A,2.069433,8.533170449967811e-111,22.464445
3,axo21.A7B,2.0919335,2.2299679142970335e-110,22.421389
3,axo8.F3B,2.1003025,2.236822845866602e-110,22.420916
3,axo29.A9A,2.02396,2.832314361262489e-110,22.410072
3,axo16.F4B,2.146243,3.975597650996064e-110,22.394636
3,axo16.F8B,2.127155,6.23959181693314e-110,22.37421
3,axo12.F5,2.0867887,7.077929774728085e-110,22.36826
3,axo12.G9,2.086149,8.399433559152235e-110,22.360296
3,axo21.C7A,2.1057427,1.1705176344606693e-109,22.345156
3,axo29.E1A,1.8956524,1.8895908296781559e-109,22.323437
3,axo16.H10B,2.2432413,3.412631872284921e-109,22.296675
3,axo10.A2,2.0884,3.533380305603268e-109,22.294802
3,axo21.D11A,2.187678,3.5521521887411726e-109,22.29425
3,axo21.E9B,2.3220522,3.7361540730122994e-109,22.291677
3,axo12.G10,2.1748352,3.756361618016674e-109,22.291126
3,axo29.A1A,1.7844375,4.1071856455444804e-109,22.286821
3,axo21.D4A,2.1196265,4.1160818436781573e-109,22.286419
3,axo15.F12,2.184621,4.1665063572912386e-109,22.28557
3,axo10.B5,1.8286676,6.790209867456163e-109,22.263386
3,axo16.B12B,2.2042773,1.613627068326519e-108,22.224249
3,axo16.D7B,2.1278942,1.89241102482637e-108,22.216793
3,axo15.B8,2.1815753,2.0474057072622212e-108,22.21296
3,axo16.B3B,2.1909277,3.3993656635868437e-108,22.189875
3,axo11.B10B,2.0904324,4.104183301148142e-108,22.181107
3,axo21.H12A,2.2562501,4.115953083366505e-108,22.180685
3,axo16.A1B,2.0246103,6.724277354465314e-108,22.1583
3,axo15.C12,2.1869285,9.828338623060912e-108,22.140911
3,axo10.D6B,2.1235955,1.0394119742235796e-107,22.138102
3,axo8.E6A,2.119394,1.7471095750131854e-107,22.114395
3,axo21.H8A,2.0926418,1.961393785456083e-107,22.10889
3,axo8.A1A,2.0730948,2.0731579434978852e-107,22.106108
3,axo21.D5A,2.203224,2.4773713346515074e-107,22.097786
3,axo10.G5,1.9548454,2.528410874089593e-107,22.096586
3,axo21.B1A,2.1891398,2.5721092015043472e-107,22.095535
3,axo4.H8,1.9260508,3.261979352429495e-107,22.084526
3,axo4.H12,2.0252223,5.541405884334538e-107,22.060295
3,axo21.A3A,2.1778932,6.49249700893823e-107,22.052856
3,axo16.D8B,2.1296012,6.565889650641278e-107,22.052078
3,axo21.A10A,2.1739,7.712252769088161e-107,22.044525
3,axo21.B8B,2.2867324,9.039329752790251e-107,22.03707
3,axo21.C2B,2.0816922,1.2559817991222767e-106,22.021904
3,axo12.D3,2.3424032,1.3662501448329565e-106,22.017824
3,axo16.E12B,2.0767758,2.2202164877092954e-106,21.995544
3,axo21.H1B,2.1836083,5.197956563283445e-106,21.956654
3,axo21.E6A,2.1334457,5.862847879309231e-106,21.950922
3,axo21.C8B,1.9038457,6.981554778506329e-106,21.942722
3,axo21.F4B,2.134918,7.247864004721551e-106,21.940762
3,axo21.C3B,2.2770894,1.0791569349845896e-105,21.922392
3,axo4.B5,2.1424549,1.207328612570366e-105,21.917028
3,axo16.H2B,2.0358114,1.2147801421123505e-105,21.916494
3,axo16.D1B,2.043642,1.4572748041943735e-105,21.907953
3,axo21.F5B,2.111267,2.145145697155385e-105,21.890083
3,axo21.F1A,2.0247116,2.3910698544945527e-105,21.884884
3,axo10.H2,2.0768673,2.761495523434448e-105,21.878067
3,axo21.G5A,2.24995,5.038972600080385e-105,21.85037
3,axo10.B11,1.8756821,6.40829207016953e-105,21.839142
3,axo21.B5B,2.1203067,8.075942733180885e-105,21.828325
3,axo10.G2B,2.077509,1.4049287637174284e-104,21.802753
3,axo21.F6A,2.0389903,2.3420521286180248e-104,21.779108
3,axo21.F9B,2.2771413,2.6553161678089813e-104,21.773113
3,axo29.C4B,2.31826,3.074336760316927e-104,21.766157
3,axo10.B4,1.9293073,3.774858401307725e-104,21.756504
3,axo10.D7,2.0430348,4.1604159096515527e-104,21.751804
3,axo11.C4B,2.1101966,9.156585863436048e-104,21.715347
3,axo16.C6B,2.1680505,1.275478190919139e-103,21.699875
3,axo10.H7,2.013667,1.8677658130923388e-103,21.682093
3,axo11.D8B,1.8043044,2.90458002684576e-103,21.661528
3,axo13.G3B,2.103447,3.3692642390774184e-103,21.654455
3,axo21.G6B,2.0756967,3.437427968179685e-103,21.653301
3,axo21.D5B,2.213887,3.9376834528524025e-103,21.646807
3,axo21.B6B,2.3446095,4.05890729355546e-103,21.64518
3,axo12.C6,2.1422222,4.693921273499568e-103,21.638248
3,axo21.G12B,2.203612,4.97829042762763e-103,21.635307
3,axo10.A10B,2.268528,6.227293240184106e-103,21.624754
3,axo21.B2A,1.9243976,7.806716966248567e-103,21.614096
3,axo15.C1,1.9616628,1.302091548438197e-102,21.590239
3,axo16.B3,2.0557668,1.743228993729142e-102,21.576527
3,axo16.H12,2.093469,4.2422794775104894e-102,21.535133
3,axo21.E11A,2.181354,4.3228372137624465e-102,21.534039
3,axo8.F11A,2.0672247,6.689045211380431e-102,21.513578
3,axo21.D7A,2.0141387,1.068729472483759e-101,21.491613
3,axo16.A8B,2.1047254,1.1439548772109706e-101,21.488235
3,axo21.D8B,1.9048626,1.359459546051149e-101,21.48
3,axo15.A7B,2.1923099,1.864714174039318e-101,21.465096
3,axo8.D12B,2.0742376,2.7333254433265586e-101,21.447096
3,axo21.E5B,2.1328902,3.025692857890538e-101,21.44215
3,axo16.G8B,2.1296573,3.048788730169779e-101,21.441582
3,axo8.D4A,1.9781594,5.848310233177712e-101,21.411032
3,axo21.B5A,2.2710905,7.717848707109528e-101,21.397886
3,axo15.B12,1.9509631,9.280543435419358e-101,21.389074
3,axo21.C3A,2.0609198,9.64042839326561e-101,21.387087
3,axo13.D10B,2.0927289,1.668404616040255e-100,21.36127
3,axo2.D10,2.0558393,1.68600338119286e-100,21.36057
3,axo16.E2B,2.1259315,2.417367015394414e-100,21.343525
3,axo16.H3B,1.8451883,2.735310906822066e-100,21.337538
3,axo12.B4,1.8664966,3.681025026618105e-100,21.32344
3,axo13.G12B,2.0892868,6.413193854966946e-100,21.29724
3,axo16.A5B,2.0810454,8.298997062084016e-100,21.284952
3,axo21.F5A,1.9140879,1.3815199660442866e-99,21.260843
3,axo16.D4B,2.0470867,1.7338807892626754e-99,21.249973
3,axo13.G8B,2.0500526,1.9102104063602197e-99,21.245222
3,axo16.G3B,2.0223725,2.163291853776208e-99,21.239174
3,axo13.G6B,2.0703857,2.5632645121930454e-99,21.231
3,axo10.D2B,1.89271,2.8774403432790575e-99,21.225365
3,axo21.H6B,2.0695374,3.736717689507321e-99,21.212877
3,axo21.C6B,2.061715,7.104768124213457e-99,21.18243
3,axo13.H6B,2.0407362,8.388565627256668e-99,21.174406
3,axo14.D11A,2.055381,8.992414590197761e-99,21.170933
3,axo21.E12B,1.903589,2.3597874425272377e-98,21.125216
3,axo2.D4,2.0913503,3.010340063921374e-98,21.113516
3,axo21.B8A,2.059513,3.2746737540727465e-98,21.10934
3,axo10.B6B,2.0677495,7.297104740411995e-98,21.071238
3,axo21.H8B,2.00551,7.408100639334728e-98,21.070328
3,axo16.C11,2.047962,1.603401787359823e-97,21.033537
3,axo21.H4A,2.1068792,1.6098720740639228e-97,21.033152
3,axo10.F3,2.0574799,1.6253655411408224e-97,21.032505
3,axo12.C3,1.8364898,3.7498595593587697e-97,20.992617
3,axo7.G5B,1.9239781,4.450123297335383e-97,20.984285
3,axo21.D2A,2.0358775,5.278934412683409e-97,20.975971
3,axo15.D11B,2.050134,6.582958062425045e-97,20.965279
3,axo21.H3A,2.0751593,7.145932431016637e-97,20.961182
3,axo15.F2,1.9034997,1.0381631866402936e-96,20.943207
3,axo13.H12B,2.0844004,1.4899029579871743e-96,20.9258
3,axo15.E12B,2.1044714,2.1833860634627212e-96,20.907345
3,axo21.C6A,2.176701,2.1833860634627212e-96,20.907196
3,axo4.H6,2.0575705,2.786604516449413e-96,20.895365
3,axo12.E10,1.9386843,3.379477146722245e-96,20.885965
3,axo16.D12B,1.969821,3.4456159814702626e-96,20.884853
3,axo21.C2A,1.8952224,6.387500764052747e-96,20.855162
3,axo13.H11B,2.0466092,8.580326070765606e-96,20.840853
3,axo21.B12B,2.2425177,1.0756786221116846e-95,20.829844
3,axo21.F2B,2.1744885,1.2066765481713374e-95,20.824156
3,axo13.D4B,1.902899,1.6486227593260782e-95,20.809015
3,axo11.D7B,1.9891955,2.0126028778428718e-95,20.799267
3,axo29.G8A,1.9910144,2.7962758185147586e-95,20.783304
3,axo7.H7B,1.9504808,3.386857584587028e-95,20.773924
3,axo4.H10,2.0329058,4.662095399900843e-95,20.75839
3,axo2.B7,2.002846,4.786354563138138e-95,20.756947
3,axo2.C3,1.8266487,4.9381979051822675e-95,20.755266
3,axo15.B10B,2.0346224,6.127529047225976e-95,20.74471
3,axo29.C9A,1.6739424,7.240870387641979e-95,20.736504
3,axo9.E6A,1.8940504,7.272217544053245e-95,20.736118
3,axo16.G5,1.9552425,7.866369347594304e-95,20.732162
3,axo13.F9B,2.0201495,9.094501565044797e-95,20.725004
3,axo21.G3B,1.8535115,9.812368258228195e-95,20.72117
3,axo8.E4A,1.899988,1.0579191219699647e-94,20.717373
3,axo8.F2B,1.9415077,1.2352860145757872e-94,20.709732
3,axo12.B1,2.043397,1.281258962569697e-94,20.707798
3,axo21.G5B,2.0145912,1.9086513972960586e-94,20.688416
3,axo16.C5B,1.9918032,2.0557954997564492e-94,20.68466
3,axo16.E4B,1.9159949,2.4126445865563075e-94,20.676767
3,axo8.A12B,1.7150843,2.6279758659604037e-94,20.67247
3,axo21.G10A,2.0866997,2.669025558011836e-94,20.67155
3,axo21.B11B,1.7249789,2.7270160186766386e-94,20.670343
3,axo3.H10,2.0203762,3.1546812604901963e-94,20.663141
3,axo10.G9,1.7476729,3.872702927308344e-94,20.653069
3,axo2.A1,1.8860828,4.1976008921047245e-94,20.649008
3,axo10.D2,1.7648233,4.907470386675623e-94,20.641289
3,axo7.B1B,1.9298964,5.656691166472307e-94,20.634253
3,axo21.F12B,1.7980864,5.973303875704284e-94,20.631453
3,axo29.G10A,1.9592813,6.523561340785626e-94,20.627026
3,axo21.E2A,1.8839438,6.599587874993285e-94,20.626299
3,axo21.E7B,2.062409,8.501549368452859e-94,20.61388
3,axo8.A5B,1.8795402,9.486204964380192e-94,20.60841
3,axo11.B4B,1.9795932,1.022741231387851e-93,20.604605
3,axo10.D6,1.8214494,1.0440840292801809e-93,20.60344
3,axo7.F6B,1.9105842,1.2028418715867503e-93,20.596422
3,axo8.E10B,1.8881484,1.6602106082593775e-93,20.580643
3,axo16.G4,1.9472303,2.795162968260285e-93,20.555212
3,axo10.H8,1.7482193,3.1418115992348312e-93,20.549376
3,axo16.G6B,1.9281144,5.4980869241086324e-93,20.522028
3,axo11.A5B,1.7931648,6.48302136393685e-93,20.513853
3,axo15.B7B,2.0137668,6.851991381330394e-93,20.511002
3,axo3.A5,2.0677123,8.400434181512846e-93,20.500929
3,axo10.G11,1.7061846,1.0550803482909422e-92,20.489674
3,axo29.A2A,1.9761076,1.0867959456177067e-92,20.488073
3,axo8.H4B,2.0916462,1.1482016089594497e-92,20.485237
3,axo10.A4,2.032978,1.5451346422742945e-92,20.470613
3,axo12.G7,1.6074902,2.896948128724825e-92,20.4398
3,axo2.A12,1.9928609,1.2547807961914508e-91,20.36797
3,axo8.C4B,1.9983436,1.3754532905636877e-91,20.363316
3,axo16.G1B,1.9866183,1.6130012943638993e-91,20.35535
3,axo29.B2A,1.9050511,1.6618465424011554e-91,20.353731
3,axo15.A2,2.1972778,2.2586400045275139e-91,20.338531
3,axo13.H3B,1.9725242,2.480921436178395e-91,20.33377
3,axo13.C8B,1.9212478,3.0796096063229746e-91,20.323006
3,axo10.B10,1.6957722,3.295614761939934e-91,20.319523
3,axo9.A3A,1.804909,5.53860660628832e-91,20.293865
3,axo11.C2B,1.699427,6.502434321919187e-91,20.285822
3,axo16.D10B,1.9181371,6.530743456285196e-91,20.285456
3,axo13.F4B,1.9496098,7.263246344718101e-91,20.280073
3,axo16.D4,1.9537665,9.302742256398247e-91,20.267742
3,axo29.E1B,1.9563546,1.048607722213755e-90,20.261696
3,axo15.A2B,2.1064656,1.0847411591848182e-90,20.259874
3,axo21.E10A,1.782108,1.4081554484657044e-90,20.24687
3,axo16.H10,2.0141737,1.5418434861970833e-90,20.24225
3,axo12.B3,1.9185932,1.5688401895425982e-90,20.241243
3,axo11.E11B,2.132236,1.6065593163191347e-90,20.239922
3,axo16.B9B,1.835885,1.8245900295431216e-90,20.2335
3,axo16.D11B,1.8065063,1.8741198270423561e-90,20.232029
3,axo21.G11A,2.0250971,2.062953373630711e-90,20.227146
3,axo12.D9,2.039381,3.9439335885744565e-90,20.195011
3,axo16.C1,1.9586114,3.960053457029221e-90,20.19466
3,axo8.E9B,1.9206625,4.321491130975643e-90,20.190197
3,axo8.F10A,2.0679169,5.269565022983336e-90,20.180248
3,axo29.D3B,1.901203,5.95850097468565e-90,20.174025
3,axo3.D2,1.9575706,9.901095299010098e-90,20.148752
3,axo15.C8B,1.9677817,1.274122222668115e-89,20.136114
3,axo13.D2B,1.8395708,1.443143353401924e-89,20.129797
3,axo6.E12B,2.0868826,1.5295519501334315e-89,20.126768
3,axo10.A4B,2.0727537,2.4498364123357894e-89,20.103262
3,axo4.F1,1.8532076,2.633243002515109e-89,20.099535
3,axo7.C5B,1.6977522,3.1806876624185485e-89,20.090014
3,axo12.C4,1.7721051,3.334801781951722e-89,20.087519
3,axo3.D7,1.7446448,3.861660964751051e-89,20.08009
3,axo21.H5A,2.0352159,4.994349721480615e-89,20.067163
3,axo29.B6A,1.9133193,6.810647872400126e-89,20.051596
3,axo10.F9,1.6347517,8.064226913305086e-89,20.043045
3,axo16.E5B,1.8546157,1.0239684219151337e-88,20.031012
3,axo13.B2B,1.9227625,1.639379230191748e-88,20.00742
3,axo13.A11B,1.8908572,2.7397845594973105e-88,19.981655
3,axo13.B3B,1.950927,3.396934497275825e-88,19.970778
3,axo8.B11B,2.06763,3.5801244098216383e-88,19.968012
3,axo21.D1A,1.835367,4.1113021646154095e-88,19.960958
3,axo10.B9,1.8085092,7.607535389257938e-88,19.93004
3,axo15.E10B,1.841545,1.1170272788609093e-87,19.910666
3,axo16.G11B,1.8708861,1.1335264801612905e-87,19.90979
3,axo15.G12B,2.0818162,2.0031147433701303e-87,19.881104
3,axo14.C5A,1.8585689,3.458951215574611e-87,19.853537
3,axo15.F10B,2.0187569,3.956719516099217e-87,19.846642
3,axo21.D3A,2.0861924,4.031876232756213e-87,19.845556
3,axo10.H1,1.8945204,6.620408210274209e-87,19.820475
3,axo8.C2B,1.9896507,6.988440156849082e-87,19.817614
3,axo16.E1,1.9374354,8.177878071098687e-87,19.809563
3,axo8.H11B,2.0076,1.0917731071908565e-86,19.794868
3,axo16.E9B,1.8527195,1.4494307217250304e-86,19.780447
3,axo12.D6,2.0612118,1.6248141988937193e-86,19.774548
3,axo21.A12B,1.6649835,1.723626965246896e-86,19.771433
3,axo21.E4A,1.8309284,1.9174283254844824e-86,19.76592
3,axo21.G8A,2.019523,2.075335405465331e-86,19.76179
3,axo13.F6B,1.9230294,2.33758479226029e-86,19.755646
3,axo29.A4A,1.6442266,2.4143666707157197e-86,19.753878
3,axo21.G2B,1.9847909,3.0052349035900273e-86,19.742685
3,axo9.D10A,1.7500485,3.83600273167197e-86,19.730215
3,axo15.F4,1.9264388,4.5036909780934395e-86,19.72183
3,axo8.G11B,1.7883617,1.432611548435011e-85,19.663084
3,axo8.A4B,1.7340767,1.816833621551139e-85,19.650894
3,axo29.H3B,1.8597803,1.826468128379399e-85,19.650492
3,axo16.C11B,1.8252243,1.8555783559397327e-85,19.649555
3,axo4.H9,1.9256561,1.868661971593743e-85,19.649065
3,axo21.B7A,2.0329988,2.0116710289199626e-85,19.645187
3,axo21.B6A,2.099073,2.774390458492054e-85,19.628727
3,axo15.C3B,1.757021,3.1884475954560337e-85,19.621525
3,axo21.D10B,2.0319896,3.607819386380461e-85,19.61511
3,axo21.H10A,2.0097723,3.8728452635618826e-85,19.611372
3,axo15.E2B,2.032311,3.9816045209059015e-85,19.609833
3,axo10.G10,1.846603,3.982290269174108e-85,19.609692
3,axo10.D1,1.6836395,5.103280246485995e-85,19.596941
3,axo13.G9B,1.8607752,5.759914335770003e-85,19.59065
3,axo21.A11A,1.948608,8.012411761061419e-85,19.573708
3,axo2.D12,1.8493018,1.1913783532031895e-84,19.553352
3,axo16.B9,1.9109318,1.2762499893631116e-84,19.549711
3,axo29.H2A,1.6449484,1.5404560515759468e-84,19.53998
3,axo15.B1B,1.6695634,1.8045751157971374e-84,19.53177
3,axo2.E6,2.0267677,2.476288606868351e-84,19.515476
3,axo21.E11B,1.9687432,2.709305530912161e-84,19.510752
3,axo13.C2B,1.520312,3.263065811726306e-84,19.500984
3,axo29.H1B,1.6333499,3.6464733014237365e-84,19.495174
3,axo2.C2,1.8689108,4.588966786750428e-84,19.48328
3,axo29.H1A,1.850495,6.418301275095686e-84,19.465971
3,axo10.C6,1.7756672,7.497916072125354e-84,19.457876
3,axo8.A3B,1.9890462,8.368455357661658e-84,19.452118
3,axo3.E2,1.6016768,9.447200431031762e-84,19.445772
3,axo15.C9B,2.0094078,1.2315576912601625e-83,19.432043
3,axo29.D12A,1.8005308,1.5710990600720521e-83,19.419415
3,axo10.H6,1.9314061,1.9434524616510025e-83,19.408361
3,axo10.A11B,1.9059595,2.1073976140102125e-83,19.404074
3,axo13.B4B,1.8629911,2.6824849186311485e-83,19.391542
3,axo15.D8,1.7482364,5.563687825303838e-83,19.353859
3,axo21.B4A,1.9293562,6.53271850152546e-83,19.345457
3,axo14.E11A,1.9212734,1.3097610066780125e-82,19.309437
3,axo14.D9A,1.921217,1.4947090405814922e-82,19.302488
3,axo10.D10,1.7893224,1.733944636796552e-82,19.294691
3,axo21.E12A,2.0778553,2.786972529683302e-82,19.270021
3,axo15.D2B,1.8449621,3.5862799428428406e-82,19.256842
3,axo8.C3A,2.0132427,3.742165446051987e-82,19.254515
3,axo4.F2,1.9018563,5.1525840152557514e-82,19.237818
3,axo15.E11B,1.9155425,5.626094631017791e-82,19.233135
3,axo10.B4B,1.8682874,8.999018416013598e-82,19.208641
3,axo16.A8,1.9040862,1.1116232187656504e-81,19.197544
3,axo7.C3B,1.8512537,1.6522593583277806e-81,19.17682
3,axo10.C7B,1.9058664,1.8018053644446382e-81,19.172192
3,axo21.F9A,1.9195684,2.205120200221478e-81,19.161558
3,axo16.F6,1.8292165,2.5579962990296425e-81,19.15371
3,axo2.C4,1.847722,2.5661993811694274e-81,19.15342
3,axo3.B7,1.5360706,2.8413404806023857e-81,19.147995
3,axo8.F1B,1.9491394,5.774819411703816e-81,19.110897
3,axo7.C8B,1.7217021,6.125031850063595e-81,19.107704
3,axo15.C7B,2.076778,7.045483886482574e-81,19.100273
3,axo15.G10B,1.851239,7.683366567881965e-81,19.095627
3,axo29.C8A,1.5557089,2.4413687578126936e-80,19.035034
3,axo29.A12B,1.8260562,2.6188600092133292e-80,19.031235
3,axo13.G5B,1.8035952,7.972414572965847e-80,18.972689
3,axo16.D10,1.916034,1.8427443760572795e-79,18.928478
3,axo8.E3B,1.6312143,2.7289548617713587e-79,18.90766
3,axo29.B9A,1.5264636,3.147545665780368e-79,18.900011
3,axo15.D12,1.8447073,3.1691538463733754e-79,18.899529
3,axo29.C1B,1.8209412,4.540642607657033e-79,18.880424
3,axo14.H9A,1.7735169,5.031226049931396e-79,18.874886
3,axo14.C11A,1.7336811,5.986043467992955e-79,18.865583
3,axo15.B12B,1.7608088,6.679685919356253e-79,18.859667
3,axo13.D7B,1.5345476,7.339669252225175e-79,18.854565
3,axo10.A12B,2.080017,8.583595217851713e-79,18.846165
3,axo21.G9B,1.9197,1.218504678955829e-78,18.827497
3,axo29.F3A,1.900049,2.1692112848949327e-78,18.796806
3,axo2.H1,1.9652435,2.1819345066636244e-78,18.796377
3,axo29.F10A,1.7927793,2.6200100908340903e-78,18.78655
3,axo21.B9A,1.9789752,2.6955917999709705e-78,18.784924
3,axo21.D12A,2.015924,2.790786777808363e-78,18.782963
3,axo15.F1B,1.8035876,1.0429471414998772e-77,18.712725
3,axo29.F4B,2.031221,1.0839002920162541e-77,18.710554
3,axo15.A7,1.8562312,1.159486466699055e-77,18.706844
3,axo14.C6A,1.7838738,1.1695420468568348e-77,18.706266
3,axo13.C1B,1.7604584,1.508945082210565e-77,18.692562
3,axo6.F8B,1.8500224,1.5446708927782643e-77,18.691196
3,axo14.H1A,1.9401182,1.7976099841583345e-77,18.68299
3,axo15.G8B,1.8779756,2.339946347648537e-77,18.668795
3,axo6.A12B,1.8795588,2.858797901245566e-77,18.657978
3,axo8.E8B,1.9205996,3.2110523454731654e-77,18.65165
3,axo4.G9,1.8304617,3.2399656465663464e-77,18.651054
3,axo3.D4,1.5093504,6.929865642459384e-77,18.610249
3,axo15.F3B,1.8623787,1.0519070362183488e-76,18.587757
3,axo10.A5,1.9081097,1.156244207078733e-76,18.582567
3,axo15.D12B,1.9337151,1.254841661539712e-76,18.57806
3,axo12.H7,1.8972404,1.393487817119071e-76,18.572319
3,axo13.H1B,1.7012781,1.6080719065509173e-76,18.564514
3,axo14.B2A,1.8191024,1.6167147761082308e-76,18.564112
3,axo14.C3A,1.7734714,1.732879001591183e-76,18.56027
3,axo10.G8,1.8566407,2.0904488056481947e-76,18.550074
3,axo21.F1B,1.7826239,3.675477280595417e-76,18.519602
3,axo15.B11B,1.9200338,5.4668106415696444e-76,18.4981
3,axo29.C12A,1.6057827,8.884141587809139e-76,18.471794
3,axo15.F3,1.6543067,1.1823995345285597e-75,18.456244
3,axo15.C2B,1.9283315,1.3902672419208854e-75,18.447378
3,axo4.D11,1.8704545,1.522449622473858e-75,18.442356
3,axo15.B6,1.7052466,2.751765326491298e-75,18.410212
3,axo3.E3,1.5644335,2.7517948576935044e-75,18.410099
3,axo16.E9,1.8515638,3.1635222001393474e-75,18.402431
3,axo29.H4B,1.9882417,3.5593960697819897e-75,18.39593
3,axo15.C6,1.7462779,3.9006692095913653e-75,18.390854
3,axo15.D2,1.8398407,6.486582027534152e-75,18.363148
3,axo15.D11,1.8408806,7.798518757681205e-75,18.353031
3,axo8.B9A,1.6711534,8.161164338748492e-75,18.35045
3,axo8.B9B,1.9036679,8.742424976508521e-75,18.3466
3,axo3.A7,1.6796694,9.61089369556212e-75,18.34134
3,axo8.G11A,1.801992,9.917778241342099e-75,18.33952
3,axo16.G12,1.8925164,1.175729495113096e-74,18.330156
3,axo16.B10,1.734727,1.7223057560785545e-74,18.309267
3,axo10.F11,1.8313686,1.997728390947095e-74,18.301075
3,axo21.E9A,1.7558215,3.539800166650391e-74,18.269772
3,axo10.F1,1.6943167,5.315079138185184e-74,18.247465
3,axo8.C12B,1.9271842,5.5725273133970775e-74,18.24477
3,axo8.E5B,1.8981569,8.081262589196316e-74,18.224335
3,axo21.D7B,1.6303693,8.581337947446177e-74,18.22094
3,axo16.D1,1.8711783,1.4229234256934643e-73,18.193138
3,axo16.E8B,1.6043366,1.6666820741769406e-73,18.18436
3,axo8.F4B,1.8194735,1.757217520418543e-73,18.181349
3,axo12.C10,1.5681179,2.2256938346990813e-73,18.168276
3,axo3.E4,1.845836,2.7375825779689444e-73,18.156801
3,axo15.F5,1.9796435,3.0637853907825304e-73,18.15051
3,axo6.F2B,1.8135293,3.50939398088468e-73,18.14294
3,axo10.C1,1.560976,3.566595820062086e-73,18.141943
3,axo29.A6A,1.649058,4.0295607946475343e-73,18.135126
3,axo2.H12,1.6014596,6.5510881095477e-73,18.108171
3,axo15.B7,1.5728742,6.852047198772789e-73,18.105589
3,axo16.F5B,1.7158613,8.247438179538513e-73,18.095272
3,axo29.F11A,1.7037507,8.538874412219247e-73,18.09325
3,axo10.A8,1.6208045,1.8025068163377702e-72,18.051928
3,axo15.G7B,1.7405155,2.032714894452538e-72,18.04518
3,axo16.G10B,1.7414662,2.9533219586866536e-72,18.024422
3,axo21.H10B,1.622577,3.56705182299589e-72,18.013868
3,axo2.H6,1.900441,3.670444659813227e-72,18.012178
3,axo16.D6,1.7171369,4.048888817124223e-72,18.00664
3,axo9.A7A,1.5601536,8.050437252756644e-72,17.968441
3,axo10.H2B,1.7231017,9.383601734760266e-72,17.95983
3,axo3.E7,1.6516781,9.621430390116402e-72,17.958332
3,axo2.E1,1.744385,9.780141805613451e-72,17.957317
3,axo15.C11B,2.0506732,1.1087024766906916e-71,17.950247
3,axo6.C8B,1.954109,1.1927579743408718e-71,17.946081
3,axo15.C2,1.6002625,1.3480052186379968e-71,17.939177
3,axo29.G4B,1.7484145,2.9997557155008888e-71,17.894562
3,axo15.B1,1.7344612,3.080871824829046e-71,17.89297
3,axo3.G6,1.5476121,3.2269167715548393e-71,17.890284
3,axo15.G1B,1.9281261,4.750479570659224e-71,17.868614
3,axo8.H12B,1.9236702,6.117450864904753e-71,17.854395
3,axo3.H7,1.6801802,6.4532000238828e-71,17.851305
3,axo16.E11,1.8327018,6.5952497105040336e-71,17.849983
3,axo15.A12B,1.7042083,1.1861066915065262e-70,17.81707
3,axo14.E3A,1.8586041,1.784723176854675e-70,17.794088
3,axo16.H4B,1.9320557,1.8903072075110057e-70,17.790764
3,axo12.A10,1.8558687,2.8590860474542166e-70,17.76746
3,axo29.C1A,1.5801247,3.1636142457977936e-70,17.761675
3,axo3.C1,1.403934,4.034448676855502e-70,17.747917
3,axo2.D8,1.60572,4.503500663852973e-70,17.741634
3,axo13.D5B,1.5569482,6.131328086232935e-70,17.724184
3,axo13.E4B,1.7903911,6.998197542915977e-70,17.71664
3,axo29.B4A,1.4210104,7.223882215696809e-70,17.71475
3,axo2.B1,1.6248511,7.678045474106665e-70,17.711216
3,axo14.H6A,1.706331,9.34223702307654e-70,17.700066
3,axo16.A9B,1.7452259,2.2533648371607407e-69,17.650307
3,axo16.F12,1.8316807,2.563412396264123e-69,17.64292
3,axo12.A8,1.6648184,4.4568796040064936e-69,17.611538
3,axo16.A6,1.827183,1.0484213210671236e-68,17.562952
3,axo11.G3B,1.846893,1.0549291663808876e-68,17.562496
3,axo8.D10A,1.9150957,1.2525924288135026e-68,17.552643
3,axo29.F5B,1.8129886,1.292228767888485e-68,17.55077
3,axo6.F6B,1.8130182,1.3074882570791751e-68,17.55
3,axo29.H5A,1.6077085,1.3204878464557664e-68,17.549334
3,axo8.H5A,1.8929644,1.4399579467249475e-68,17.544312
3,axo14.H5A,1.8055787,2.6347356575199523e-68,17.50985
3,axo15.F6,1.5509228,2.8942756358343826e-68,17.504396
3,axo4.G2,1.6497916,2.9450950544504705e-68,17.503304
3,axo29.H2B,2.0183995,4.772363997369226e-68,17.475588
3,axo3.H2,1.5917479,9.076623756710012e-68,17.43878
3,axo7.D4B,1.6851126,1.1114439083215064e-67,17.427097
3,axo29.E2A,1.8119783,3.070908564474747e-67,17.36877
3,axo2.D11,1.8393146,4.875363464810642e-67,17.342123
3,axo15.B5B,1.6057991,5.282090945798863e-67,17.337414
3,axo8.E6B,1.8380893,6.925495643735794e-67,17.321732
3,axo8.B5A,1.9329056,7.673323478937519e-67,17.31573
3,axo8.A3A,1.8949449,7.778267468775991e-67,17.314844
3,axo8.G5A,1.9443915,7.930344728285027e-67,17.31363
3,axo29.H11A,1.6257863,8.479365202838238e-67,17.309673
3,axo29.B5B,1.7627358,9.058019445404999e-67,17.305769
3,axo29.F5A,1.5280764,1.2245789832673362e-66,17.288294
3,axo15.C10B,1.649274,1.4588271853849435e-66,17.2781
3,axo29.E5A,1.4954349,1.5093527755562557e-66,17.276033
3,axo29.E8B,1.630951,1.8305897745921323e-66,17.264797
3,axo21.F7B,1.9038903,2.7454461757300433e-66,17.241282
3,axo21.G7B,2.05335,3.1938052037239077e-66,17.232435
3,axo15.A5B,1.65252,3.8043688396715064e-66,17.222214
3,axo8.A7B,1.8454763,4.290583000740051e-66,17.21515
3,axo2.G8,1.7096151,4.956361790695923e-66,17.206697
3,axo8.F5A,1.8421326,5.805152072459163e-66,17.197437
3,axo2.A4,1.5743015,6.266558237768987e-66,17.192905
3,axo8.H12A,1.9341253,1.165848859224298e-65,17.15678
3,axo14.G6A,1.7764622,1.9745456609997376e-65,17.126045
3,axo15.H9B,1.6558193,2.0463573949459533e-65,17.123867
3,axo8.B10B,1.6560726,2.0803537055630363e-65,17.122808
3,axo21.D4B,1.8232535,2.8520851975433516e-65,17.104334
3,axo8.C9A,1.8486326,3.0476440189132974e-65,17.100368
3,axo15.B6B,1.6347549,3.555990635045589e-65,17.091276
3,axo3.G1,1.6959622,3.7928050410855485e-65,17.087418
3,axo21.D9A,1.7708023,3.986304585492301e-65,17.084415
3,axo29.G7B,1.5512547,6.1318828931936165e-65,17.059177
3,axo8.B1A,1.9005193,1.0732885757981577e-64,17.026342
3,axo2.E4,1.7243352,1.5310483520890098e-64,17.00534
3,axo15.B9,1.5581409,1.5906346024127608e-64,17.003002
3,axo2.E11,1.5566686,2.7034978848638655e-64,16.971786
3,axo13.G11B,1.5276816,2.956660229703226e-64,16.96643
3,axo9.D5A,1.5878237,3.010321970828918e-64,16.965277
3,axo9.E10A,1.5874926,3.5906983504684126e-64,16.954819
3,axo2.F1,1.6827648,4.2736019791888485e-64,16.944483
3,axo15.A6,1.79912,5.402343762226661e-64,16.930595
3,axo20.H1A,1.9832996,5.832857852845904e-64,16.925983
3,axo21.C9A,1.5854124,1.2163486159852e-63,16.882559
3,axo14.H8A,1.7262365,1.2191987319181234e-63,16.882324
3,axo16.H7,1.7347263,1.244362600041902e-63,16.88102
3,axo9.C1A,1.6597853,1.9083886739909337e-63,16.855658
3,axo8.G4A,1.6207547,1.9142802727816714e-63,16.85538
3,axo7.G6B,1.3595746,2.5472219350632925e-63,16.838383
3,axo7.E1B,1.4838438,3.636361266120043e-63,16.817205
3,axo29.G6A,1.4153407,3.812244272134381e-63,16.814308
3,axo21.C11A,1.5736419,3.935713576643537e-63,16.812323
3,axo4.H7,1.7762496,4.034485827183606e-63,16.810755
3,axo29.C11A,1.4099456,4.739978125451248e-63,16.801104
3,axo10.C3B,1.828503,5.233116835766022e-63,16.795135
3,axo6.H6B,1.7621293,6.917593787089152e-63,16.778473
3,axo8.A10B,1.7387762,1.0584952166928884e-62,16.753094
3,axo15.B3B,1.763321,1.4958191989401204e-62,16.732414
3,axo10.C7,1.7827016,1.906876292485206e-62,16.717852
3,axo8.E12B,1.8793418,4.203883215658702e-62,16.67057
3,axo16.B7B,1.7306303,4.3186274661223295e-62,16.668863
3,axo16.H6,1.5499686,4.975891507251048e-62,16.660295
3,axo14.E8A,1.4903659,6.22469764256977e-62,16.646801
3,axo7.H3B,1.3490865,7.012191316461357e-62,16.639572
3,axo8.E10A,1.8883567,9.989333941628821e-62,16.618273
3,axo8.G12A,1.8949881,1.0033159104864513e-61,16.617914
3,axo29.E4A,1.4028534,1.2799171799864342e-61,16.60321
3,axo3.E12,1.6811988,1.3953020784259096e-61,16.597935
3,axo7.E7B,1.4070274,1.4363763323566225e-61,16.596096
3,axo11.A11B,1.7704248,3.460506287666353e-61,16.543125
3,axo6.E5B,1.6595944,3.478670589845805e-61,16.542713
3,axo4.F4,1.5064924,6.059077395356776e-61,16.509161
3,axo16.E4,1.7315017,1.1156986791672993e-60,16.47218
3,axo15.G5,1.8853424,1.5293593294569876e-60,16.452995
3,axo3.B9,1.6338835,1.643236450075469e-60,16.448551
3,axo16.H6B,1.6317025,1.730968567537596e-60,16.445303
3,axo8.C6A,1.7623904,2.0164257015439973e-60,16.435957
3,axo13.E12B,1.6967069,2.070129590699472e-60,16.434269
3,axo21.H6A,1.6751504,2.8776480468088193e-60,16.414192
3,axo14.D2A,1.6865122,3.089199598205788e-60,16.409792
3,axo13.G10B,1.6895415,3.1304881525006697e-60,16.40889
3,axo14.G1A,1.4307683,1.3136092022355907e-59,16.321482
3,axo16.F4,1.7462881,1.4080014999495313e-59,16.31715
3,axo15.A10B,1.5451275,1.5287397676357022e-59,16.31203
3,axo11.B5B,1.7378793,1.8405983573965853e-59,16.300592
3,axo16.D5,1.7190475,2.3536899781409034e-59,16.285461
3,axo29.E6A,1.3919804,2.3621686132863187e-59,16.285147
3,axo15.A8B,1.4152216,5.879121354036706e-59,16.229174
3,axo29.B2B,1.5962363,7.499430963082063e-59,16.214035
3,axo16.C3,1.6747756,9.217900533370771e-59,16.201258
3,axo10.A9B,1.8001333,1.2703789940312595e-58,16.181427
3,axo2.D6,1.7514479,1.282201322406682e-58,16.180763
3,axo15.D4B,1.6793422,1.5549063382893193e-58,16.16879
3,axo29.F12A,1.4152974,1.9128384909171592e-58,16.155926
3,axo15.E1B,1.8512375,3.556050116416518e-58,16.117552
3,axo16.A4,1.8368411,4.154091743761316e-58,16.107847
3,axo6.E10B,1.816651,4.180747126083682e-58,16.107357
3,axo29.H4A,1.3895435,4.925695963381763e-58,16.097118
3,axo29.D4A,1.3541305,5.14584417990895e-58,16.094318
3,axo14.D12A,1.5769831,5.464677464234571e-58,16.090502
3,axo15.E6,1.5291731,5.993210166039149e-58,16.084692
3,axo2.E7,1.4558369,6.202788102417533e-58,16.082468
3,axo16.A3,1.6997331,1.4433035860057467e-57,16.029978
3,axo15.C12B,1.45714,2.1955375487804693e-57,16.003796
3,axo15.D8B,1.7125561,2.650990153685068e-57,15.991963
3,axo21.H3B,1.5593362,2.668654724132241e-57,15.991455
3,axo15.A11,1.4048041,3.2181826972953037e-57,15.979693
3,axo14.F8A,1.5706915,3.2633561195706907e-57,15.978731
3,axo10.B11B,1.7074008,4.2574749454267776e-57,15.962051
3,axo16.H4,1.684826,5.099460702784502e-57,15.950692
3,axo15.H4B,1.5270091,5.525995768428322e-57,15.945581
3,axo11.F3B,1.9505857,7.304959535753617e-57,15.928044
3,axo16.E12,1.648229,8.593567474876209e-57,15.917788
3,axo16.F3,1.716046,1.38757610892978e-56,15.887683
3,axo15.A3B,1.549454,1.3959969635421182e-56,15.887211
3,axo29.F12B,1.665979,1.5378249611360807e-56,15.88105
3,axo10.F6,1.5167211,2.5228598209244577e-56,15.849877
3,axo9.G10A,1.6056108,3.482499176500991e-56,15.829514
3,axo8.C12A,1.5056052,5.275213994251892e-56,15.803268
3,axo29.D10A,1.2866784,5.321832775796947e-56,15.802621
3,axo4.H11,1.5756012,5.490989672608293e-56,15.800556
3,axo2.B11,1.7241436,6.143821224316332e-56,15.79338
3,axo8.G7A,1.8441972,6.172369631405453e-56,15.7929945
3,axo16.H2,1.6730804,8.380571998957046e-56,15.773602
3,axo20.D8B,1.7060136,1.3270315867055955e-55,15.74446
3,axo11.B9B,1.7028517,1.424499183267682e-55,15.739883
3,axo6.G6B,1.6959455,1.7767352497606245e-55,15.725802
3,axo29.D2B,1.6060126,1.8354815444912458e-55,15.72365
3,axo29.G12B,1.5052927,1.843220734176507e-55,15.723291
3,axo2.B3,1.7014627,1.9178895052328943e-55,15.720683
3,axo29.H12A,1.5133624,2.0531591461415325e-55,15.716272
3,axo8.B4A,1.7903029,3.436793883856912e-55,15.683499
3,axo9.G5A,1.4814341,4.15490194500083e-55,15.671352
3,axo12.A1,1.5776985,5.366651821035821e-55,15.654987
3,axo15.A11B,1.6835796,6.109320784276567e-55,15.646647
3,axo6.F4B,1.8336095,7.813522245493034e-55,15.630887
3,axo7.G4B,1.4323871,8.64034329260997e-55,15.624385
3,axo6.D7B,1.4781184,1.1167099605323326e-54,15.607932
3,axo3.F9,1.7803588,1.9858878176187976e-54,15.571063
3,axo16.B11B,1.8613566,1.9890208598972577e-54,15.57087
3,axo14.C8A,1.6672189,2.0118843633618724e-54,15.570048
3,axo14.H12A,1.6577425,2.3224508552364742e-54,15.560772
3,axo15.C5B,1.7202015,2.353638201445138e-54,15.559827
3,axo6.G10B,1.484854,4.230405317656785e-54,15.5221615
3,axo21.H7B,1.8761606,8.184031979368781e-54,15.479674
3,axo8.D11A,1.4816356,1.0121276383096884e-53,15.465908
3,axo15.C4B,1.6504316,1.3254525918141207e-53,15.448441
3,axo14.G12A,1.7473942,3.091117241555648e-53,15.393666
3,axo29.C2B,1.3515067,3.6242155738737783e-53,15.383279
3,axo8.C1A,1.5029488,3.714258058855554e-53,15.381598
3,axo15.E4,1.7330307,4.31564938871948e-53,15.371789
3,axo15.A5,1.630701,5.712938351461505e-53,15.353516
3,axo10.C8,1.6535367,6.0090550716836975e-53,15.350146
3,axo16.H1B,1.6241422,7.0403854116226195e-53,15.339777
3,axo3.H1,1.2037276,1.039598739124894e-52,15.314363
3,axo20.G12B,1.8218346,1.0793138925005394e-52,15.311833
3,axo6.B8B,1.5316128,1.3697093661958583e-52,15.296239
3,axo2.H5,1.7511443,1.4092282156741096e-52,15.294296
3,axo16.G11,1.5175076,1.5184821099397567e-52,15.289343
3,axo7.E4B,1.4238824,1.736706738355526e-52,15.280504
3,axo6.C12B,1.4620808,1.967305405394264e-52,15.272287
3,axo10.D9B,1.7205606,2.1511230262950525e-52,15.266371
3,axo2.A7,1.7035644,3.2675516616497403e-52,15.238989
3,axo8.D5A,1.6711359,4.376777983704537e-52,15.219789
3,axo3.B8,1.2357142,5.576997529002431e-52,15.203835
3,axo15.B5,1.6996832,7.417545118418385e-52,15.185055
3,axo16.G8,1.6394868,9.117284044811008e-52,15.171429
3,axo14.D1A,1.2740142,9.841927943838818e-52,15.166318
3,axo15.C9,1.5836444,1.1858132251461501e-51,15.153988
3,axo29.F6B,1.6221446,1.3306910283928562e-51,15.146321
3,axo8.D3B,1.7001003,1.81102711372653e-51,15.1259575
3,axo16.C8,1.5035986,3.8815088650212773e-51,15.075603
3,axo15.G3B,1.5700413,4.782260252248133e-51,15.061723
3,axo16.C10,1.6932088,6.588203142356468e-51,15.040441
3,axo6.H4B,1.6824787,6.832709934699495e-51,15.037937
3,axo29.G11B,1.470611,7.35239563102252e-51,15.032993
3,axo15.B9B,1.7028967,1.0082808019027577e-50,15.011972
3,axo14.E2A,1.2869874,1.3311685691376884e-50,14.993446
3,axo9.D11A,1.3922874,1.6603893591372933e-50,14.978674
3,axo16.E5,1.6783271,2.4913441181110544e-50,14.951589
3,axo29.G4A,1.4349452,3.642992707602656e-50,14.926175
3,axo16.A7,1.5262134,4.37303416284903e-50,14.9138975
3,axo14.G8A,1.69601,4.491378236235865e-50,14.9120245
3,axo10.H10,1.613181,5.541557255673714e-50,14.8979
3,axo6.A2B,1.3487695,6.394634368009897e-50,14.888239
3,axo10.B7,1.6091819,7.502919533590078e-50,14.877457
3,axo10.F8,1.5951633,1.4750478011201579e-49,14.832065
3,axo14.E9A,1.3366834,1.660750887667293e-49,14.824013
3,axo16.C4,1.6312824,1.8794820428854536e-49,14.815612
3,axo3.H9,1.5877368,1.8909550504666717e-49,14.815113
3,axo2.G4,1.6698213,1.9754636777109867e-49,14.812085
3,axo15.F4B,1.5763444,2.2582395452706317e-49,14.803001
3,axo16.A5,1.7031401,2.5866623925270986e-49,14.793777
3,axo29.C5B,1.5131716,3.7381552090456e-49,14.768889
3,axo15.A12,1.5599788,4.003754116874157e-49,14.764173
3,axo8.B3B,1.7341727,6.1194548362523126e-49,14.735451
3,axo9.A2A,1.4519082,1.096816005330293e-48,14.695799
3,axo15.A9,1.6326189,1.2332586149000233e-48,14.687765
3,axo8.D3A,1.7258754,1.2965750097244789e-48,14.684282
3,axo29.D4B,1.5064303,1.4253741412850537e-48,14.677772
3,axo14.B1A,1.4307035,2.2318828298236252e-48,14.647151
3,axo6.B9B,1.4136922,3.0327428214530607e-48,14.626209
3,axo14.D8A,1.3302133,3.272918519524052e-48,14.620932
3,axo7.D6B,1.4666224,3.744174651774837e-48,14.611682
3,axo15.D5,1.5909997,4.6466421912402656e-48,14.596874
3,axo14.F2A,1.6231759,5.760951866545145e-48,14.58212
3,axo3.B5,1.5887855,1.070901204048769e-47,14.53965
3,axo16.D11,1.5588936,1.479051149927686e-47,14.51744
3,axo16.B2,1.6009114,1.5026090937037438e-47,14.516267
3,axo16.G9,1.5866522,1.5859145545063525e-47,14.512478
3,axo3.A9,1.4900461,1.7634555772883948e-47,14.505109
3,axo10.G1B,1.6776031,1.7912982705431344e-47,14.503945
3,axo3.C3,1.5552785,1.791949211096211e-47,14.503832
3,axo29.D5A,1.4108337,1.4734331045920369e-46,14.3584385
3,axo13.H4B,1.4201573,1.6962536064905433e-46,14.348584
3,axo15.C4,1.2495967,2.077529053385002e-46,14.334425
3,axo15.D6B,1.6470883,2.3564630150430174e-46,14.325586
3,axo14.B3A,1.5880445,2.4110462322332777e-46,14.323906
3,axo14.H2A,1.6531466,5.502173249112495e-46,14.266288
3,axo10.A1,1.4468111,7.164617817223034e-46,14.24777
3,axo6.F11B,1.4803164,1.698509754773688e-45,14.1872635
3,axo8.C11A,1.4805611,1.712929214652821e-45,14.186582
3,axo15.D1B,1.7134367,2.4960998603551954e-45,14.160056
3,axo20.A5B,1.7276567,3.0490947333257343e-45,14.145897
3,axo8.G12B,1.7043335,3.1598265102186346e-45,14.143297
3,axo8.F3A,1.6621733,3.9560662164871064e-45,14.127388
3,axo6.C4B,1.361865,4.890633362894002e-45,14.112353
3,axo12.D2,1.8289043,7.540103496696206e-45,14.081706
3,axo29.G1A,1.0864315,8.338390528500033e-45,14.074504
3,axo29.A5B,1.2720987,1.0795599263973136e-44,14.056144
3,axo10.C12B,1.4891454,1.2155183939107899e-44,14.047655
3,axo9.A11A,1.3668994,1.657216549772368e-44,14.025594
3,axo29.E2B,1.6928093,2.2664104161184326e-44,14.003278
3,axo15.A9B,1.2204144,3.1440666946566876e-44,13.979912
3,axo10.E5B,1.6963059,3.195423922868812e-44,13.978669
3,axo6.D8B,1.4001229,3.825199377315965e-44,13.96577
3,axo29.G3A,1.2681953,6.468677712840217e-44,13.928113
3,axo14.E7A,1.2660384,6.631386476630212e-44,13.9262495
3,axo8.E3A,1.6887531,7.230085938667678e-44,13.919983
3,axo8.E11A,1.7271316,9.122316516625569e-44,13.903269
3,axo15.F9B,1.2867252,9.400683828406853e-44,13.901029
3,axo8.F2A,1.6871588,1.0920163417818659e-43,13.890212
3,axo16.F5,1.6384476,1.3554629472768894e-43,13.874635
3,axo6.C11B,1.3773489,1.492954296991304e-43,13.867616
3,axo6.F9B,1.4994568,2.0495792508984195e-43,13.844775
3,axo6.A7B,1.3576021,2.3598278484936333e-43,13.834554
3,axo29.F4A,1.360461,2.382866358113621e-43,13.833766
3,axo6.B1B,1.5081196,4.940800984502908e-43,13.7811365
3,axo3.D1,1.2016636,1.5471547976073032e-42,13.698401
3,axo14.A12A,1.371485,1.85237209797415e-42,13.685231
3,axo14.E4A,1.1889187,2.366201657378555e-42,13.667335
3,axo20.F3A,2.0237472,2.4809149027748546e-42,13.663799
3,axo3.H3,1.2001245,2.6494293351948967e-42,13.658925
3,axo8.B5B,1.6593562,3.326421698247058e-42,13.642254
3,axo16.G6,1.4251022,4.804235984733768e-42,13.615335
3,axo9.G4A,1.4820048,5.764389501250708e-42,13.601928
3,axo10.E9B,1.6686889,9.8833169547753e-42,13.562355
3,axo3.C2,1.4995662,1.9591327789638246e-41,13.5119915
3,axo9.F12A,1.5094328,2.0268249591874406e-41,13.509401
3,axo14.D3A,1.5764147,2.644250989643222e-41,13.489719
3,axo14.C12A,1.119849,5.217646069780321e-41,13.439426
3,axo8.D7A,1.6369389,6.346215738064328e-41,13.424838
3,axo29.A11B,1.2669749,1.7305839934006648e-40,13.3502245
3,axo11.G2B,1.4559824,1.8218831740114796e-40,13.346304
3,axo16.C12,1.6852385,2.4064763553602868e-40,13.325459
3,axo8.C2A,1.6869508,2.4064763553602868e-40,13.325372
3,axo6.D4B,1.3721849,2.5576665535651433e-40,13.320733
3,axo6.D12B,1.5429132,2.9237875023812745e-40,13.310652
3,axo10.B3,1.4801599,3.0225781902834547e-40,13.308079
3,axo14.G10A,1.2380024,3.6026177897105052e-40,13.294865
3,axo6.D5B,1.4758484,4.194025678916477e-40,13.283401
3,axo9.A1A,1.6035963,4.37515530820659e-40,13.280145
3,axo3.C6,1.4483652,7.157689152460221e-40,13.243145
3,axo15.G4B,1.558303,1.084163045848507e-39,13.211842
3,axo29.D5B,1.2170191,1.2125340439272306e-39,13.203326
3,axo8.H7A,1.6622754,1.6710477273902333e-39,13.179059
3,axo15.D10B,1.6028332,2.061564461317801e-39,13.163115
3,axo16.B1,1.5202175,2.1134855508266382e-39,13.161145
3,axo14.G7A,1.531247,2.837636060193836e-39,13.138778
3,axo16.A10,1.4893296,3.111779044181634e-39,13.131706
3,axo15.A4,1.0519953,4.1254503804244725e-39,13.110249
3,axo11.A4B,1.6485994,8.268733540342182e-39,13.057321
3,axo2.C1,1.3093327,9.397057277162769e-39,13.047397
3,axo15.B4B,1.5478851,1.2107601489787356e-38,13.02789
3,axo6.G9B,1.3523096,1.973778372392291e-38,12.990453
3,axo15.F10,1.325435,4.355946913535346e-38,12.92964
3,axo3.F3,1.556183,5.783550195204395e-38,12.907736
3,axo8.B7A,1.611026,6.068740322676283e-38,12.903937
3,axo9.H7A,1.2910155,1.4971690711735465e-37,12.834094
3,axo3.E11,1.502796,1.553623635511789e-37,12.831136
3,axo15.C6B,1.6078522,2.075409085359487e-37,12.808593
3,axo8.F4A,1.5764989,2.1054945865302055e-37,12.807385
3,axo20.F8A,1.8032771,2.9902975152558366e-37,12.780038
3,axo3.F4,1.5039277,3.0455184648918096e-37,12.778523
3,axo16.H5,1.6214514,3.5863379077798075e-37,12.765712
3,axo14.C4A,1.1271135,6.713876377274403e-37,12.716704
3,axo8.A8B,1.6236268,6.947571061863575e-37,12.71394
3,axo8.F7A,1.6095848,7.638020010867415e-37,12.70644
3,axo16.C9B,1.5393761,1.0361802385881644e-36,12.68247
3,axo14.C9A,1.5013397,1.1974064746918966e-36,12.671041
3,axo4.H1,1.5546142,1.8208446627022127e-36,12.638031
3,axo10.D9,1.4039849,1.8983464719184972e-36,12.634662
3,axo6.E3B,1.4269416,5.084487288491967e-36,12.556837
3,axo15.E8B,1.454109,7.66558642295628e-36,12.524213
3,axo14.G3A,1.3787602,9.176974159473657e-36,12.509834
3,axo4.H4,1.5729185,1.2794374537689757e-35,12.483317
3,axo16.D7,1.5569502,2.4739649485192276e-35,12.430627
3,axo29.G2B,1.2715031,3.952711142807041e-35,12.393023
3,axo20.E6A,1.6765991,8.321418275433974e-35,12.333102
3,axo8.D2B,1.5741279,1.4149983861542217e-34,12.290169
3,axo20.D11B,1.7762681,3.2075501027984722e-34,12.223651
3,axo20.G11A,1.6100053,3.7301212201379334e-34,12.211286
3,axo14.F1A,1.1100042,1.7933582175807806e-33,12.082782
3,axo16.D3,1.525899,2.1716969728191787e-33,12.066942
3,axo10.G6,1.4361781,2.864045473225293e-33,12.044049
3,axo16.E7,1.4303148,4.5165955560738564e-33,12.006331
3,axo3.A6,1.5672476,4.788281059645962e-33,12.001404
3,axo9.C8A,1.3256909,6.809612312807827e-33,11.972132
3,axo14.F12A,1.4415784,1.0369605234982764e-32,11.9371
3,axo11.B8B,1.5407227,1.2311995988226054e-32,11.922713
3,axo15.H5B,1.5405992,1.9549968526560975e-32,11.884042
3,axo10.B2B,1.5426396,2.6696521025261e-32,11.857883
3,axo3.D3,1.4593744,2.728941623450429e-32,11.855949
3,axo10.F5,1.2773578,3.424312142820867e-32,11.836828
3,axo11.C11B,1.4775054,4.581762980659983e-32,11.812281
3,axo14.B7A,1.5051072,5.491668913801443e-32,11.796949
3,axo15.E5B,1.5439326,6.878328679542727e-32,11.777888
3,axo14.B6A,1.381886,7.189418377633425e-32,11.774064
3,axo14.A10A,1.2296672,7.410738443659164e-32,11.771413
3,axo29.F10B,1.014776,1.1310262678509692e-31,11.735602
3,axo9.G2A,1.4094826,2.0647027690448204e-31,11.684478
3,axo8.G3A,1.4907826,6.681008271652095e-31,11.58418
3,axo9.C9A,1.3080037,7.971170918898996e-31,11.568944
3,axo20.D11A,1.5588895,1.3695020872724079e-30,11.522317
3,axo20.G5A,1.4671857,1.4846614662512686e-30,11.515264
3,axo10.A6,1.5534655,1.5738974687645486e-30,11.510136
3,axo14.H3A,1.3800807,1.6532930875887165e-30,11.5057955
3,axo2.G1,1.4296383,1.664918205199282e-30,11.505095
3,axo9.G6A,1.3852648,2.1438916419440442e-30,11.483164
3,axo3.E10,1.5151953,2.5036397620913643e-30,11.469652
3,axo10.C5B,1.5085813,2.7635501643753178e-30,11.461006
3,axo9.D4A,1.2340908,5.814769834275814e-30,11.396308
3,axo3.C8,1.380608,8.541313476191134e-30,11.362678
3,axo14.H4A,1.4749465,1.3592305584790947e-29,11.321932
3,axo8.B8A,1.5707185,2.046687103491329e-29,11.285807
3,axo9.A10A,1.5270133,3.399121355020388e-29,11.241017
3,axo29.E4B,1.0417225,5.292535891680395e-29,11.201768
3,axo14.G11A,1.4348274,5.569793148538383e-29,11.197147
3,axo14.E5A,1.432753,5.592903256648436e-29,11.196684
3,axo2.G10,1.3251396,6.110716199290198e-29,11.188738
3,axo6.H5B,1.0677793,9.322223795308798e-29,11.151125
3,axo20.A7B,1.6038861,1.4423284731880298e-28,11.112129
3,axo16.A2,1.5122521,1.5697379304448526e-28,11.104472
3,axo15.D5B,1.4135972,5.057844629991668e-28,10.999255
3,axo4.G3,0.9995611,5.277321166323833e-28,10.995326
3,axo8.D7B,1.5357114,7.094368041611895e-28,10.968504
3,axo14.F11A,1.432538,1.2906290075658591e-27,10.914159
3,axo14.F4A,1.4237353,1.517042057386844e-27,10.899263
3,axo3.A4,1.0246873,1.9956654303525122e-27,10.874086
3,axo15.H12B,1.4699223,2.068130701058401e-27,10.870735
3,axo3.E8,1.3968945,2.7286676769546737e-27,10.845321
3,axo15.G3,1.4255321,2.7677934220108625e-27,10.843921
3,axo16.A4B,1.5222367,3.0151281125380674e-27,10.835992
3,axo9.H5A,1.3744774,4.3394558466922115e-27,10.802423
3,axo14.A3A,1.3251,6.268379688522696e-27,10.768512
3,axo20.H12B,1.4323751,1.8315670096391502e-26,10.669229
3,axo20.A2B,1.4651978,1.9677268887583822e-26,10.662464
3,axo11.C10B,1.4779416,3.364228931018111e-26,10.61238
3,axo16.A1,1.4606858,3.6316098508183095e-26,10.605134
3,axo29.E12B,0.9670559,8.665345072042179e-26,10.523433
3,axo9.D6A,1.4125708,1.4972685774413177e-25,10.471696
3,axo14.F5A,1.3175437,1.681314216989051e-25,10.460616
3,axo20.A12B,1.4976645,2.713892134115919e-25,10.414952
3,axo3.A12,1.4107007,3.913777432902774e-25,10.379956
3,axo2.A2,1.3770026,3.9852570940610214e-25,10.378127
3,axo20.A2A,1.3910505,4.0624979841958075e-25,10.376193
3,axo4.F12,1.2029841,4.425950550514602e-25,10.367906
3,axo20.B2B,1.458292,4.751526206903296e-25,10.361018
3,axo6.A3B,1.1888717,8.79779119860921e-25,10.301834
3,axo3.C4,1.3576946,2.4393253324999986e-24,10.20298
3,axo20.A4A,1.3324699,3.618192727530293e-24,10.164527
3,axo10.C6B,1.4240184,4.452655357231953e-24,10.14418
3,axo10.G4,1.3696004,4.999677805471568e-24,10.132655
3,axo14.A8A,1.1881038,5.092876754583533e-24,10.130747
3,axo3.G10,1.3596673,7.851594321389771e-24,10.088233
3,axo11.F2B,1.3880898,1.4351672702934097e-23,10.028743
3,axo11.D1B,1.4301207,1.4747761525958087e-23,10.02595
3,axo15.A1B,1.4857807,3.3103441401122595e-23,9.945667
3,axo2.A3,1.4262345,3.409309904005275e-23,9.94263
3,axo10.F2B,1.4674985,3.7538778374039086e-23,9.932934
3,axo9.H2A,1.4159139,3.815400571904458e-23,9.93121
3,axo10.H11,1.4153135,4.137673740686014e-23,9.923018
3,axo16.A3B,1.494292,7.021160500967505e-23,9.870012
3,axo14.D5A,1.3690661,1.4487803479649168e-22,9.796984
3,axo15.H10B,1.4993285,3.0756571140378276e-22,9.720419
3,axo10.B10B,1.4112201,4.334168611987466e-22,9.685327
3,axo20.E8A,1.440441,4.424538378300791e-22,9.683112
3,axo14.D7A,1.2452775,6.956322135530235e-22,9.636652
3,axo20.E5B,1.4994955,7.199917552008905e-22,9.633011
3,axo9.D12A,1.4248254,7.82783140799908e-22,9.624312
3,axo8.G3B,1.3681719,8.140987407577308e-22,9.620173
3,axo14.C1A,1.3170705,9.110257518672633e-22,9.60849
3,axo9.D2A,1.1625769,1.507818043177548e-21,9.556359
3,axo20.C7B,1.3127265,1.531308966960671e-21,9.554652
3,axo29.E5B,0.9958011,1.7581722432921545e-21,9.540231
3,axo9.C10A,1.2852676,2.51023087707952e-21,9.503125
3,axo9.F10A,1.2374247,2.560928635249076e-21,9.500937
3,axo10.E4,1.2570034,3.842084459508953e-20,9.214509
3,axo3.D8,1.3074064,6.8805465419512e-20,9.151675
3,axo23.C9B,1.2036252,8.70051915201055e-20,9.126183
3,axo3.D11,1.3695061,9.863223697866313e-20,9.112478
3,axo8.B7B,1.400088,1.4126547002556346e-19,9.073212
3,axo20.G6A,1.2502122,1.4549702446880897e-19,9.069886
3,axo20.H6A,1.3347067,1.6758767110543634e-19,9.054361
3,axo20.B10B,1.3403282,3.048545404337301e-19,8.988605
3,axo2.G3,1.3723323,7.40549803389988e-19,8.890407
3,axo10.E9,1.3327779,2.662428401434799e-18,8.746991
3,axo23.E10B,0.8439841,3.7416589864067016e-18,8.708381
3,axo9.G11A,1.2060297,5.465083831083887e-18,8.665211
3,axo20.H6B,1.3650825,8.829846052151827e-18,8.6102705
3,axo29.H11B,0.8122745,1.0602089729126224e-17,8.589163
3,axo20.A1A,1.5175616,1.200022532065513e-17,8.574802
3,axo20.H10B,1.5666186,1.5170398019541877e-17,8.547665
3,axo6.C6B,1.0976611,1.7097387738667912e-17,8.533732
3,axo10.B1,1.3586223,2.0190709571777787e-17,8.514366
3,axo15.F7B,1.2279834,2.4398058864402708e-17,8.492287
3,axo16.F7B,1.4166156,3.059343073406062e-17,8.46584
3,axo9.A6A,1.2395852,3.8739431679044775e-17,8.438169
3,axo14.E6A,1.2579421,3.433870047427997e-16,8.1788435
3,axo14.G5A,1.1873941,4.009705978685269e-16,8.160019
3,axo14.A11A,1.1892487,8.539411214447647e-16,8.067965
3,axo8.C1B,1.3925688,9.584250297201238e-16,8.053736
3,axo15.G6B,1.3813736,9.696791929902707e-16,8.052186
3,axo10.G7,1.3339975,1.1556396575609005e-15,8.030571
3,axo20.B12B,1.2351264,1.52483142981224e-15,7.9962482
3,axo6.B6B,1.0945213,2.456406729802563e-15,7.9371777
3,axo20.B9B,1.1154301,4.034572866705783e-15,7.8752537
3,axo9.E12A,1.1265895,7.413924347272118e-15,7.798698
3,axo20.E9A,1.6515796,8.34271224442897e-15,7.7836633
3,axo20.E3A,1.3771182,8.36112382776222e-15,7.783261
3,axo14.D6A,1.194505,8.594480284725797e-15,7.779655
3,axo20.D4B,1.2669573,1.3063166594961698e-14,7.726386
3,axo20.C8B,1.1247674,2.0137914696369864e-14,7.670947
3,axo8.F1A,1.3319591,3.1126291219484726e-14,7.6146502
3,axo20.G8A,1.5261289,3.9818774188807623e-14,7.5826473
3,axo20.A3A,1.1007253,5.759703437606932e-14,7.5344977
3,axo23.B9B,1.0979655,5.828669585875654e-14,7.5328174
3,axo20.F10A,1.6701002,9.913633481824063e-14,7.4630527
3,axo20.B6A,1.3305347,1.071693055332288e-13,7.4526563
3,axo23.C6B,1.0591221,1.1326723032701064e-13,7.445226
3,axo8.A2B,1.3133423,1.2407107291855297e-13,7.433062
3,axo3.C7,1.0138006,1.2607732493030637e-13,7.430813
3,axo14.G9A,1.2469639,1.777706432048943e-13,7.385105
3,axo3.A3,1.3193985,2.0937404946877605e-13,7.3631744
3,axo20.F7B,1.3480992,2.0980433244005562e-13,7.362772
3,axo20.E12A,1.3071688,2.293549454354283e-13,7.3506165
3,axo2.G6,1.1501967,2.427974290373019e-13,7.3428717
3,axo23.F10B,0.9352055,2.7426805952276927e-13,7.3264194
3,axo2.D9,1.1696934,3.4454745710894323e-13,7.2956414
3,axo16.E2,1.2019106,4.93027042122798e-13,7.2471156
3,axo2.A10,1.296406,5.312594699607418e-13,7.2368593
3,axo9.H4A,1.3305078,7.692831615875576e-13,7.186198
3,axo9.D7A,1.1455728,9.323969969523433e-13,7.159752
3,axo20.C1B,1.5312443,1.2453547645777887e-12,7.1198378
3,axo20.B5B,1.5950749,2.6367928987630933e-12,7.015444
3,axo3.F10,1.2107862,4.859957559186544e-12,6.9289117
3,axo23.D8B,1.1181418,1.003981938371831e-11,6.8252444
3,axo20.D7B,1.1178827,1.1346101647209925e-11,6.8073916
3,axo23.H10B,0.88842756,2.1643413104463268e-11,6.713692
3,axo9.D9A,1.1414524,2.6243536197267196e-11,6.685391
3,axo16.D9,1.23551,3.265542417331663e-11,6.6531687
3,axo9.C7A,1.2563226,4.460890361617896e-11,6.6068482
3,axo20.C9B,1.0875119,5.3027144347183235e-11,6.5809183
3,axo23.A5B,0.96287537,5.4006875653880615e-11,6.578057
3,axo23.G10B,0.8262526,6.365737889927517e-11,6.553422
3,axo9.F5A,1.1256726,1.5818583685169788e-10,6.416036
3,axo20.F4A,1.0228369,1.6548370536477225e-10,6.408878
3,axo3.F6,1.2228699,2.0866521583723572e-10,6.3732862
3,axo3.C11,1.1757569,2.379582686270756e-10,6.352975
3,axo14.F10A,1.1278021,2.67843299465463e-10,6.3346148
3,axo10.E6,1.2253406,2.6789806117947897e-10,6.3344398
3,axo20.B11A,1.2034631,3.9314634196278365e-10,6.274739
3,axo14.B11A,1.0998788,4.086383425685802e-10,6.2685776
3,axo23.G2B,0.887542,7.957228161340347e-10,6.163808
3,axo9.E4A,1.1779008,9.512206132044228e-10,6.135349
3,axo20.F2A,1.1203567,1.1881454698233516e-09,6.0997486
3,axo9.H6A,1.1795483,1.4570424608018815e-09,6.0667567
3,axo9.A12A,1.1746702,1.5337832529936407e-09,6.0583553
3,axo14.B10A,1.1617267,1.6954790220516546e-09,6.0420604
3,axo14.A4A,1.1700234,1.7344521136545311e-09,6.038245
3,axo3.D6,1.1652175,3.5623533662908573e-09,5.920847
3,axo9.H1A,1.078353,3.6480296158370322e-09,5.9167867
3,axo3.F8,1.2476556,4.516720010887121e-09,5.8813877
3,axo23.D11B,1.0915595,7.839516524443428e-09,5.7891498
3,axo9.G1A,1.1566501,8.421236746503031e-09,5.776959
3,axo20.F4B,1.2631141,1.1208520990895844e-08,5.728486
3,axo10.G9B,1.240571,1.4541644366513465e-08,5.683995
3,axo23.F4B,0.98826617,3.1007210888411217e-08,5.5526648
3,axo9.E2A,1.1986825,3.284834253649613e-08,5.542417
3,axo23.D2B,0.9082566,3.8542703855530055e-08,5.5141153
3,axo15.H8B,1.1004165,5.344641710537424e-08,5.4560947
3,axo20.C2B,1.0295576,1.0697394026586901e-07,5.3313107
3,axo9.H3A,1.1646838,1.2087768599725252e-07,5.30875
3,axo10.A12,1.2351408,1.5317719444192807e-07,5.2650814
3,axo14.B8A,1.1472023,1.7305011327810282e-07,5.2424593
3,axo9.E7A,1.1964049,2.0750649029069057e-07,5.208697
3,axo14.F6A,1.1393857,2.2494863871989433e-07,5.193531
3,axo14.H7A,1.1060615,3.0660379803928737e-07,5.135432
3,axo11.A8B,1.2164073,3.0832984145650556e-07,5.1342063
3,axo15.E3B,1.2310178,7.201603118076873e-07,4.9720807
3,axo23.C10B,0.81684643,7.978447032204922e-07,4.9520144
3,axo10.A10,1.1951659,9.746728270268448e-07,4.9125724
3,axo20.D6B,1.095247,1.0571402452975828e-06,4.8964524
3,axo10.A9,1.2389789,1.8614081022429268e-06,4.7838416
3,axo16.F6B,1.284662,2.2413245938961124e-06,4.746211
3,axo9.C2A,1.1548709,2.3723474903876364e-06,4.7345195
3,axo3.G7,1.1617249,2.637759580068288e-06,4.7127814
3,axo10.H9,1.0521721,3.671563125223973e-06,4.6447845
3,axo10.D4,1.2150041,4.3021861884349704e-06,4.6115823
3,axo3.A1,1.1271292,4.4110629591022e-06,4.6062
3,axo8.H1B,1.2301853,6.026502062083268e-06,4.540662
3,axo16.C9,1.1924113,8.67061716077802e-06,4.462986
3,axo10.A3,1.2010783,9.512693168064222e-06,4.4429016
3,axo3.A11,1.0603449,1.6014385720808148e-05,4.3293543
3,axo10.A7,1.1687768,1.6716977962124233e-05,4.319693
3,axo9.E3A,1.1107419,5.710898004785904e-05,4.0401173
3,axo9.D3A,1.1311803,5.839531011765224e-05,4.0346828
3,axo23.D10B,0.7791355,6.225496000416097e-05,4.01942
3,axo9.C6A,1.1104317,9.143806032472108e-05,3.9276898
3,axo3.F5,1.0022241,9.85975504336267e-05,3.9093034
3,axo10.D5,1.0818816,0.00014592343082041152,3.81332
3,axo3.H8,1.084281,0.00016662213041301205,3.780205
3,axo10.E11,1.1221215,0.00021879919260385852,3.711604
3,axo9.G12A,1.1257777,0.00022399475064174853,3.7053556
3,axo3.E6,1.0418948,0.00022399475064174853,3.7052157
3,axo11.G1B,1.16022,0.00025324763803784284,3.6737638
3,axo9.F6A,1.0626541,0.00035222803731055477,3.5884042
3,axo20.H3B,0.93334824,0.0004060364527326271,3.5509312
3,axo23.C2B,0.8550579,0.000411247338809741,3.5473433
3,axo9.F11A,1.0172197,0.0006065277631375184,3.4434135
3,axo3.G12,1.0041329,0.0007152193037195581,3.3983445
3,axo3.C12,0.9930065,0.0008919316510225321,3.337226
3,axo9.E8A,1.0790957,0.0009286265257772171,3.3257618
3,axo3.B4,1.0583243,0.0009658051559052001,3.3145602
3,axo23.H6B,0.9608245,0.0012982274850435612,3.2304518
3,axo14.A2A,1.0039037,0.0023041238717052613,3.062428
3,axo14.B4A,1.0141722,0.002427313427902906,3.0465446
3,axo10.D3,1.1181641,0.002462033388998497,3.0420113
3,axo9.F7A,1.0752566,0.002793984220028696,3.003471
3,axo20.B1A,1.0777227,0.004039786837783548,2.8888907
3,axo9.H10A,1.1008655,0.009053055694459904,2.6235793
3,axo9.F2A,0.92454416,0.009990171312739368,2.589257
3,axo9.A8A,1.057114,0.014576583410529871,2.4557743
3,axo3.A8,0.9860927,0.05541539783150832,1.9302007
3,axo9.F4A,1.0031303,0.07474499350851464,1.7966218
3,axo9.E1A,0.99015826,0.09653072586629675,1.676826
3,axo23.F8B,0.923832,0.10053341469285072,1.6564881
3,axo23.E8B,0.8747391,0.10255331083844448,1.6464591
3,axo9.F9A,1.0067145,0.11398360348086672,1.5942842
3,axo23.A10B,0.7049966,0.12013339353933367,1.5676892
3,axo10.A3B,1.0193646,0.1306033808079168,1.5250181
3,axo14.E10A,0.95446855,0.1783026861566574,1.3598472
3,axo9.C5A,0.99845845,0.2515016229374083,1.1609138
3,axo9.G8A,0.99990535,0.2531448097602751,1.1559519
3,axo23.H1B,0.63656086,0.2892732590936275,1.0724213
3,axo10.G12,1.0174053,0.3654679506967546,0.9176205
3,axo3.E5,0.8927538,0.4196114960693255,0.819204
3,axo23.B1B,0.6471962,0.46866208960975414,0.73607594
3,axo9.H9A,0.93289214,0.5700576517708993,0.5784135
3,axo23.E4B,0.74961334,0.6452429764991144,0.46857664
3,axo3.G9,0.92111105,0.7309343752679833,0.35032108
3,axo10.G1,0.8715379,0.8731080015183142,0.16521475
3,axo10.F10,0.959187,0.956230353122327,0.057863228
3,axo9.C12A,0.92659336,0.958922739733322,0.053496357
3,axo23.B2B,0.6827849,0.9882907964837631,-0.014675837
3,axo10.F9B,0.95974857,0.9711345423082655,-0.037192788
3,axo9.E5A,0.9282424,0.942575775664081,-0.07595205
3,axo9.E11A,0.9375779,0.9059726881677063,-0.12284997
3,axo9.H8A,0.8554425,0.7590099883970932,-0.31255946
3,axo9.G7A,0.9228552,0.7252013918770444,-0.35872227
3,axo23.H4B,0.7801454,0.7065924643156654,-0.3843109
3,axo14.A6A,0.81348276,0.6338352258889074,-0.4851865
3,axo23.D4B,0.7336596,0.6133362295173603,-0.5147307
3,axo15.G11B,0.9403375,0.5787954294396392,-0.5649716
3,axo23.C5B,0.74589074,0.5435759886780653,-0.6182929
3,axo10.C4,0.9423044,0.46877680378897596,-0.73525333
3,axo23.H7B,0.8200837,0.4460207612636504,-0.7738638
3,axo3.B1,0.87984776,0.38198730547076876,-0.8864923
3,axo23.E11B,0.7986878,0.2940894189167253,-1.0614297
3,axo9.H11A,0.85722643,0.2613053627527179,-1.1361303
3,axo15.H6B,0.9064626,0.2531448097602751,-1.1563807
3,axo23.F1B,0.6109283,0.20823672068353388,-1.2723697
3,axo23.G6B,0.74199796,0.09812193510056605,-1.6685823
3,axo23.A4B,0.68865097,0.06745862155456779,-1.8433183
3,axo10.F4,0.8384448,0.048215657107518656,-1.9900943
3,axo23.F9B,0.6233625,0.016711247754365298,-2.4059446
3,axo9.C11A,0.7894524,0.012969048268530717,-2.497789
3,axo14.G2A,0.74170905,0.009754704012000391,-2.5977545
3,axo23.D5B,0.6583003,0.0071280068967944895,-2.704292
3,axo23.F11B,0.7712838,0.0069215273731982295,-2.7143297
3,axo23.A11B,0.71094257,0.00524087146892266,-2.8054826
3,axo10.F12,0.8063444,0.004697556231804832,-2.8408465
3,axo23.H5B,0.6250907,0.003777151803304785,-2.9102352
3,axo23.C8B,0.70246696,0.0012228411738697419,-3.247762
3,axo23.F12B,0.6889541,7.320789464153077e-06,-4.499286
3,axo23.F7B,0.6467427,3.7446103462013378e-06,-4.640531
3,axo16.C2,0.68983614,8.455724075654665e-07,-4.9405236
3,axo23.D9B,0.59437436,1.3656018291234472e-07,-5.286303
3,axo23.G4B,0.53728557,1.2087768599725252e-07,-5.3088813
3,axo23.H9B,0.48277658,3.8542703855530055e-08,-5.5140452
3,axo23.D7B,0.581377,2.1121581998999602e-08,-5.619533
3,axo23.A6B,0.5062311,1.8624993570281225e-08,-5.6413846
3,axo10.E10,0.7123015,4.715429276163727e-09,-5.8741064
3,axo23.C4B,0.5155053,1.3076785489029862e-09,-6.084259
3,axo23.H8B,0.56719774,2.988271600146956e-10,-6.317427
3,axo10.E2,0.62647617,1.6204560908053473e-10,-6.4122205
3,axo9.F1A,0.66382474,4.5543791265418454e-11,-6.6036367
3,axo3.B12,0.5160463,3.749167929242789e-11,-6.632682
3,axo23.H2B,0.48986247,1.033122705401925e-11,-6.821
3,axo23.F5B,0.530286,7.93972807688725e-12,-6.8589892
3,axo23.C1B,0.37940976,4.0173457196579275e-12,-6.9559355
3,axo23.B7B,0.4762922,3.980422093177791e-12,-6.9573708
3,axo9.G3A,0.6192707,3.770815346241648e-12,-6.965124
3,axo10.C11,0.63312125,1.6297907657715818e-12,-7.082531
3,axo23.G11B,0.5097252,5.440229669971372e-13,-7.2335076
3,axo23.H3B,0.45228904,2.1535573605558058e-13,-7.359158
3,axo23.G3B,0.4432137,2.5365689647564633e-14,-7.6411667
3,axo23.D3B,0.43198016,1.2253277241860687e-15,-8.023264
3,axo23.A8B,0.4659625,4.827868354097733e-16,-8.137441
3,axo23.B5B,0.44761753,1.4148869478286083e-16,-8.285145
3,axo23.E3B,0.43559477,6.445395371408909e-17,-8.378327
3,axo23.E7B,0.43404785,1.7197592622006307e-19,-9.05143
3,axo23.B6B,0.37686962,1.0228203935920167e-19,-9.108427
3,axo23.F6B,0.33936507,2.988814301410694e-21,-9.48473
3,axo23.A7B,0.35985702,2.252542265039936e-22,-9.752186
3,axo23.B11B,0.39372674,4.578619995198215e-24,-10.141354
3,axo23.E9B,0.19900236,1.5504484051989502e-24,-10.24699
3,axo23.B4B,0.32366252,1.4862126051848572e-24,-10.251182
3,axo23.F2B,0.33423075,2.648669136128614e-25,-10.417368
3,axo23.F3B,0.34766957,3.259352228098862e-27,-10.828764
3,axo23.A2B,0.27593905,1.5452789686580666e-27,-10.897488
3,axo23.B3B,0.27340737,1.4588323602968259e-27,-10.902922
3,axo23.B10B,0.26696068,3.497145205149923e-28,-11.03258
3,axo23.G9B,0.2267181,1.7381057267230596e-29,-11.300263
3,axo23.E5B,0.25170952,2.9473698751370697e-34,-12.230617
3,axo23.C3B,0.25474653,9.965742462578662e-39,-13.042829
3,axo23.C7B,0.24375322,8.34769474098453e-39,-13.056507
3,axo23.B8B,0.16086088,6.142872665884078e-44,-13.931893
3,axo23.A9B,0.20047097,5.395007155099687e-46,-14.267749
3,axo9.C4A,0.2394313,2.1484623906607476e-48,-14.649828
3,axo23.C11B,0.15608065,6.3790672149349896e-49,-14.7325535
3,axo23.G1B,0.06375769,6.072591293679395e-59,-16.22709
3,axo3.H5,0.16364758,1.147919182086207e-64,-17.022308
3,axo23.E2B,-0.011743409,3.193633426445064e-68,-17.498587
3,axo23.E1B,-0.02323635,5.929039544730902e-73,-18.113771
3,axo23.A1B,-0.059254978,3.263065811726306e-84,-19.501106
3,axo23.D1B,-0.073767796,4.248114865436452e-86,-19.72492
4,axo23.F12B,2.0425038,8.763454613122199e-12,7.780069
4,axo4.H4,2.423229,9.360315396836123e-12,7.6834636
4,axo10.G1,1.9212433,9.641338970842081e-12,7.6275597
4,axo4.F12,2.5269,6.527690460596994e-11,7.338519
4,axo14.H4A,2.2312684,5.381978572293787e-10,7.0195527
4,axo23.D1B,1.1367196,5.898282859177855e-10,6.9811764
4,axo3.E5,1.8647733,7.176425943475962e-10,6.9318037
4,axo16.C2,1.5684067,1.056393942207463e-09,6.8578553
4,axo14.G2A,1.7698313,3.1010074656396203e-09,6.685051
4,axo9.H9A,1.6327357,3.906210964232692e-09,6.6356416
4,axo9.D9A,1.7200981,1.0268016210683802e-08,6.477228
4,axo14.F5A,2.0082197,2.296475567956009e-08,6.3289995
4,axo10.C11,1.3269011,3.915194494738807e-08,6.2339444
4,axo16.E4,1.9968148,3.915194494738807e-08,6.2205124
4,axo23.H5B,1.6704695,3.915194494738807e-08,6.207007
4,axo23.E1B,1.1229076,3.915194494738807e-08,6.2039814
4,axo23.E2B,1.230923,8.716765177469203e-08,6.0676713
4,axo23.F6B,1.3609141,1.2126680902501928e-07,6.005642
4,axo9.F2A,1.6786052,1.618934904277788e-07,5.9481144
4,axo9.G11A,1.7535975,1.618934904277788e-07,5.94221
4,axo9.H11A,1.4486879,2.0102006917134767e-07,5.898963
4,axo23.C9B,1.8755475,2.1289141905579158e-07,5.8821363
4,axo23.G1B,1.1075433,3.2535974826759077e-07,5.8044243
4,axo23.B3B,1.1993728,4.1354448927043005e-07,5.7505865
4,axo10.C4,1.438453,4.2784701939858686e-07,5.738446
4,axo3.B1,1.5546193,4.6280239146671397e-07,5.7148304
4,axo9.F6A,1.5353549,4.6280239146671397e-07,5.712985
4,axo10.F6,1.8238732,6.857453240991875e-07,5.6342397
4,axo9.C9A,1.8833427,7.819393532615763e-07,5.597229
4,axo23.A2B,1.1718272,7.819393532615763e-07,5.595568
4,axo14.B11A,1.6316853,7.982171561760537e-07,5.5836496
4,axo14.D5A,1.8395193,8.536326152308835e-07,5.565605
4,axo23.A1B,0.9829258,1.0758615913554612e-06,5.520439
4,axo16.H2,1.9572664,1.0772769145507355e-06,5.515642
4,axo10.F9B,1.2725868,1.1790955386713744e-06,5.495273
4,axo23.F3B,1.2349614,2.2772253959122743e-06,5.373133
4,axo11.G2B,1.6887072,2.637092052470694e-06,5.330107
4,axo9.E12A,1.5854771,4.200662900393411e-06,5.2254577
4,axo23.F1B,1.3691229,5.348205403198555e-06,5.176897
4,axo15.E5B,1.602129,5.947994347077891e-06,5.1500335
4,axo9.A11A,1.7996067,6.798587242840541e-06,5.111436
4,axo3.E6,1.4414219,6.798587242840541e-06,5.1112514
4,axo23.B5B,1.15908,6.798587242840541e-06,5.1100335
4,axo9.C4A,1.0058397,6.798587242840541e-06,5.1076717
4,axo23.C3B,1.1047387,6.930349443969421e-06,5.1008086
4,axo10.D3,1.3766679,7.213701783126095e-06,5.0900335
4,axo9.E5A,1.216617,8.312809595630601e-06,5.0568233
4,axo16.A10,1.6451341,8.653010342164686e-06,5.0430965
4,axo23.B1B,1.220953,9.556167053750153e-06,5.0152736
4,axo9.A12A,1.4287198,9.853451529693753e-06,5.006528
4,axo23.D2B,1.448855,1.0030068525374347e-05,5.000292
4,axo14.F6A,1.468492,1.0301319418779758e-05,4.9921002
4,axo14.E6A,1.5058177,1.0301319418779758e-05,4.989628
4,axo3.D6,1.4793807,1.1903357095468398e-05,4.956233
4,axo16.E12,1.6506573,1.333110566088841e-05,4.9315095
4,axo9.F7A,1.2754802,1.4280997886539737e-05,4.915421
4,axo14.A6A,1.245761,1.450221046429659e-05,4.9098125
4,axo16.E9,1.7755553,1.656360811377388e-05,4.8785577
4,axo3.H3,1.988985,1.656360811377388e-05,4.8760486
4,axo23.C8B,1.2467537,1.6716543196926255e-05,4.8692956
4,axo23.H8B,1.1947659,1.8017497780662563e-05,4.849628
4,axo8.E3B,1.9205148,1.8803350021811634e-05,4.8340926
4,axo2.A2,1.5434134,2.0127932961215104e-05,4.813687
4,axo9.F9A,1.3054326,2.038080323192368e-05,4.80675
4,axo8.A5B,1.9892226,2.184916302223523e-05,4.790624
4,axo8.G3A,1.3722922,2.2080116803397638e-05,4.7863436
4,axo14.B1A,1.7776657,2.4959448915608137e-05,4.757377
4,axo14.B10A,1.3907427,2.7623542034656108e-05,4.728189
4,axo10.E2,1.0026367,2.903830508498712e-05,4.7082996
4,axo14.G11A,1.3809464,3.4137336725123826e-05,4.6705136
4,axo16.A5,1.5616007,3.6242461103994156e-05,4.6513624
4,axo23.C4B,1.2588156,3.927154653237218e-05,4.632912
4,axo23.F7B,1.1886023,3.9451786047761195e-05,4.630108
4,axo3.G10,1.4397067,4.121833043876453e-05,4.619185
4,axo23.E3B,1.0182097,4.2870100853184055e-05,4.607377
4,axo14.G9A,1.3242296,4.759775868217438e-05,4.5837607
4,axo3.B8,1.8806629,5.064885961258688e-05,4.56365
4,axo8.D7B,1.2732472,6.070014474296358e-05,4.523761
4,axo10.G11,1.711168,6.145404573277275e-05,4.519407
4,axo8.B10B,1.575844,6.337084654247064e-05,4.508078
4,axo14.F10A,1.2758731,6.337084654247064e-05,4.507746
4,axo23.C5B,1.0725062,6.854701751319595e-05,4.4876723
4,axo3.C7,1.3335305,7.463039205866766e-05,4.4612517
4,axo11.F2B,1.2167337,7.541330738195485e-05,4.4557905
4,axo9.H3A,1.2069207,8.983507313579515e-05,4.413318
4,axo23.D9B,1.2125905,9.181298167738017e-05,4.4039087
4,axo23.A9B,1.0022258,0.000106033538787458,4.3610306
4,axo16.D5,1.4892657,0.000106033538787458,4.36044
4,axo10.C6B,1.1705624,0.00010776416874664245,4.3554215
4,axo23.E5B,0.9055354,0.0001302575782626887,4.3087797
4,axo9.F1A,0.8820935,0.00014393428156676832,4.2813993
4,axo14.C9A,1.3491209,0.00014618133844686767,4.2765284
4,axo16.D4,1.7496054,0.00014787751029558927,4.2725434
4,axo23.F2B,1.1645546,0.00014903923020459715,4.2666025
4,axo16.A7,1.5094814,0.00019608886496869137,4.199407
4,axo2.A7,1.3855164,0.0002046421442294106,4.1829495
4,axo16.A1B,1.9731891,0.0002149114282478433,4.1652
4,axo9.F10A,1.2142346,0.0002508359211362254,4.123318
4,axo3.D8,1.2194297,0.0002644697086239875,4.1065288
4,axo3.A4,1.4889358,0.0002644697086239875,4.105754
4,axo23.H1B,1.081623,0.00028289213582872444,4.0854588
4,axo9.F5A,1.1239467,0.0003079156897540332,4.0644994
4,axo14.H3A,1.3223447,0.0003303852319261347,4.0444994
4,axo16.E7,1.2959583,0.00036155812581154006,4.0173407
4,axo9.F11A,1.033293,0.0003685032520177447,4.0114365
4,axo14.H6A,1.5286064,0.00037196080662522604,4.008042
4,axo23.F9B,1.0633985,0.0003789880827925039,4.002433
4,axo16.F6B,0.9652458,0.0004270525835252537,3.9717317
4,axo9.C11A,0.9734987,0.00044072963233640633,3.9609568
4,axo16.F4,1.3569611,0.00044072963233640633,3.9606986
4,axo16.D3,1.1982772,0.0005175179126375241,3.9129496
4,axo23.H3B,0.9061909,0.0005787810499257896,3.880219
4,axo23.C11B,0.8450465,0.0005921795185457076,3.8711045
4,axo10.H11,1.0835348,0.00059535122950791,3.8678203
4,axo8.A2B,1.0829529,0.0006500627669717289,3.840883
4,axo16.C9,0.9848973,0.0007375243576601882,3.8012521
4,axo3.C12,0.9437208,0.000831030700388911,3.764278
4,axo8.E8B,1.4137843,0.0008867597746142208,3.7429128
4,axo16.A2,1.1420618,0.0009125046310703582,3.734647
4,axo15.F1B,1.4291302,0.0009125046310703582,3.73354
4,axo9.G2A,1.1337204,0.0009224232133531702,3.727968
4,axo23.C2B,1.009047,0.0009433027464165392,3.721326
4,axo9.H1A,1.131712,0.0009526225945852168,3.716861
4,axo9.H6A,1.0626906,0.000979684698212004,3.706824
4,axo10.F8,1.1757287,0.0010056532053347436,3.6981895
4,axo14.A11A,1.0091798,0.0010292208101262247,3.6878204
4,axo23.B11B,0.7035382,0.0010292208101262247,3.6875253
4,axo14.E10A,1.02865,0.0010570562419104986,3.6788168
4,axo23.A10B,0.8892059,0.0010654960426120551,3.6743886
4,axo23.D7B,1.0312421,0.0010654960426120551,3.673946
4,axo16.G8,1.3055089,0.0010937096784533107,3.665828
4,axo9.D7A,1.004465,0.0010991842654882653,3.663171
4,axo23.G9B,0.79410344,0.0011511849939147701,3.6485217
4,axo16.G11,1.2270807,0.0012803932384500682,3.6137245
4,axo9.G6A,1.1200882,0.0013561321138595237,3.5944626
4,axo23.C1B,0.73827785,0.0013561321138595237,3.594278
4,axo23.D8B,1.1079737,0.0015351622747323986,3.5582633
4,axo23.G11B,0.9327292,0.0016265614961248527,3.5384479
4,axo23.F8B,0.9181255,0.0016736520969631795,3.5267873
4,axo8.A10B,1.328787,0.0016858317691670387,3.5221379
4,axo23.H6B,1.0053777,0.00169809519066,3.5181527
4,axo14.B4A,1.0028845,0.00169809519066,3.517636
4,axo10.H2,1.4625326,0.0019633015288320825,3.472101
4,axo16.D1,1.2487066,0.002001033703967324,3.4644628
4,axo23.B9B,1.0237643,0.0020276351875496805,3.4600716
4,axo8.F2B,1.3679987,0.0020427679713741894,3.4567873
4,axo23.E4B,0.9491407,0.0020427679713741894,3.4555697
4,axo16.C8,1.2356896,0.002087425392243036,3.4480789
4,axo8.D5A,1.1852843,0.0021786494775363385,3.4323964
4,axo23.H9B,0.78962797,0.0023476634821255602,3.408817
4,axo29.B2A,1.7526773,0.002418830774735384,3.3990383
4,axo9.H7A,1.1923525,0.0027893437143885697,3.3533926
4,axo8.D2B,1.0424213,0.002816368269706754,3.349924
4,axo3.A7,1.3239442,0.003123487227775292,3.3187432
4,axo4.H1,1.1309448,0.003204845657096644,3.3099608
4,axo29.F10A,1.3884629,0.0035657248663399487,3.2720642
4,axo8.B9A,1.6154274,0.0037576535234773614,3.2527654
4,axo16.E4B,1.4663438,0.003811374551675317,3.2461972
4,axo23.G3B,0.72149414,0.004026847936325076,3.2297397
4,axo23.E7B,0.7959831,0.004116963889087366,3.2211049
4,axo10.F10,0.7394772,0.004450628763759278,3.1956437
4,axo3.H1,1.359123,0.004496835586816027,3.1911418
4,axo23.G10B,0.8762986,0.00452341914691533,3.187821
4,axo10.B10B,0.81949025,0.0047063337981843615,3.1734297
4,axo23.D10B,0.86495256,0.004780685230652458,3.1675994
4,axo21.D11A,1.2927488,0.004862329582163659,3.1609573
4,axo23.G4B,0.71551305,0.004990412568485691,3.1504037
4,axo8.F3A,0.9633411,0.005347023587210478,3.1257544
4,axo14.E4A,1.4350231,0.005633274908395108,3.107452
4,axo3.B9,1.1792892,0.005782894375593198,3.0989647
4,axo23.D4B,0.8227574,0.006812690613430318,3.0449426
4,axo23.B2B,0.79230714,0.007815025452210533,2.9983006
4,axo23.A8B,0.7085589,0.008211528877292509,2.9817324
4,axo14.E5A,0.8458802,0.00855988709558978,2.9663448
4,axo23.B7B,0.7417376,0.00855988709558978,2.9646475
4,axo8.C1B,0.704538,0.00974241769944377,2.909666
4,axo23.A7B,0.70510745,0.009940558666660779,2.9005885
4,axo23.H2B,0.79396397,0.010032089365206021,2.895939
4,axo23.H7B,0.7243577,0.010266544649221263,2.8870091
4,axo8.G12B,0.9056612,0.010550200274636625,2.8743155
4,axo10.B1,0.8313902,0.011170340317742961,2.8535037
4,axo16.D10,1.0482849,0.011409073834599995,2.843393
4,axo23.D3B,0.7503922,0.01149091030589844,2.840441
4,axo9.C2A,0.7753873,0.011874788941615148,2.8285959
4,axo23.F4B,0.8178716,0.01288227813759731,2.796751
4,axo23.D5B,0.8566293,0.01288227813759731,2.796382
4,axo14.E8A,1.2383707,0.013149605025427353,2.7861238
4,axo14.A4A,0.7983755,0.01344485169473004,2.7739465
4,axo8.B7A,0.76742446,0.013866433392238987,2.761548
4,axo23.H10B,0.77204245,0.013866433392238987,2.761179
4,axo23.C7B,0.74224645,0.013866433392238987,2.7606256
4,axo23.B6B,0.7156283,0.013884326825384282,2.7595553
4,axo16.A4B,0.80938935,0.014364802889366856,2.7458284
4,axo9.G3A,0.6236545,0.014392373155642391,2.7439096
4,axo9.D3A,0.6856804,0.014448388726806562,2.7419908
4,axo9.C1A,0.9547757,0.015292436327175547,2.7184854
4,axo23.G6B,0.7498648,0.015353489043898287,2.7161975
4,axo9.G7A,0.5501304,0.016524188414364926,2.6892233
4,axo9.F4A,0.69281894,0.016689865922520447,2.6839836
4,axo9.G5A,1.0438776,0.01749735918240593,2.6656072
4,axo14.D6A,0.80727893,0.01819793278889213,2.650478
4,axo21.H12A,1.5157032,0.018267356950145128,2.648559
4,axo9.D11A,0.893481,0.018575994082585128,2.6391127
4,axo16.G1B,1.0924561,0.018746574444294756,2.6353858
4,axo9.G4A,0.9026564,0.019281471977317777,2.6236882
4,axo15.D5B,0.7999414,0.019281471977317777,2.6233194
4,axo10.H4,1.0528369,0.01928169164787268,2.622692
4,axo23.C6B,0.8451357,0.01951436520978278,2.6154964
4,axo8.F7A,0.7981751,0.020024603365619096,2.60605
4,axo9.E11A,0.591158,0.020168434777993398,2.60236
4,axo10.F4,0.56118447,0.02073362488471673,2.5922492
4,axo8.E9B,1.1682159,0.021120346989351495,2.5846477
4,axo16.E2,0.7504573,0.021226474440155164,2.5810685
4,axo10.E10,0.42431435,0.02146892167464568,2.5765297
4,axo15.A11B,0.82907957,0.02155776032967736,2.5738728
4,axo10.A12,0.59339786,0.022308201895465347,2.5595555
4,axo9.H2A,0.66210294,0.022415813984794777,2.5561607
4,axo14.G1A,1.0360755,0.022555229218567865,2.5532825
4,axo9.C12A,0.6437196,0.022879909251998093,2.5470831
4,axo10.D7,1.0059458,0.023286137089156868,2.5391128
4,axo9.A2A,0.9540685,0.023393377016216646,2.5368986
4,axo16.C10,0.8608304,0.023543189645145197,2.5340574
4,axo16.H4,0.8121163,0.0247746769750359,2.5112162
4,axo9.E8A,0.5635925,0.0247746769750359,2.5106995
4,axo3.F6,0.7239207,0.025075935437669873,2.5058286
4,axo16.H6,0.9208692,0.026077361149164646,2.490146
4,axo16.G12,0.8780739,0.026477291821827342,2.4841313
4,axo9.G10A,0.82171255,0.02664093345292796,2.4807365
4,axo3.C3,0.8729031,0.02822704738942649,2.4570463
4,axo16.C3,0.8361486,0.028791957293295502,2.447526
4,axo9.D2A,0.8055126,0.029355862319249967,2.4393342
4,axo10.A4,0.88979846,0.03228294191179142,2.3999984
4,axo3.C8,0.7518892,0.03251093313746897,2.396825
4,axo3.A1,0.6433232,0.03310013780524155,2.3884487
4,axo8.G4A,0.7956295,0.03326298920319702,2.3860502
4,axo16.A6,0.9117651,0.03497471350438975,2.3663454
4,axo14.E9A,0.9852137,0.03504049606882721,2.365054
4,axo16.H1B,0.7067252,0.03623521629161381,2.349039
4,axo23.B8B,0.50884104,0.03630328624164751,2.3477476
4,axo10.D6,1.1517031,0.036660635174540074,2.343504
4,axo3.F3,0.7312475,0.03746186049105155,2.3325076
4,axo23.H4B,0.5585674,0.03746186049105155,2.33236
4,axo3.E2,1.0401268,0.03756181578924011,2.3302937
4,axo8.B1A,0.7802946,0.0385383831605135,2.3199615
4,axo11.B9B,0.80067784,0.0385383831605135,2.3194818
4,axo9.A6A,0.66934395,0.04101800859778383,2.2915483
4,axo9.D4A,0.7045168,0.04101800859778383,2.2912161
4,axo11.G1B,0.42493913,0.04372361993015656,2.2644265
4,axo14.B6A,0.7226377,0.04372361993015656,2.26391
4,axo23.C10B,0.5488931,0.04534932676702909,2.2475262
4,axo14.F1A,0.8557295,0.050383273350221705,2.201327
4,axo21.B5B,1.2182252,0.052107070834356124,2.1863453
4,axo15.G11B,0.48339987,0.05223452263616548,2.1842053
4,axo16.D7,0.6455275,0.054122073713292786,2.1678214
4,axo9.G8A,0.5263271,0.05785612885031873,2.1358657
4,axo16.G5,0.9069131,0.058028031187745216,2.1329875
4,axo10.B2B,0.6346565,0.058034188394655586,2.1323602
4,axo23.F11B,0.5428613,0.058169584305671665,2.130257
4,axo16.E8B,1.0614414,0.0595715011098383,2.1186702
4,axo23.E9B,0.6584334,0.0595715011098383,2.118338
4,axo8.B8A,0.54109895,0.06531745637833103,2.0762348
4,axo8.H5A,0.7235333,0.06746779176856385,2.060589
4,axo15.G7B,0.9222591,0.06826414352742174,2.0551648
4,axo16.A4,0.6434069,0.06849115332458167,2.053209
4,axo14.H8A,0.8218161,0.07145131885224078,2.03391
4,axo23.E11B,0.54559404,0.07282585298048584,2.0247958
4,axo8.G3B,0.4928603,0.07867257161626573,1.9870467
4,axo9.D10A,0.82565135,0.07895624489052198,1.9847958
4,axo3.C11,0.44034022,0.07895624489052198,1.9841684
4,axo16.F7B,0.47443843,0.08025269779689215,1.9754969
4,axo14.A8A,0.60984385,0.08221039959020406,1.9630615
4,axo10.A2,0.95750916,0.08246135001577211,1.9605892
4,axo11.C3B,0.91209525,0.08307629790488467,1.9568253
4,axo16.E5,0.47059163,0.08332118007552436,1.9549803
4,axo21.H10A,1.3379724,0.08802288357680374,1.9292977
4,axo8.F1A,0.527882,0.08802288357680374,1.9284121
4,axo21.E11B,0.6778779,0.08855028864361053,1.9252386
4,axo3.B7,0.9817001,0.09311637890250796,1.9015855
4,axo23.B10B,0.42579916,0.09541042303873515,1.8885597
4,axo9.E1A,0.40403134,0.09750408635386895,1.8772312
4,axo3.G6,0.8756966,0.09810260763653281,1.8725449
4,axo23.A6B,0.3591668,0.09876069653010838,1.8680431
4,axo8.C11A,0.6392236,0.09963752755020801,1.8629508
4,axo15.F7B,0.4320963,0.11119527733361077,1.8048697
4,axo3.B12,0.25416788,0.1132169062865371,1.7949066
4,axo23.E10B,0.5938802,0.11417350050698341,1.7904786
4,axo8.B5B,0.4591169,0.11586285235878489,1.7825819
4,axo16.E2B,0.9705609,0.11720400604150102,1.7761244
4,axo8.A12B,0.7948552,0.11744951410160132,1.7745745
4,axo8.F3B,0.93931496,0.11872820159978682,1.7690026
4,axo23.B4B,0.222198,0.12229954559889777,1.7517701
4,axo10.H9,0.20177011,0.1297201881178121,1.7171944
4,axo14.G12A,0.61351097,0.13042529938156563,1.713652
4,axo14.A10A,0.57802314,0.13042529938156563,1.7134675
4,axo23.A11B,0.33961895,0.13412480082555828,1.6978955
4,axo8.G11B,0.7892565,0.1345977859580529,1.694759
4,axo3.A6,0.44707793,0.13530222914497284,1.6908107
4,axo29.G4A,1.0651468,0.13554667820911662,1.6887811
4,axo8.A4B,0.6691114,0.14282648077765073,1.6591502
4,axo21.G11A,1.063415,0.1479077648632517,1.6391871
4,axo23.A4B,0.44809064,0.14964666725209919,1.6323236
4,axo9.A3A,0.7371038,0.15586575264534688,1.6070838
4,axo16.B10,0.5790511,0.15719101841740857,1.6017333
4,axo16.H5,0.4968128,0.15962651065735,1.5935414
4,axo23.G2B,0.46540877,0.16068819297948486,1.5894455
4,axo16.H2B,0.7924486,0.1610235002866285,1.5874529
4,axo23.A5B,0.46497568,0.16263516959563626,1.5801466
4,axo10.B11,0.7226635,0.16355441070840013,1.5765303
4,axo16.B1,0.48341256,0.16540450211654306,1.5681908
4,axo16.C1,0.63989854,0.16560096099483976,1.56701
4,axo16.F4B,0.7656802,0.1683584905985808,1.555571
4,axo16.C9B,0.40994245,0.17654084117538338,1.5294086
4,axo10.G6,0.3806365,0.1824852805604303,1.5089289
4,axo10.A3B,0.2984729,0.1828263524211537,1.5067887
4,axo21.B11B,1.1080719,0.1832467102340228,1.5050175
4,axo16.E5B,0.8286381,0.18506704268797555,1.498154
4,axo10.C3B,0.4553086,0.1896324663098849,1.4831724
4,axo14.C4A,0.5897036,0.20012346011499857,1.4517334
4,axo9.C6A,0.29833493,0.20012346011499857,1.4514382
4,axo10.F12,0.065555714,0.20172188983897024,1.446309
4,axo14.F8A,0.4807152,0.20172188983897024,1.4460508
4,axo21.B4A,1.1412812,0.20366938023261147,1.4397776
4,axo8.E3A,0.41351095,0.2058013163788431,1.4330618
4,axo8.H1B,0.2628544,0.20728938093335433,1.4286338
4,axo8.C2B,0.5495542,0.21320328787948317,1.4118072
4,axo16.G9,0.47639814,0.2182161803285913,1.3971208
4,axo16.A1,0.32486197,0.22403313043075537,1.3796301
4,axo9.C8A,0.38093412,0.2251495928112974,1.3757187
4,axo23.F10B,0.34968844,0.2251495928112974,1.3757187
4,axo3.E11,0.41773275,0.23106963031827152,1.3578959
4,axo3.E8,0.37814358,0.23992691754183407,1.3346854
4,axo23.F5B,0.29031822,0.24150301177130315,1.3292242
4,axo4.H12,0.7330794,0.24300291958714987,1.3251652
4,axo21.C3A,1.0365158,0.2496960036793522,1.3056818
4,axo9.G12A,0.39828235,0.25495309194485277,1.2902575
4,axo16.A3,0.40351647,0.25607432094302224,1.2871579
4,axo8.B9B,0.4755641,0.2571653705134099,1.284132
4,axo14.B3A,0.43994763,0.2636812322784987,1.2667888
4,axo10.B2,0.667743,0.2642319439059899,1.2637631
4,axo8.A3B,0.45132175,0.27962028520664134,1.2242059
4,axo14.A2A,0.20641571,0.27996189899418455,1.2228774
4,axo10.D9B,0.2940707,0.2828717216541087,1.2143534
4,axo15.D8,0.5259924,0.2837308284102186,1.211955
4,axo16.A6B,0.76664484,0.29559002025103365,1.1858295
4,axo10.E6,0.24528779,0.29619774638038443,1.1839845
4,axo9.H5A,0.34316894,0.29687950438738725,1.1819918
4,axo9.C7A,0.2849191,0.300131820457464,1.1732833
4,axo14.E7A,0.4853319,0.30598946085813383,1.1594826
4,axo16.D11B,0.6002873,0.3286428773425827,1.1107742
4,axo2.C4,0.7331116,0.3534407881486256,1.0613277
4,axo10.B10,0.4821222,0.3555204949109263,1.0563092
4,axo15.H12B,0.2077819,0.3596882556689753,1.0470104
4,axo23.D11B,0.30216777,0.3596882556689753,1.0469366
4,axo16.B7B,0.37817368,0.3676425334220255,1.0302945
4,axo16.A11B,0.6602532,0.3676518957485302,1.0296303
4,axo9.C5A,0.25983295,0.38032607504759824,1.0043536
4,axo16.C10B,0.59363616,0.3836631564331398,0.9960141
4,axo21.A4B,0.6697107,0.38658145929362836,0.98867095
4,axo16.F3,0.27422306,0.3885060070056172,0.98413223
4,axo8.D4A,0.6468083,0.3885060070056172,0.9836156
4,axo10.C1,0.47726354,0.3885060070056172,0.9831728
4,axo16.C11B,0.50938463,0.40232431981242583,0.9576377
4,axo16.D11,0.17114078,0.4204424417352679,0.9214754
4,axo9.G1A,0.15507832,0.4268340141107496,0.9077854
4,axo21.B9B,0.5229338,0.43506379029313264,0.8939109
4,axo16.D7B,0.5680779,0.44329956823449196,0.87881863
4,axo14.F12A,0.14257762,0.4517695696378864,0.8628039
4,axo10.G1B,0.19611782,0.4530020053955208,0.8595197
4,axo10.F5,0.1858373,0.45537191608713073,0.8544644
4,axo9.H8A,0.1917758,0.45612005097151853,0.85261935
4,axo21.G4B,0.6198476,0.4637531262555234,0.8387448
4,axo10.F2B,0.12075532,0.4645061969151514,0.8368998
4,axo15.G8B,0.58971965,0.4661448289581041,0.8323242
4,axo14.C11A,0.63645583,0.47323720575214323,0.82007325
4,axo16.A9B,0.24786103,0.4811557312631652,0.80734265
4,axo21.B8A,0.76778084,0.491542112580755,0.7896305
4,axo9.H4A,0.1058459,0.4995687507458445,0.77697366
4,axo9.A8A,0.0710914,0.5082666322370585,0.76343125
4,axo14.G7A,0.23562294,0.5103469525828608,0.75896627
4,axo10.H8,0.48833683,0.5399421735000876,0.70830214
4,axo15.E8B,0.13662796,0.5521507367024866,0.6895198
4,axo8.B11B,0.16752554,0.5855742055489627,0.64007336
4,axo8.D3A,0.14252849,0.5954897534344551,0.62428004
4,axo10.B7,0.14587535,0.5996595740675863,0.61785936
4,axo16.A5B,0.36335555,0.6103587439371636,0.6018815
4,axo8.B4A,0.13138846,0.6116314736527123,0.5994092
4,axo10.B3B,0.22032237,0.6395089234348598,0.5568631
4,axo8.A3A,0.18543361,0.6458860007527558,0.5476749
4,axo15.A3B,0.2102813,0.6621332692379431,0.5248336
4,axo8.D11A,0.19071132,0.6659390281465477,0.51830226
4,axo14.C1A,0.15601577,0.6673179304323716,0.51571923
4,axo9.E10A,0.24317436,0.6678170205719955,0.5142801
4,axo10.F3,0.15386151,0.6844111649415974,0.4912174
4,axo16.F6,0.19007692,0.6890448113570089,0.48365283
4,axo15.A12,0.115209445,0.6921941315952008,0.47719526
4,axo8.E11A,0.08727726,0.6931190920336986,0.47520265
4,axo21.H5A,0.5278569,0.6941643188476153,0.4722506
4,axo14.H12A,0.34604162,0.6976788772962084,0.46612516
4,axo14.B8A,0.056845717,0.6991816383517002,0.46295172
4,axo8.C12B,0.14358559,0.6991816383517002,0.46258274
4,axo16.F1B,0.21191213,0.7037939704728827,0.45343143
4,axo8.C2A,0.074151926,0.7085171394390591,0.44494435
4,axo8.D3B,0.059823252,0.7107059226977941,0.44132814
4,axo16.A12B,0.3496312,0.7137603269593995,0.4366049
4,axo8.B7B,-0.064706795,0.7206225176900388,0.42538717
4,axo14.E11A,0.17664336,0.7218218773548677,0.42280415
4,axo8.B3B,0.032136116,0.7218218773548677,0.42140195
4,axo9.E7A,0.00082105974,0.7345144846732984,0.40184477
4,axo10.B4,0.13927108,0.739261313387528,0.3942433
4,axo2.H12,0.13580336,0.7515247629437857,0.376199
4,axo9.F12A,0.05881029,0.7573146202680814,0.36804405
4,axo15.F9B,0.44008803,0.7631429748285524,0.35985216
4,axo3.H5,0.047270674,0.7664573926883748,0.35483372
4,axo8.D10A,0.06813848,0.782847504665671,0.3308485
4,axo15.H9B,0.04484638,0.8014995240282778,0.30583006
4,axo15.C4,0.41979513,0.8026968377152466,0.30346844
4,axo14.A12A,0.08517332,0.8034786020272338,0.30162343
4,axo16.G10B,0.20214015,0.8037267502028305,0.3004426
4,axo16.B9,0.06567847,0.8200703687407743,0.27571937
4,axo21.B2A,0.3633685,0.822213401329317,0.27073783
4,axo16.D3B,0.3427651,0.822837043091023,0.2678596
4,axo11.G3B,0.012552005,0.843745463444759,0.2356087
4,axo8.F12A,0.39950973,0.8499417617162487,0.22701092
4,axo16.G6B,0.1837631,0.8577779755178742,0.21638362
4,axo16.C6B,0.0044299886,0.8743320074045012,0.19129139
4,axo10.G12,-0.049067684,0.8747478866736337,0.18940946
4,axo16.A8B,0.17339052,0.8747478866736337,0.18892977
4,axo16.G4B,0.14638257,0.8797426217828141,0.181439
4,axo15.D4B,-0.0614842,0.8797426217828141,0.1808855
4,axo16.H12,0.052144792,0.8873864805870157,0.1704796
4,axo16.E9B,0.16518779,0.8900867449478891,0.16619915
4,axo14.C6A,0.06361254,0.8951672886898627,0.15896669
4,axo16.H7,-0.021279335,0.8972076916437439,0.15549806
4,axo8.F2A,-0.075038515,0.8989754752548943,0.15084861
4,axo23.E8B,0.03782893,0.8989754752548943,0.1504796
4,axo7.G6B,0.38415325,0.9107866900836827,0.13107003
4,axo4.G2,0.09382978,0.9209442842923592,0.1174907
4,axo16.H3B,0.19247822,0.9253375451542177,0.11107004
4,axo16.F8B,0.072883815,0.9299271078625317,0.103431664
4,axo9.D5A,0.009101387,0.9514346695187438,0.07276748
4,axo29.F4B,0.5128776,0.9584967540857859,0.06199258
4,axo8.C6B,0.07888865,0.9590599578508349,0.060295165
4,axo8.A8B,-0.10727177,0.9690414631814456,0.04383761
4,axo14.D8A,-0.081925206,0.9864405635716493,0.019040577
4,axo9.A1A,-0.16033901,0.9866338593417087,0.016752757
4,axo10.D2B,-0.0115193445,0.9866338593417087,-0.016974159
4,axo21.D4A,-0.27322495,0.9762825277344126,-0.03276751
4,axo3.F5,-0.013921089,0.9747899530901043,-0.035645735
4,axo16.C5B,-0.097774826,0.9690414631814456,-0.04479702
4,axo9.C10A,-0.1419722,0.9681096960220075,-0.04701104
4,axo21.H4A,-0.041457646,0.966014686417106,-0.050627273
4,axo14.C3A,-0.137351,0.9516480850948643,-0.07151287
4,axo15.H6B,-0.30625606,0.9509241851234062,-0.0743911
4,axo16.B1B,0.008010136,0.9429607305358936,-0.0852767
4,axo10.H3,-0.04435333,0.9308980001145379,-0.101254545
4,axo10.D1B,0.23181133,0.9262234398247216,-0.10900362
4,axo15.D8B,-0.13913757,0.9078708702121931,-0.13564567
4,axo16.G8B,-0.045163285,0.9075067181405756,-0.13704789
4,axo15.A7,-0.13896905,0.9075067181405756,-0.13774899
4,axo8.F11A,0.03575013,0.9066879864102855,-0.13996302
4,axo16.C11,-0.09848356,0.8985019844966124,-0.15295193
4,axo21.B12A,0.19704792,0.8738853504431918,-0.1927674
4,axo10.E9,-0.21044374,0.8696814561197604,-0.19889286
4,axo16.B9B,-0.0016986552,0.8685460594970879,-0.20121758
4,axo10.C12,0.12897225,0.8678868344503438,-0.2029519
4,axo4.H7,-0.1495284,0.8358329238047012,-0.2463467
4,axo21.F9A,-0.0070904572,0.8358329238047012,-0.2467895
4,axo16.C4,-0.21583559,0.8302113365454256,-0.25512898
4,axo21.A9B,-0.057162337,0.8302113365454256,-0.2552766
4,axo13.D8B,0.1231574,0.8285565394563923,-0.25896662
4,axo16.H10B,-0.112255424,0.8277578079153924,-0.26084855
4,axo3.D11,-0.14482497,0.822213401329317,-0.26952013
4,axo29.G8A,-0.101055935,0.822213401329317,-0.26974154
4,axo10.H2B,-0.046288755,0.8213488685593449,-0.27324706
4,axo14.D1A,-0.15719876,0.8129459931294029,-0.28546107
4,axo10.B11B,-0.16923386,0.8093831239290387,-0.29077473
4,axo10.A9,-0.30210736,0.8090192851442636,-0.29210314
4,axo10.C9,-0.11660066,0.8084773429499982,-0.29365295
4,axo16.G11B,-0.123323865,0.7850498670666167,-0.32723227
4,axo14.B2A,-0.14954177,0.780615297515632,-0.33450162
4,axo8.A1A,0.020198848,0.778441622296894,-0.33808097
4,axo16.E1,-0.20277536,0.7720925535699654,-0.34690014
4,axo11.C4B,0.013666937,0.7427781389197168,-0.38811782
4,axo8.E10A,-0.30617437,0.7404969670931917,-0.39184475
4,axo14.D9A,-0.16273451,0.7345144846732984,-0.40110675
4,axo16.G3B,-0.11617621,0.7326795438122008,-0.405092
4,axo10.H7,-0.2099811,0.7287772946528954,-0.41088533
4,axo10.A5,-0.1761126,0.7284668238364682,-0.41210306
4,axo11.C2B,-0.15201168,0.7218218773548677,-0.42184475
4,axo15.F4B,-0.23535992,0.7206225176900388,-0.426199
4,axo10.B3,-0.2951672,0.7137876187232632,-0.43575618
4,axo16.D6B,-0.389815,0.7075663530792081,-0.4469739
4,axo8.A1B,-0.15808147,0.7038540757519602,-0.45254582
4,axo8.E4A,-0.07599541,0.7026699421946797,-0.45568237
4,axo8.A7B,-0.2971334,0.7024370740492797,-0.45678937
4,axo8.G7A,-0.3530299,0.6999326908198397,-0.4608115
4,axo10.D3B,-0.15029477,0.6943710027243205,-0.4711805
4,axo15.C12B,-0.14116386,0.6941643188476153,-0.47291481
4,axo16.B2B,-0.16407843,0.6921941315952008,-0.47734287
4,axo8.F4A,-0.29347816,0.6906308237857893,-0.4808115
4,axo16.D6,-0.22503147,0.6879181632396413,-0.48590374
4,axo10.F7,0.03855385,0.6805081280612527,-0.49704763
4,axo21.B8B,-0.2736807,0.6622367822843127,-0.5239111
4,axo4.G3,-0.26050326,0.6497837515964788,-0.5417709
4,axo10.G10,-0.097757764,0.6383359749524812,-0.5591878
4,axo10.D2,-0.17528082,0.637525827275164,-0.56103283
4,axo16.G6,-0.25800997,0.6347920702652297,-0.56542397
4,axo14.G3A,-0.33367497,0.631255168109426,-0.57088524
4,axo29.A4A,-0.38399392,0.6233221217227854,-0.58221364
4,axo10.B9,-0.29094207,0.6219056109966185,-0.58487046
4,axo15.A10B,-0.37110955,0.6103465909215892,-0.6026564
4,axo16.E12B,-0.3715496,0.5927367265661787,-0.62878186
4,axo10.A10B,-0.21507764,0.5915547360294421,-0.6311435
4,axo3.D1,-0.3063653,0.5732657495330603,-0.65778553
4,axo20.B1A,-27.373491,0.571296678913987,-0.66125417
4,axo10.A3,-0.3534369,0.5522377328577646,-0.6886711
4,axo21.D2A,-0.14189872,0.5521507367024866,-0.69018406
4,axo10.H10,-0.3992369,0.5304372186604506,-0.72265637
4,axo16.H5B,-0.20188265,0.5267911800275324,-0.72863424
4,axo10.D1,-0.32083517,0.5242756365100657,-0.7329885
4,axo20.D6B,-1.652345,0.5222222202389293,-0.7366785
4,axo11.B6B,-0.67213416,0.5222222202389293,-0.7373427
4,axo9.E2A,-0.45192176,0.5201268606394652,-0.7411434
4,axo10.A6B,-0.14079928,0.5169653914427634,-0.7464571
4,axo10.F1,-0.33105323,0.5108163066741762,-0.75616187
4,axo21.F7B,-0.14991361,0.5107937982043003,-0.7568999
4,axo8.C1A,-0.3512316,0.5104194257241155,-0.7581545
4,axo16.G4,-0.39108282,0.5103469525828608,-0.7596305
4,axo15.A9B,-0.31913668,0.4906020197323474,-0.7917338
4,axo16.A8,-0.45406097,0.48565887686980647,-0.7998519
4,axo16.B3,-0.43717092,0.4664918277494659,-0.8311065
4,axo11.D7B,-0.36613944,0.4659177385505324,-0.8333574
4,axo20.H3B,-27.454983,0.46540335622648327,-0.8348334
4,axo15.B1B,-0.2536636,0.4586626272782371,-0.8473057
4,axo14.H9A,-0.46062112,0.45710584903039786,-0.85040534
4,axo4.D11,-0.42209202,0.4534177279505388,-0.8581913
4,axo21.B6A,-0.29282436,0.4530020053955208,-0.8595935
4,axo9.A7A,-0.33074462,0.4506937269472963,-0.8651655
4,axo21.E10A,-0.41894755,0.44628085340487145,-0.872767
4,axo16.H12B,-0.259898,0.4444145728139721,-0.8763832
4,axo10.C3,-0.34238744,0.44316697083345213,-0.87970424
4,axo8.E10B,-0.35912904,0.44316697083345213,-0.8799256
4,axo20.F4A,-1.6329589,0.4262649267771604,-0.9093721
4,axo8.C4B,-0.40778005,0.4260389074633169,-0.91040534
4,axo21.B7A,-0.5136511,0.4260389074633169,-0.9107743
4,axo14.G10A,-0.8110103,0.4213491832106204,-0.9193352
4,axo20.G8A,-4.915869,0.4192645569658357,-0.92405844
4,axo20.B11A,-1.8245635,0.41881264354027065,-0.92546064
4,axo15.B6B,-0.37638408,0.4170488481772646,-0.92900306
4,axo9.D12A,-0.4110433,0.4170046276068442,-0.9297411
4,axo15.G6B,-0.5890062,0.41481585735182136,-0.93398464
4,axo10.A11B,-0.52894497,0.414027858000385,-0.9359403
4,axo15.C2,-0.38117117,0.40935941602601983,-0.94427985
4,axo8.H12A,-0.46818343,0.4077943631944246,-0.94752705
4,axo11.E5B,-0.41914037,0.40232431981242583,-0.9572688
4,axo15.E3B,-0.50464505,0.4010799109163173,-0.96066356
4,axo21.A1A,-0.2529409,0.3984071198294053,-0.9657927
4,axo15.A12B,-0.5335573,0.38658145929362836,-0.9884126
4,axo8.C5A,-0.37880003,0.3847541754237043,-0.9928407
4,axo9.A10A,-0.48321953,0.3847541754237043,-0.9930621
4,axo15.H8B,-0.5061367,0.38296749868672636,-0.9978591
4,axo2.G1,-0.49440348,0.38296117134627156,-0.99852335
4,axo8.C9A,-0.54097044,0.38050437553111116,-1.0033941
4,axo15.G3B,-0.5449855,0.37715223937681436,-1.0104791
4,axo20.B5B,-27.63275,0.37514166294168677,-1.0146118
4,axo10.C10,-0.62910914,0.3747085193221816,-1.0160141
4,axo8.G5A,-0.5612783,0.3683761851613698,-1.0277115
4,axo20.F4B,-27.783587,0.3651787506743108,-1.035276
4,axo10.G3,-0.49513286,0.36341296099430626,-1.03904
4,axo8.H7A,-0.5371724,0.36079933192889985,-1.0443166
4,axo12.G9,-0.4584935,0.35650085716894536,-1.0539107
4,axo10.C2B,-0.5556775,0.35464440756722837,-1.0585233
4,axo16.H7B,-0.47683704,0.35205496340394093,-1.0644642
4,axo10.B8,-0.46070904,0.3444958376933674,-1.0788184
4,axo7.E4B,-0.3712117,0.337959476485706,-1.0914752
4,axo16.D10B,-0.51945597,0.33235155231124985,-1.1025454
4,axo10.E7,-0.54999214,0.33015037635078126,-1.1073055
4,axo20.F10A,-27.857615,0.32519098790201506,-1.1179328
4,axo10.C1B,-0.35376972,0.3192589667037538,-1.1298885
4,axo20.C1B,-27.828892,0.31613811593622054,-1.1365306
4,axo10.D10,-0.7082889,0.3148792300012083,-1.1395934
4,axo21.G5A,-0.7888547,0.3148792300012083,-1.1401838
4,axo21.G12B,-0.6164777,0.3112165127109726,-1.1479697
4,axo10.G7B,-0.54380226,0.30604865735042314,-1.1587447
4,axo11.B4B,-0.52571356,0.30593046256415524,-1.1602206
4,axo20.F2A,-27.87404,0.30359800558449107,-1.1654605
4,axo15.F10,-0.8124667,0.300131820457464,-1.1729882
4,axo20.C2B,-27.958021,0.300131820457464,-1.1737262
4,axo10.G2B,-0.6724425,0.29778242736271465,-1.1795564
4,axo21.A3B,-0.576314,0.29323388793121996,-1.191217
4,axo20.D7B,-3.5721755,0.2907091097452099,-1.1969734
4,axo3.E3,-0.5836269,0.28235072263145294,-1.2160509
4,axo11.F3B,-0.883049,0.28103453737613626,-1.2194088
4,axo10.A1,-0.58916205,0.2800217144707604,-1.2221395
4,axo10.A12B,-0.7582204,0.27962028520664134,-1.2243534
4,axo20.E9A,-28.001778,0.27962028520664134,-1.2253866
4,axo16.D8B,-0.60950965,0.277648782210633,-1.2301837
4,axo10.E5B,-0.6745874,0.2773440591111392,-1.2314383
4,axo15.A1B,-0.6900763,0.27487237667015224,-1.2372686
4,axo10.G5,-0.6069447,0.27487237667015224,-1.2372686
4,axo9.E3A,-0.43400356,0.27244272770601174,-1.2436523
4,axo20.A1A,-27.779037,0.27244272770601174,-1.2439845
4,axo16.B12B,-0.81897926,0.27244272770601174,-1.2444272
4,axo3.G9,-0.61301893,0.2682487696099774,-1.2544641
4,axo21.E11A,-0.8704306,0.2639690149728849,-1.2649438
4,axo8.H11B,-0.5583289,0.26370633931421467,-1.2661246
4,axo21.B9A,-1.1151167,0.2623696300129219,-1.2702575
4,axo20.A3A,-27.93212,0.26049001443271974,-1.2749807
4,axo10.G4,-0.481821,0.2600613645290807,-1.2765305
4,axo10.A8,-0.5957363,0.25929763380043636,-1.2788184
4,axo20.B12B,-2.5192876,0.25494432745705525,-1.2908847
4,axo4.F4,-0.8763713,0.2532644738674327,-1.295239
4,axo3.G7,-0.5905214,0.2521676217294652,-1.2983017
4,axo20.D4B,-2.6239846,0.2508113561822882,-1.3019549
4,axo21.E9B,-0.73769814,0.2502123346301476,-1.3039106
4,axo2.E7,-0.7678126,0.2482668532558367,-1.3095194
4,axo16.B3B,-0.8216633,0.2482668532558367,-1.3098147
4,axo20.B6A,-28.092161,0.24763021225405335,-1.3121762
4,axo16.D4B,-0.8105402,0.24674382490531147,-1.3147962
4,axo9.D6A,-0.6219872,0.24658895668660197,-1.3157556
4,axo21.A11A,-0.80759144,0.24494490388423434,-1.3201098
4,axo20.F7B,-28.125046,0.2410940326321053,-1.3307741
4,axo21.B5A,-0.74338573,0.2410940326321053,-1.3312906
4,axo15.D5,-1.0218735,0.23894737000064217,-1.3375638
4,axo20.H10B,-28.236397,0.23591761719261548,-1.3452389
4,axo20.E12A,-28.222942,0.23441579914367391,-1.3493718
4,axo11.E2B,-0.81567436,0.2309661460305547,-1.3587445
4,axo20.E3A,-28.124718,0.23081633356667502,-1.3597039
4,axo15.F3B,-0.64866704,0.23081633356667502,-1.3599991
4,axo14.H5A,-0.6781663,0.22918746432160322,-1.3647962
4,axo10.E3,-0.6120545,0.22848366829940298,-1.367084
4,axo20.E5B,-2.48484,0.22403313043075537,-1.379667
4,axo20.H6B,-3.0733337,0.2230718397980955,-1.3831725
4,axo16.B6B,-0.5793916,0.2230718397980955,-1.3836892
4,axo11.D11B,-0.63358,0.22200770959964242,-1.3869733
4,axo20.C9B,-28.234488,0.2182161803285913,-1.3968995
4,axo10.A11,-0.75785893,0.21770283067140359,-1.3993717
4,axo2.C1,-0.64280504,0.21536342421101512,-1.4057925
4,axo21.C9A,-1.292944,0.21320328787948317,-1.4121393
4,axo15.C11B,-1.0015718,0.20806389381634907,-1.4260508
4,axo14.G6A,-0.79384625,0.20501835026667337,-1.4356817
4,axo15.G4B,-0.72231406,0.20337351223225253,-1.4411429
4,axo14.C12A,-0.68263215,0.20012346011499857,-1.4520286
4,axo10.B12,-0.8130657,0.20012346011499857,-1.4520286
4,axo16.B2,-0.6620694,0.19859327106243754,-1.4578588
4,axo10.G9,-0.64416885,0.19315768812109257,-1.472988
4,axo21.D12A,-1.5359327,0.18945755940298215,-1.4842426
4,axo10.E5,-0.75613415,0.18909459505956583,-1.4858292
4,axo10.H1,-0.744373,0.18687292266619762,-1.4925451
4,axo21.B6B,-0.7566371,0.18506704268797555,-1.4984123
4,axo2.D11,-0.653101,0.18480206729136883,-1.5000728
4,axo21.D3A,-1.3989388,0.18276062375443766,-1.5075636
4,axo15.G12B,-0.96239775,0.18067030621522528,-1.5146484
4,axo2.D10,-0.77493393,0.1800205267839701,-1.5170839
4,axo2.B1,-0.7744445,0.17946302711394505,-1.519261
4,axo15.H10B,-0.6481341,0.17879052693574768,-1.5217702
4,axo16.F12,-0.7236653,0.17745114158066014,-1.5261983
4,axo21.C11B,-0.8397366,0.17141728071434906,-1.5449437
4,axo16.F5B,-0.78735304,0.17134088152210006,-1.5457555
4,axo15.H5B,-0.74234843,0.1683584905985808,-1.5552019
4,axo11.A4B,-0.7690286,0.1659740272318745,-1.5635414
4,axo11.A8B,-0.7034329,0.1658255968806241,-1.5645746
4,axo8.E12B,-0.7937933,0.16573835376986673,-1.5654234
4,axo15.F4,-0.97371835,0.16565127999347753,-1.566272
4,axo10.C2,-0.7210541,0.1654032681259948,-1.5687813
4,axo16.D1B,-1.0111225,0.16452608687749853,-1.5720285
4,axo13.H4B,-1.1807032,0.16391857281703676,-1.574464
4,axo21.F1A,-0.7443157,0.16355441070840013,-1.5761614
4,axo11.E11B,-0.9119412,0.16258613498000202,-1.5808846
4,axo8.D7A,-0.75442195,0.16189983926095805,-1.5835783
4,axo16.F5,-0.7051855,0.16135936904466,-1.5858293
4,axo21.D7A,-0.955722,0.16068819297948486,-1.5890764
4,axo20.C8B,-28.515293,0.1561470445433514,-1.6056079
4,axo15.D1B,-0.774896,0.15586500943196802,-1.6076742
4,axo21.A6B,-1.153432,0.1548855552986713,-1.6113642
4,axo6.A3B,-3.1604142,0.1548855552986713,-1.611438
4,axo21.H7B,-3.3906026,0.1547914482819275,-1.6128403
4,axo20.D11B,-2.6429036,0.15468652644127245,-1.6137627
4,axo15.B7B,-0.80736065,0.15468652644127245,-1.6137997
4,axo21.C3B,-1.075665,0.15075032648412642,-1.6275635
4,axo21.G10A,-1.2826543,0.14978351539992005,-1.6312904
4,axo8.F1B,-0.7991545,0.1479648548618207,-1.6384122
4,axo6.B6B,-28.452642,0.1469880899708615,-1.6428033
4,axo20.C7B,-3.6956348,0.14582810238077334,-1.6472315
4,axo10.C7,-0.7900473,0.1434314408763723,-1.6558292
4,axo15.F5,-1.6465824,0.14282778113840483,-1.658449
4,axo16.D9,-0.68918335,0.14282648077765073,-1.6590395
4,axo15.F2,-1.0489564,0.14282648077765073,-1.6595562
4,axo14.A3A,-0.7624005,0.14282648077765073,-1.6600727
4,axo15.F6,-0.83535534,0.14262604641119098,-1.6620654
4,axo29.H11B,-3.76851,0.14088423897391403,-1.6685598
4,axo20.B10B,-28.585443,0.13952390588875035,-1.6737996
4,axo20.E8A,-28.566189,0.1373011202535604,-1.6820654
4,axo9.E6A,-0.8870599,0.13554667820911662,-1.6890026
4,axo21.C4A,-0.88934183,0.135227515356155,-1.6916595
4,axo20.B9B,-28.616507,0.1345977859580529,-1.6944638
4,axo12.D2,-3.1154065,0.13412565251117514,-1.6973052
4,axo21.E12A,-1.6338986,0.13412480082555828,-1.6980801
4,axo15.G10B,-0.88694954,0.13103098419747258,-1.7101096
4,axo8.E5B,-0.9087795,0.13070227805310045,-1.7118808
4,axo12.C3,-0.85101736,0.128826507212726,-1.7210321
4,axo8.G11A,-0.9347626,0.1285829994357948,-1.7225081
4,axo20.H6A,-28.633307,0.12850147526269937,-1.7233937
4,axo15.C9B,-1.2542256,0.12825859626400365,-1.7248697
4,axo20.A12B,-28.541397,0.1265717060425042,-1.7316594
4,axo29.G2B,-2.2583957,0.12524839553779,-1.7371576
4,axo20.A2A,-2.760745,0.12483214413038125,-1.7392977
4,axo8.C6A,-0.83918476,0.12326841625381728,-1.7457553
4,axo15.A8B,-1.0289251,0.1224090756266945,-1.7495929
4,axo10.D9,-0.7182227,0.1223594466690492,-1.7503679
4,axo21.B12B,-1.2677543,0.12231969471453256,-1.7511059
4,axo9.H10A,-0.6169622,0.12229954559889777,-1.751807
4,axo21.A12A,-1.1892064,0.12192929646914837,-1.754353
4,axo21.A4A,-1.4116042,0.1217155321363615,-1.7557553
4,axo3.C1,-1.0074517,0.12141499923524356,-1.7574897
4,axo16.H10,-0.9165377,0.1203057432736694,-1.7623236
4,axo11.B7B,-0.9074323,0.11715647677840023,-1.7768992
4,axo10.G8,-0.8626717,0.11476553836012614,-1.7875265
4,axo21.C6B,-1.6269726,0.11212106397538456,-1.7999251
4,axo10.A8B,-1.1774966,0.11197495483911696,-1.8011059
4,axo21.C6A,-1.6729823,0.11022235010513524,-1.8094453
4,axo10.G8B,-1.029663,0.1082621537349225,-1.8181539
4,axo8.G10A,-1.1442875,0.10787264741297954,-1.8203678
4,axo11.D8B,-0.80994827,0.10722950716601848,-1.8236519
4,axo20.A7B,-28.705978,0.10713208064243035,-1.8246483
4,axo3.D4,-0.7373594,0.10711375872103598,-1.8253125
4,axo6.C6B,-28.553263,0.1064305231263503,-1.8287811
4,axo10.F8B,-1.2671615,0.10606373318081058,-1.8309213
4,axo20.A2B,-28.655994,0.10332376121938333,-1.843246
4,axo21.H6A,-1.7320968,0.10271051803136663,-1.8464932
4,axo20.B2B,-28.792147,0.10075672598485819,-1.8556446
4,axo20.G6A,-28.764463,0.10042177988399711,-1.857711
4,axo15.E11B,-0.97136736,0.0998719180555643,-1.8607368
4,axo16.H4B,-0.975868,0.09967177469872221,-1.8622128
4,axo21.D5B,-1.5216844,0.09898395295612036,-1.8664564
4,axo21.H6B,-1.2524776,0.0981853387664847,-1.8712165
4,axo20.H12B,-28.726261,0.09810260763653281,-1.8721759
4,axo29.E4B,-2.5224156,0.09807669739791339,-1.8734674
4,axo2.E1,-1.3802097,0.09798620963498149,-1.8744637
4,axo20.F8A,-28.646639,0.09602158612990452,-1.8845744
4,axo29.B5B,-1.6186875,0.0955551383463957,-1.887305
4,axo20.F3A,-28.859829,0.09541042303873515,-1.8887073
4,axo29.E5B,-28.641563,0.09429354118212653,-1.8949065
4,axo21.G7B,-2.8086047,0.09429354118212653,-1.8954232
4,axo29.E12B,-28.50323,0.09290412235403427,-1.9031721
4,axo15.B6,-1.3065795,0.09084436676186315,-1.9135412
4,axo29.E2B,-2.7002366,0.08802288357680374,-1.9289286
4,axo15.C5B,-2.5080512,0.08802288357680374,-1.9293345
4,axo16.B10B,-1.4122607,0.08546842751988924,-1.9434674
4,axo7.D6B,-4.5063515,0.0824602221623083,-1.9611795
4,axo15.F12,-1.1157087,0.08098855234912244,-1.9700357
4,axo8.E6A,-1.156751,0.0806583780721939,-1.9723604
4,axo21.G9B,-3.7031677,0.08025269779689215,-1.975091
4,axo21.B1B,-1.3733274,0.0801186711137775,-1.9769729
4,axo21.F3B,-1.2830223,0.07895624489052198,-1.9837625
4,axo16.E11,-1.0095752,0.07865148005541336,-1.9877478
4,axo15.A4,-1.1078067,0.07813134806920637,-1.9911426
4,axo15.A2,-2.3090005,0.07770902500579979,-1.9940208
4,axo11.F7B,-1.4699528,0.07687037198030265,-1.9991869
4,axo20.A4A,-28.956987,0.07677578388599188,-2.000294
4,axo20.E6A,-28.916868,0.07650686024206099,-2.0023603
4,axo2.H1,-1.767814,0.07591831116384856,-2.006198
4,axo29.B4A,-1.2108737,0.07555888144306763,-2.008781
4,axo10.B9B,-1.335211,0.07147113365224385,-2.033209
4,axo14.D7A,-0.8528027,0.07093883048289053,-2.0374894
4,axo8.E6B,-0.9138455,0.0697868331712323,-2.0448694
4,axo20.G11A,-28.945204,0.06594659973846023,-2.070552
4,axo14.D3A,-1.0963339,0.06546085697113721,-2.0741684
4,axo10.H5,-1.6522301,0.06538319491332349,-2.0752385
4,axo20.D11A,-28.997847,0.06467200334590842,-2.0808842
4,axo14.F4A,-1.0117962,0.06413606367193911,-2.0848694
4,axo2.G8,-1.753879,0.06230874548874676,-2.0972311
4,axo2.A1,-1.1409123,0.061290945415720936,-2.1045005
4,axo10.E4,-1.0305271,0.06021558354888284,-2.1122496
4,axo3.D7,-1.2101382,0.059754079161848696,-2.1159396
4,axo21.F5A,-1.8085563,0.0596218028632467,-2.1174157
4,axo20.G5A,-29.020607,0.059476704010076625,-2.1201463
4,axo15.G5,-7.1999793,0.05927460386706009,-2.122102
4,axo29.D4B,-3.049285,0.058061787022434856,-2.1315854
4,axo7.G4B,-2.5577426,0.05785677531297558,-2.1347587
4,axo29.H5A,-1.4402,0.05785612885031873,-2.1353493
4,axo15.C10B,-1.429154,0.057716823500194005,-2.1374893
4,axo21.H1B,-2.094583,0.0571975073774818,-2.141696
4,axo6.D12B,-3.2478526,0.0571975073774818,-2.1422126
4,axo12.A1,-28.676008,0.05690202876672603,-2.1449432
4,axo15.D2B,-1.1937592,0.05510832956803993,-2.158301
4,axo10.B1B,-1.2281362,0.05486287758003628,-2.160663
4,axo10.C12B,-3.8121378,0.05486287758003628,-2.1610687
4,axo15.E10B,-1.2985314,0.05486287758003628,-2.1615484
4,axo15.B5B,-1.2861837,0.054122073713292786,-2.1681905
4,axo21.C2A,-2.2153382,0.054111580552838254,-2.169076
4,axo29.H3B,-1.3061169,0.05323064466010036,-2.176161
4,axo21.A3A,-2.3435664,0.05223452263616548,-2.1845005
4,axo8.D12B,-1.1245091,0.051897384611367794,-2.1885226
4,axo7.D4B,-2.7905817,0.05189251092371944,-2.1891499
4,axo15.B10B,-1.3708972,0.04979750403182123,-2.2064931
4,axo21.G5B,-2.4847507,0.049628404348153805,-2.208412
4,axo10.C6,-1.1315416,0.04943179319930126,-2.210552
4,axo21.F10B,-1.3796508,0.04749370135339649,-2.2267144
4,axo6.E3B,-3.323728,0.047106504184857616,-2.2304783
4,axo16.C12,-1.0568091,0.04654419276600189,-2.235718
4,axo15.B8,-1.4148288,0.046181172980976605,-2.2393343
4,axo10.B5,-1.277986,0.045514889917783935,-2.2455337
4,axo15.B3B,-1.1177486,0.04462465726338332,-2.2543159
4,axo13.D5B,-1.9665713,0.044155382899814265,-2.2589653
4,axo16.A7B,-1.5816725,0.04387568404021716,-2.2619913
4,axo21.E2A,-2.1884356,0.043087211315198826,-2.2706997
4,axo14.B7A,-1.1576476,0.043087211315198826,-2.271253
4,axo4.H11,-1.0784141,0.041846576467628696,-2.2830243
4,axo21.E12B,-1.488738,0.04063616332651473,-2.2959394
4,axo15.C2B,-2.1830492,0.040631966750939906,-2.2965667
4,axo21.C4B,-1.6852843,0.03919832499333438,-2.3107364
4,axo29.D2B,-2.8337383,0.038918859112277465,-2.3140206
4,axo21.G8B,-1.8082275,0.03883474402770771,-2.3154228
4,axo20.G12B,-3.5624,0.03869768565028256,-2.3173416
4,axo21.H2A,-1.951434,0.03746186049105155,-2.3318803
4,axo13.G10B,-2.1656668,0.0370244886285816,-2.3380427
4,axo29.F12B,-2.561015,0.03695511325761891,-2.3393342
4,axo15.C7B,-2.0524075,0.03675488168654547,-2.3419542
4,axo16.D5B,-2.5850365,0.03619959668295653,-2.3499985
4,axo21.E5B,-2.524839,0.03586035844718835,-2.3540945
4,axo21.G8A,-2.6175487,0.035818018143355695,-2.3551276
4,axo3.A8,-1.0739172,0.035818018143355695,-2.3554597
4,axo29.F4A,-3.3663142,0.035723006832426296,-2.3573048
4,axo11.A9B,-1.774839,0.03329941640580055,-2.3850539
4,axo20.A5B,-29.237762,0.032753079596348364,-2.3929136
4,axo15.A11,-1.5797032,0.03258256944807912,-2.3954227
4,axo3.A3,-1.2031509,0.03227697896363644,-2.4006627
4,axo11.B10B,-1.4556549,0.03191482722658539,-2.405386
4,axo15.B7,-1.3547174,0.03108690366296187,-2.4155705
4,axo3.F4,-1.2274435,0.030593112518727008,-2.421991
4,axo14.E3A,-1.3680446,0.03028734619162304,-2.4262345
4,axo2.A10,-1.215128,0.03028734619162304,-2.426419
4,axo21.D5A,-2.4259305,0.029765559068731122,-2.4337254
4,axo6.E10B,-3.777545,0.02891257229788834,-2.4454226
4,axo11.C8B,-1.3811718,0.028616035255626032,-2.4503305
4,axo12.H7,-2.402,0.028616035255626032,-2.450478
4,axo8.F5A,-1.1666303,0.02828736039253171,-2.455681
4,axo11.D5B,-1.870622,0.02822704738942649,-2.457563
4,axo2.E6,-2.3923388,0.02727984788153911,-2.470478
4,axo21.D9A,-3.5467951,0.02727984788153911,-2.4706995
4,axo29.H2B,-3.593984,0.02713229037433333,-2.4736147
4,axo6.F11B,-3.8343258,0.02664093345292796,-2.4807365
4,axo10.E1,-1.4359505,0.025464436364658095,-2.4991865
4,axo2.C3,-1.8246588,0.0253909613406137,-2.5008101
4,axo15.A7B,-2.904951,0.024677940734642693,-2.5132825
4,axo21.A8B,-2.2124655,0.0246271882470343,-2.514611
4,axo10.G9B,-1.0584466,0.02454571269474579,-2.5163822
4,axo6.D5B,-29.207233,0.024408176409317153,-2.5189652
4,axo15.A5B,-2.3665316,0.024167159731605554,-2.523061
4,axo3.D3,-1.241653,0.02401889180975372,-2.5258286
4,axo12.A10,-3.3728247,0.02387645677970403,-2.5285223
4,axo10.C9B,-1.6588356,0.023286137089156868,-2.5397031
4,axo12.C10,-2.4685466,0.0231462442646837,-2.5424337
4,axo6.B1B,-4.1679006,0.02258514393381822,-2.5522125
4,axo21.G2B,-2.6027396,0.022415813984794777,-2.55605
4,axo14.C8A,-1.2206998,0.022415813984794777,-2.5568986
4,axo6.F4B,-29.396385,0.022300140362271573,-2.5602934
4,axo29.F6B,-29.219282,0.021944152934233283,-2.5664928
4,axo6.G6B,-3.3532557,0.021699281091405523,-2.5709946
4,axo3.E7,-1.5060463,0.02155776032967736,-2.5740204
4,axo15.B5,-1.1926143,0.021182692317108252,-2.5823967
4,axo29.C5B,-3.7647967,0.021127729187099157,-2.5839097
4,axo8.C3A,-1.3308381,0.020897068878642545,-2.5889282
4,axo15.C1,-1.6833146,0.02016356716975582,-2.603061
4,axo29.G10A,-2.401139,0.019427603673144535,-2.6176367
4,axo10.E9B,-1.2514999,0.019427603673144535,-2.6180058
4,axo11.B3B,-1.5555093,0.019359674902341018,-2.6200721
4,axo15.D12,-3.4861321,0.019348880629186375,-2.620884
4,axo29.C4B,-2.85819,0.019281471977317777,-2.6244264
4,axo10.A10,-1.1227064,0.01905458015162505,-2.6292233
4,axo10.F9,-1.4496833,0.01852952079512876,-2.6405888
4,axo21.C7A,-2.393831,0.0184349162049451,-2.6429503
4,axo15.A2B,-3.0584075,0.0184349162049451,-2.6430979
4,axo11.C10B,-1.2328881,0.018386945585118955,-2.6450906
4,axo7.C5B,-2.7778678,0.018386945585118955,-2.645681
4,axo15.D11B,-2.3466356,0.01819793278889213,-2.6505518
4,axo15.F3,-1.9807904,0.01807964333883365,-2.6539466
4,axo10.A9B,-1.2028954,0.016929910663879246,-2.6773045
4,axo21.B4B,-2.7417393,0.016724282901505152,-2.6820278
4,axo15.B12B,-2.0419374,0.01671718449187099,-2.6828027
4,axo20.H1A,-29.455242,0.016689865922520447,-2.6842787
4,axo21.H8A,-1.5684283,0.016689865922520447,-2.6852381
4,axo10.E12,-1.5876517,0.016036150796923967,-2.6998506
4,axo10.E1B,-1.4944472,0.016036150796923967,-2.7003672
4,axo10.G7,-1.1265733,0.015401056477165586,-2.714537
4,axo21.D1A,-3.4044206,0.015292436327175547,-2.7181532
4,axo21.B3B,-3.9467268,0.01521177337329171,-2.721179
4,axo3.F8,-1.2924179,0.014515468818635155,-2.7372675
4,axo29.E2A,-5.5029483,0.014515468818635155,-2.7373784
4,axo13.E12B,-29.333221,0.014515468818635155,-2.7380056
4,axo15.E4,-1.4311721,0.014515468818635155,-2.7383008
4,axo6.H5B,-4.0461817,0.014515468818635155,-2.7392232
4,axo21.F9B,-29.218588,0.014392373155642391,-2.7442048
4,axo6.F9B,-29.466269,0.014193661995619838,-2.7504041
4,axo2.B7,-1.8682775,0.014076627144916013,-2.753762
4,axo6.H4B,-29.510311,0.01389443757612234,-2.7586699
4,axo21.C8A,-1.6266602,0.013866433392238987,-2.7607362
4,axo21.E7B,-2.980054,0.013657234368482046,-2.7681901
4,axo15.D2,-1.4726505,0.01344485169473004,-2.7744262
4,axo3.H7,-2.8448148,0.01344485169473004,-2.7747214
4,axo8.C12A,-1.2502177,0.0133797708209887,-2.777489
4,axo21.G1A,-3.1759875,0.013297653532563026,-2.780146
4,axo15.C9,-1.3958206,0.013173984364906301,-2.783836
4,axo29.D5A,-5.3395634,0.013164763238306471,-2.7847214
4,axo13.H1B,-3.5047195,0.013149605025427353,-2.7857547
4,axo7.B1B,-2.3464227,0.013149605025427353,-2.7860498
4,axo29.D10A,-2.4188316,0.013149605025427353,-2.7872307
4,axo12.G7,-3.23377,0.012985512832863937,-2.7924705
4,axo21.C1A,-3.4955838,0.012976657055748927,-2.7933562
4,axo8.C10B,-1.728074,0.012778440134198805,-2.8003304
4,axo21.F4A,-3.0578082,0.01272175399396637,-2.8024335
4,axo3.B5,-1.3708018,0.012708882477586208,-2.8034298
4,axo8.F10A,-1.5547316,0.012485491354342553,-2.8098137
4,axo29.H12A,-4.362865,0.012435742087893588,-2.8117695
4,axo6.D4B,-29.474915,0.012435742087893588,-2.8123968
4,axo21.E6A,-1.8099672,0.011875876492605134,-2.827895
4,axo29.G4B,-2.714756,0.011855961403979548,-2.8297768
4,axo29.H11A,-3.947481,0.011325154264826115,-2.8464189
4,axo29.B2B,-5.3628755,0.01129407796765517,-2.8479686
4,axo21.D10B,-1.5016671,0.011263112706510241,-2.8495185
4,axo29.G12B,-29.2183,0.011211419219864877,-2.8516586
4,axo29.G3A,-3.6428308,0.011073944734798233,-2.8569355
4,axo6.G9B,-29.562975,0.010851229119487358,-2.864057
4,axo12.B3,-3.532329,0.010707254062160016,-2.868965
4,axo15.D11,-3.115677,0.010386710419024121,-2.8799243
4,axo29.C11A,-3.0108309,0.010365418572547861,-2.8812528
4,axo29.A11B,-5.234223,0.010289810162188488,-2.8842416
4,axo21.E8A,-2.9082484,0.010289810162188488,-2.8845737
4,axo21.H11B,-2.2496758,0.010289810162188488,-2.8850167
4,axo13.F4B,-1.6943085,0.01025767912021012,-2.8879685
4,axo29.E4A,-2.2341783,0.010032089365206021,-2.895644
4,axo29.F5B,-4.12433,0.010025457604787704,-2.8972306
4,axo13.C2B,-1.9998156,0.009940558666660779,-2.900736
4,axo21.H10B,-2.3551288,0.009890992214213284,-2.9035406
4,axo2.A3,-1.3371215,0.009824550235513973,-2.906345
4,axo21.H8B,-2.0857823,0.009619902496139972,-2.9143155
4,axo21.F6B,-2.2529497,0.009619902496139972,-2.9146106
4,axo29.G11B,-4.6313434,0.00951219733168558,-2.9192233
4,axo29.H4B,-6.3594117,0.009447030886972527,-2.9220645
4,axo2.C2,-2.8109818,0.009365613941175927,-2.9254594
4,axo2.D4,-1.9907162,0.009365613941175927,-2.9256806
4,axo6.A7B,-4.0214324,0.009365613941175927,-2.9257545
4,axo10.C5B,-1.3502164,0.009323633633406676,-2.9289649
4,axo15.A5,-1.59523,0.009202709417007088,-2.933725
4,axo21.A5A,-2.4915972,0.009142856808240453,-2.9364557
4,axo29.E5A,-3.8018253,0.009105031318727282,-2.9384482
4,axo29.A6A,-2.480291,0.009082507498051175,-2.9399242
4,axo29.C2B,-4.5212493,0.009082507498051175,-2.9402564
4,axo10.H6,-1.4262,0.009082507498051175,-2.9405885
4,axo21.D8A,-2.4311953,0.008891526525455173,-2.9486327
4,axo13.G3B,-2.7916098,0.00886535771078445,-2.9502563
4,axo2.A12,-1.7086457,0.00886535771078445,-2.950404
4,axo7.E1B,-3.7567463,0.008808060565709182,-2.9536881
4,axo21.F12B,-2.6168633,0.008808060565709182,-2.954094
4,axo29.F12A,-2.8957355,0.008791107633535735,-2.9557176
4,axo8.F4B,-1.5458281,0.00855988709558978,-2.9649427
4,axo14.H7A,-1.3067482,0.00855988709558978,-2.9650166
4,axo12.D6,-3.9236383,0.00855988709558978,-2.9654593
4,axo29.A5B,-4.331785,0.008363551796321035,-2.9753854
4,axo6.H6B,-13.033995,0.00801734998232644,-2.9897766
4,axo6.D8B,-29.623697,0.007726219084575114,-3.0025072
4,axo29.D5B,-29.418398,0.007692286313022045,-3.0045736
4,axo14.F11A,-1.435512,0.007641800725517841,-3.0073044
4,axo21.C1B,-3.8741865,0.007113470262553539,-3.0297396
4,axo15.D6B,-1.4385955,0.006961727808687779,-3.0369723
4,axo11.C11B,-1.4135175,0.0068179461182191,-3.0439832
4,axo29.H4A,-2.203928,0.006650425043484378,-3.0529132
4,axo14.E2A,-1.9931188,0.006583470237890588,-3.0566769
4,axo20.D8B,-29.708673,0.006563872355533232,-3.0583005
4,axo12.C6,-2.7093372,0.006340901689836878,-3.0693707
4,axo21.C2B,-4.4527154,0.006082477515500509,-3.0825071
4,axo9.E4A,-1.1761034,0.005793161440361732,-3.0977101
4,axo21.E9A,-29.568678,0.0055216211583255185,-3.114094
4,axo10.F1B,-2.260342,0.0053889803904022555,-3.1219907
4,axo2.G4,-1.4927413,0.005348464043337698,-3.1249425
4,axo6.F6B,-4.218415,0.005347023587210478,-3.125939
4,axo21.A2A,-2.9279673,0.005290149338489618,-3.130367
4,axo2.D12,-2.462559,0.00526558901385914,-3.1324704
4,axo6.C4B,-3.303475,0.005207634125318666,-3.1364555
4,axo12.D3,-3.7673538,0.005188684168294543,-3.1382637
4,axo21.F5B,-2.1568682,0.004942745753699805,-3.1539464
4,axo21.F2B,-29.731472,0.004930318796499503,-3.1554222
4,axo6.E5B,-3.9898143,0.0049055128322360335,-3.1576364
4,axo29.C1B,-7.2073793,0.004825011114267148,-3.1639464
4,axo7.G5B,-3.680381,0.004780685230652458,-3.167378
4,axo6.B8B,-29.690485,0.0047063337981843615,-3.17402
4,axo4.H10,-2.6015785,0.00452341914691533,-3.1864185
4,axo6.C11B,-29.780806,0.00452341914691533,-3.1864185
4,axo3.C2,-1.4960256,0.004523018978001875,-3.1887064
4,axo29.F10B,-29.591629,0.004453697953099827,-3.1946843
4,axo21.E4A,-1.6064711,0.004431685916414303,-3.1976364
4,axo29.F11A,-4.0635633,0.004324409437219381,-3.205459
4,axo29.F5A,-3.4081242,0.004141577555684108,-3.2186327
4,axo2.D6,-1.6672671,0.004116963889087366,-3.2211049
4,axo3.A11,-1.3989403,0.004055621464868352,-3.2269351
4,axo15.E6,-3.161089,0.0038088156247658984,-3.2471566
4,axo12.G10,-2.506803,0.0038088156247658984,-3.2478945
4,axo6.C8B,-29.909685,0.0037576535234773614,-3.252544
4,axo7.E7B,-5.2832875,0.0036194651818005435,-3.2647212
4,axo21.G6B,-2.6159,0.0036194651818005435,-3.265459
4,axo15.B9,-1.8264792,0.0036124223334162947,-3.2668245
4,axo13.G11B,-3.8698447,0.003587591509823561,-3.269555
4,axo6.B9B,-3.4543843,0.0035444605254882117,-3.2745366
4,axo21.H3A,-29.766092,0.0035444605254882117,-3.2752745
4,axo12.B1,-29.802456,0.0035032482395326,-3.2794075
4,axo21.C12B,-2.5044081,0.003489676081201884,-3.2812893
4,axo29.A2A,-2.61521,0.003456203488251367,-3.2847948
4,axo15.C8B,-2.219564,0.0034423836672361203,-3.2867138
4,axo13.D10B,-2.491595,0.0034340318618084472,-3.2881896
4,axo21.D7B,-1.7033453,0.0033168504282189972,-3.2987432
4,axo21.A7B,-3.01393,0.0033148971329980174,-3.2997026
4,axo12.A8,-2.7373197,0.0031693536195543793,-3.3138723
4,axo21.F8A,-2.5542746,0.0029092087255144033,-3.3393335
4,axo2.E11,-3.035927,0.0028470542960221355,-3.3461232
4,axo14.C5A,-1.9802659,0.002736508808709525,-3.359481
4,axo11.C6B,-2.666872,0.0027349497704826325,-3.3604407
4,axo6.G10B,-4.2284527,0.002723203952164957,-3.3624332
4,axo29.F3A,-4.0745063,0.002698497796105493,-3.3657544
4,axo6.F8B,-4.2206345,0.00256859287598141,-3.3801453
4,axo4.G9,-2.2138367,0.002534610255314225,-3.3846104
4,axo15.A6,-1.9829147,0.0024516974310126176,-3.3945365
4,axo7.F6B,-3.190336,0.002391219775400183,-3.4029868
4,axo14.H2A,-1.6584429,0.00230016845565636,-3.4152007
4,axo11.A5B,-2.8066134,0.002283104535774678,-3.418042
4,axo10.A1B,-2.6049435,0.0022539026015017715,-3.4223595
4,axo6.F2B,-4.269483,0.0021786494775363385,-3.4328022
4,axo15.D10B,-1.6615795,0.002154864501483741,-3.4370089
4,axo14.G8A,-1.8011124,0.0021240271162357625,-3.4417322
4,axo21.A11B,-2.4995708,0.0021240271162357625,-3.442175
4,axo4.B5,-2.2782958,0.0020510455459627755,-3.453651
4,axo29.A3B,-4.7373567,0.0020427679713741894,-3.455791
4,axo12.G1,-2.101118,0.0019957518602500344,-3.4660125
4,axo10.C7B,-1.9869391,0.001992686363611474,-3.467267
4,axo15.E12B,-2.197057,0.0019298058711958574,-3.4775624
4,axo29.E1B,-4.14222,0.0019298058711958574,-3.4777837
4,axo2.E4,-2.0371463,0.0018317482345864503,-3.4932082
4,axo13.D7B,-29.512102,0.001774127006955703,-3.5025806
4,axo2.B11,-1.9840417,0.0017601741714808154,-3.5055327
4,axo12.D9,-30.023054,0.0017443974914654028,-3.50878
4,axo29.G7B,-29.686316,0.0017230109618403939,-3.5129128
4,axo8.H12B,-1.74431,0.00169809519066,-3.5189645
4,axo11.D1B,-1.4959232,0.001677270068536357,-3.5243518
4,axo21.F8B,-3.0955818,0.0016736520969631795,-3.5257912
4,axo3.E10,-1.9319448,0.0016736520969631795,-3.526197
4,axo21.E6B,-2.8650663,0.0016312117063329436,-3.5352006
4,axo3.C6,-1.8476193,0.0016312117063329436,-3.5353482
4,axo6.C12B,-30.002747,0.0016265614961248527,-3.53771
4,axo29.H1B,-3.168016,0.0016251650838145695,-3.5397024
4,axo15.H4B,-2.3095477,0.0016043908428452457,-3.543983
4,axo15.A9,-1.8712777,0.0015785551500626517,-3.549149
4,axo12.C1,-4.461408,0.001540738314702255,-3.5564184
4,axo3.H2,-2.5152364,0.0014519943621167251,-3.5737615
4,axo6.A12B,-29.993612,0.0014391968978252146,-3.5769718
4,axo15.C6,-2.7306485,0.0013637813115529712,-3.5919166
4,axo21.C8B,-2.8075278,0.0013230282279184176,-3.6025069
4,axo8.H4B,-1.9493575,0.0013025996819487225,-3.6074514
4,axo21.D1B,-4.510573,0.0013025996819487225,-3.6075253
4,axo7.C3B,-2.4828556,0.0012579100898396855,-3.6192226
4,axo15.B11B,-2.0974498,0.0012542797542361868,-3.6208832
4,axo8.B3A,-2.6694372,0.0012370006361221465,-3.625385
4,axo13.G12B,-3.5121777,0.0011974761188843126,-3.634684
4,axo21.H4B,-3.301252,0.001191815669691801,-3.6368241
4,axo4.F1,-3.4561322,0.0011726689331344553,-3.6419165
4,axo13.G8B,-6.882397,0.0011726689331344553,-3.6422486
4,axo29.G6A,-3.3012497,0.001142974930390234,-3.6512892
4,axo15.C12,-3.9940324,0.001129131998911633,-3.655348
4,axo15.C3B,-3.1690142,0.0010937096784533107,-3.665385
4,axo13.C4B,-29.919735,0.0010654960426120551,-3.6740935
4,axo3.F9,-1.9685067,0.0010570562419104986,-3.6790383
4,axo21.B1A,-2.9787152,0.001018532902032584,-3.692101
4,axo10.B4B,-2.1219416,0.00100649799599765,-3.6960862
4,axo14.D11A,-2.8782268,0.0010056532053347436,-3.697267
4,axo2.D8,-2.2411885,0.0010056532053347436,-3.6977098
4,axo7.C8B,-3.3709917,0.0009744967651120877,-3.709149
4,axo29.B6A,-2.5759008,0.0009635673712050053,-3.7129865
4,axo4.H9,-2.7367382,0.0009502334834444751,-3.7184846
4,axo10.A7,-1.6154237,0.0009170426827839516,-3.7304404
4,axo16.D12B,-2.7812755,0.0009125046310703582,-3.7326913
4,axo8.B5A,-2.0263662,0.0008727275811486692,-3.7479312
4,axo13.C1B,-4.3529363,0.0008623323565474289,-3.7519534
4,axo3.D2,-2.4027178,0.0008539473451622061,-3.7554219
4,axo15.B1,-2.2061841,0.0008539473451622061,-3.7562337
4,axo12.E10,-5.239198,0.0008182281018634527,-3.7691858
4,axo21.D8B,-3.238617,0.0007930726648208875,-3.778005
4,axo13.G9B,-30.126852,0.0007916714506124845,-3.779481
4,axo11.B1B,-2.47766,0.000754855512194931,-3.792359
4,axo15.D12B,-2.2988694,0.000754855512194931,-3.7926912
4,axo29.A12B,-30.126328,0.0007377010383038592,-3.8001451
4,axo6.E12B,-30.246914,0.0007375243576601882,-3.8022115
4,axo21.D11B,-2.9682908,0.0007332632748548698,-3.8047945
4,axo14.D2A,-2.1446,0.0007031096749590071,-3.8162336
4,axo11.B8B,-1.9151728,0.0007031096749590071,-3.8163812
4,axo21.D9B,-30.194046,0.000696166599033037,-3.8208094
4,axo3.B4,-1.3971584,0.0006812106303993778,-3.82723
4,axo13.F5B,-4.365405,0.0006578134977667536,-3.8368979
4,axo15.C4B,-2.1110146,0.0006364389237796211,-3.8471563
4,axo29.D4A,-4.858893,0.0006245942696442525,-3.8528388
4,axo4.F2,-2.791001,0.0006228458448736108,-3.85461
4,axo29.G1A,-29.961023,0.000601542213462792,-3.8642042
4,axo21.C11A,-2.1083608,0.0005921795185457076,-3.870219
4,axo12.B4,-29.997532,0.0005920694216509364,-3.87247
4,axo21.A10A,-4.2620754,0.0005920694216509364,-3.8726912
4,axo21.A12B,-2.713557,0.0005573215525836555,-3.8905141
4,axo29.E1A,-2.9719632,0.0005357158897502248,-3.901215
4,axo13.H6B,-3.7395403,0.0005319244674281365,-3.9040565
4,axo12.F5,-30.145494,0.0005311584116741256,-3.9055326
4,axo7.H3B,-5.240988,0.0004936633332380231,-3.9254587
4,axo21.G3B,-3.3628886,0.0004913095863869968,-3.9277465
4,axo21.F6A,-2.522473,0.00047681407227024815,-3.936086
4,axo10.D4,-1.7622144,0.00047681407227024815,-3.936123
4,axo6.A2B,-3.7305517,0.00044945068136973527,-3.9525435
4,axo12.B7,-4.452566,0.00044945068136973527,-3.9536874
4,axo16.A3B,-1.8390375,0.00044315383960318,-3.9582262
4,axo2.A4,-2.5518024,0.00043749846532865807,-3.9647944
4,axo21.G1B,-5.4070497,0.0004184023846782284,-3.9777834
4,axo12.C4,-30.18081,0.00036155812581154006,-4.017119
4,axo6.D7B,-30.291628,0.00035266972204398684,-4.025385
4,axo15.B4B,-2.1352167,0.00035266972204398684,-4.025754
4,axo4.H6,-3.8628306,0.00033610197550388524,-4.0391116
4,axo2.F1,-2.3038228,0.0003303852319261347,-4.0443516
4,axo29.C8A,-2.4813259,0.0003090199784264484,-4.062433
4,axo29.D12A,-3.6909223,0.00028170504534557044,-4.0876727
4,axo15.E2B,-2.6058633,0.0002644697086239875,-4.10354
4,axo13.H11B,-4.6966267,0.0002644697086239875,-4.1037245
4,axo21.D12B,-3.863181,0.0002629597709010431,-4.1098866
4,axo29.D3B,-3.70964,0.0002601360515314677,-4.1136503
4,axo3.E4,-2.9993029,0.0002310208735713324,-4.1435027
4,axo7.H7B,-4.617319,0.000230418816276287,-4.145385
4,axo10.F11,-2.2017422,0.00022152811211702172,-4.15568
4,axo21.H3B,-2.407856,0.00021840516178501515,-4.1602187
4,axo29.C12A,-5.2513857,0.0002149114282478433,-4.1657906
4,axo3.A5,-2.8378713,0.0002149114282478433,-4.1658645
4,axo15.A6B,-4.7901945,0.0002149114282478433,-4.1688905
4,axo21.E4B,-3.7367463,0.00021358843247990626,-4.1718793
4,axo2.G10,-2.3102367,0.00020319549444013972,-4.185901
4,axo15.C6B,-2.174036,0.00020319549444013972,-4.186049
4,axo16.H6B,-2.359399,0.00020319549444013972,-4.1869717
4,axo29.H1A,-5.9256186,0.00020319549444013972,-4.189628
4,axo10.B6B,-3.1370692,0.000193525518272279,-4.203761
4,axo11.A11B,-2.3453126,0.00019168651164276247,-4.2073035
4,axo13.F6B,-4.9087033,0.00016387733968353544,-4.2439823
4,axo14.G5A,-1.8136222,0.00014851463884356605,-4.2687793
4,axo15.G3,-2.1662228,0.00014799700322457314,-4.2709565
4,axo10.A4B,-2.6585534,0.0001415362519114309,-4.2865653
4,axo13.B3B,-30.484604,0.0001302575782626887,-4.306418
4,axo13.D4B,-3.4981747,0.0001302575782626887,-4.3068604
4,axo10.E3B,-2.9746597,0.00012654671358837286,-4.317156
4,axo3.H8,-2.0540783,0.0001223775512394504,-4.326012
4,axo3.F10,-2.0761054,0.00010398860876134507,-4.3676724
4,axo15.B12,-3.9509585,0.00010398860876134507,-4.368484
4,axo13.C8B,-3.7960591,0.00010216981517340819,-4.374536
4,axo4.H8,-4.182746,9.848675038695774e-05,-4.384056
4,axo13.G5B,-4.674692,9.570968774914527e-05,-4.391805
4,axo21.F4B,-3.86649,9.263137160980756e-05,-4.4004397
4,axo21.A1B,-4.130632,9.130035001994147e-05,-4.4066763
4,axo13.B4B,-4.264802,8.996290818729315e-05,-4.411436
4,axo13.E4B,-2.670839,8.540636379999062e-05,-4.4258275
4,axo8.G12A,-2.4062712,8.363006379730324e-05,-4.431953
4,axo29.E8B,-4.5698705,7.470969263883248e-05,-4.459407
4,axo21.D2B,-4.558768,7.371206143211944e-05,-4.4655323
4,axo12.D7,-10.224603,7.336268066613909e-05,-4.468189
4,axo13.H3B,-4.171491,6.937887609659075e-05,-4.481768
4,axo14.D12A,-2.600332,6.895987668872102e-05,-4.48472
4,axo29.E6A,-5.0194645,6.483136360956866e-05,-4.501215
4,axo14.H1A,-2.8753278,6.337084654247064e-05,-4.509001
4,axo13.F9B,-30.571821,5.064885961258688e-05,-4.56472
4,axo10.D6B,-3.8190684,5.0546839838107424e-05,-4.5675983
4,axo29.C9A,-3.512736,4.8550849471386205e-05,-4.57782
4,axo13.D2B,-4.8411956,4.2870100853184055e-05,-4.608078
4,axo3.E12,-2.8843782,3.440084249587189e-05,-4.6639824
4,axo15.F10B,-3.5497978,3.440084249587189e-05,-4.66472
4,axo3.H10,-4.387159,3.4137336725123826e-05,-4.6693697
4,axo3.G1,-2.6848824,3.001036158087753e-05,-4.699628
4,axo15.G1B,-3.6814623,2.8987734131581307e-05,-4.710624
4,axo29.B7A,-3.7327578,2.8987734131581307e-05,-4.7111406
4,axo21.F1B,-3.233518,2.7623542034656108e-05,-4.724425
4,axo15.B9B,-2.8822455,2.7623542034656108e-05,-4.725089
4,axo13.C7B,-5.825497,2.7623542034656108e-05,-4.730403
4,axo13.G6B,-30.734337,2.7623542034656108e-05,-4.7321
4,axo13.H12B,-30.754313,2.5012777961825684e-05,-4.754831
4,axo13.A11B,-5.2428517,2.4881528242981496e-05,-4.7601447
4,axo29.A1A,-4.4012895,2.038080323192368e-05,-4.8072295
4,axo29.B9A,-4.053357,1.904875031735313e-05,-4.8269343
4,axo29.H2A,-3.1913853,1.904875031735313e-05,-4.8272295
4,axo16.B11B,-2.6083724,1.8803350021811634e-05,-4.835421
4,axo10.C8B,-5.1682024,1.8694797185291213e-05,-4.839923
4,axo3.A9,-3.137252,1.8017497780662563e-05,-4.8496647
4,axo2.G6,-2.4246092,1.6716543196926255e-05,-4.871141
4,axo29.A9A,-30.671185,1.4618609993772529e-05,-4.9056797
4,axo13.B2B,-30.811245,1.1500109376221877e-05,-4.9656057
4,axo3.G12,-2.3006647,9.306724394312862e-06,-5.023244
4,axo3.C4,-2.5389159,8.964646653787706e-06,-5.0333548
4,axo3.A12,-2.6422517,8.653010342164686e-06,-5.0450153
4,axo10.E11,-2.266798,8.258362311606531e-06,-5.0611777
4,axo10.C8,-2.8784437,6.136718889042195e-06,-5.1404395
4,axo2.H5,-3.4924533,5.947994347077891e-06,-5.149812
4,axo2.G3,-2.7307181,3.496386015165893e-06,-5.2630224
4,axo15.E1B,-3.5193195,3.0462826309094705e-06,-5.2920628
4,axo29.C1A,-4.9244013,2.781983721157918e-06,-5.312469
4,axo3.H9,-3.4638953,2.7267727991671645e-06,-5.3200336
4,axo14.F2A,-3.027669,2.4350885534357147e-06,-5.3486314
4,axo21.D4B,-3.3500814,2.282324840790411e-06,-5.364498
4,axo2.B3,-3.8831635,2.2772253959122743e-06,-5.369148
4,axo2.H6,-5.110003,7.982171561760537e-07,-5.5820627
4,axo11.B5B,-3.5671775,7.819393532615763e-07,-5.6003284
4,axo10.D5,-2.5989146,6.163741843301068e-07,-5.658225
4,axo2.D9,-3.1177695,4.0820929804177203e-07,-5.7594056
4,axo10.A6,-3.6433425,2.296475567956009e-08,-6.328889
5,axo21.D7B,4.6859975,0.00133541282413804,4.4118695
5,axo21.C2A,5.957523,0.00133541282413804,4.3902454
5,axo8.C12A,4.3245187,0.00133541282413804,4.388166
5,axo21.D8A,5.434953,0.00133541282413804,4.3867106
5,axo21.F8B,5.2411203,0.00133541282413804,4.369245
5,axo21.F3B,5.7621384,0.00133541282413804,4.3671656
5,axo21.B1A,5.1794634,0.00133541282413804,4.3509474
5,axo21.D12A,6.0637245,0.00133541282413804,4.341175
5,axo21.H10B,5.2799745,0.00133541282413804,4.328076
5,axo21.H12A,5.412811,0.00133541282413804,4.3278675
5,axo21.C4A,4.7901635,0.00133541282413804,4.323501
5,axo21.H3B,4.4298315,0.00133541282413804,4.318719
5,axo21.F9A,5.565259,0.00133541282413804,4.2864904
5,axo21.D1A,5.735921,0.00133541282413804,4.2806687
5,axo21.B1B,5.3334465,0.00133541282413804,4.2661138
5,axo21.B6A,5.667,0.00133541282413804,4.260292
5,axo21.C4B,5.402642,0.00133541282413804,4.257173
5,axo21.E11B,4.2694335,0.00133541282413804,4.252391
5,axo21.H10A,5.4700956,0.00133541282413804,4.242826
5,axo21.D11B,4.6896014,0.00133541282413804,4.23243
5,axo21.A8B,5.344626,0.00133541282413804,4.2307663
5,axo21.D1B,4.9744062,0.00133541282413804,4.221202
5,axo21.E6B,4.856544,0.0013403197906365393,4.207687
5,axo21.G6B,5.0797973,0.0013403197906365393,4.198122
5,axo21.H3A,5.310585,0.0013403197906365393,4.1914687
5,axo21.B4B,5.4949794,0.0013512296685799332,4.1771216
5,axo21.D4B,4.0716667,0.0013512296685799332,4.1721315
5,axo21.H8B,4.782418,0.0015084311538448095,4.1386557
5,axo21.H8A,4.497865,0.0016616875563714225,4.1082983
5,axo21.D10B,4.1183033,0.0017546598154688931,4.0850105
5,axo21.A11A,4.9712505,0.0017546598154688931,4.0739903
5,axo21.G1A,5.073921,0.0017546598154688931,4.066921
5,axo21.C2B,4.985345,0.0017546598154688931,4.0656734
5,axo21.A5A,4.9006147,0.001817390450752765,4.050495
5,axo21.D2A,5.0137777,0.0019003308023212687,4.033237
5,axo21.A11B,4.501642,0.0019429282919083354,4.0207615
5,axo21.B3B,4.8745203,0.0019429282919083354,4.01494
5,axo21.D2B,4.2780876,0.0021325658345563866,3.9814637
5,axo21.A2A,4.667829,0.0021325658345563866,3.980424
5,axo21.B12A,4.800728,0.0021475871571508356,3.9727309
5,axo21.F4B,4.392073,0.0025452217417765727,3.9261556
5,axo21.F5B,4.349003,0.0030353047088765334,3.8777087
5,axo21.B8A,4.55029,0.0031713285419429603,3.8612826
5,axo21.D9A,4.403591,0.003409582940063794,3.8330047
5,axo21.D12B,4.1209984,0.003409582940063794,3.8303018
5,axo21.F9B,4.4728394,0.003409582940063794,3.8269749
5,axo21.B5B,4.3905864,0.0037015544358556056,3.7945385
5,axo21.H4A,3.9471757,0.0037015544358556056,3.792875
5,axo21.B5A,4.453468,0.0037015544358556056,3.787053
5,axo21.A4B,4.1118565,0.0037015544358556056,3.7860136
5,axo21.A1A,4.403539,0.003971046062808398,3.7635577
5,axo21.C8B,4.1765676,0.004464810667590548,3.729042
5,axo21.D11A,4.100957,0.004464810667590548,3.7244675
5,axo21.H6B,5.2379932,0.00544356264838115,3.6682236
5,axo21.H5A,5.4007945,0.00544356264838115,3.664689
5,axo21.H1B,5.3198495,0.005592568344982331,3.6531491
5,axo3.H8,2.805915,0.006617912651538841,3.6051183
5,axo21.A6B,4.966318,0.007591984831651477,3.5602064
5,axo21.C1A,3.90375,0.007591984831651477,3.55584
5,axo21.A1B,4.1804004,0.008136753359065023,3.5314085
5,axo29.A9A,4.481484,0.008136753359065023,3.5289135
5,axo21.G10A,4.6532307,0.008285036912454899,3.5184133
5,axo21.D3A,4.744695,0.008854525765701152,3.482754
5,axo21.G5B,4.820362,0.008854525765701152,3.4824421
5,axo21.F6B,3.972873,0.008854525765701152,3.4818184
5,axo21.E5B,3.6824193,0.008904027798093057,3.4764123
5,axo21.H2A,4.4491777,0.00898669664876087,3.4700706
5,axo21.C11B,4.4688163,0.00906390758538389,3.4614418
5,axo21.C8A,3.4931042,0.00906390758538389,3.460194
5,axo21.F10B,4.0366144,0.009102305041587221,3.4551
5,axo21.B7A,4.845556,0.009102305041587221,3.4516692
5,axo2.A10,2.7513332,0.009197868810547351,3.4452236
5,axo15.A11,4.0518713,0.009804420081528886,3.424327
5,axo21.G7B,4.6656413,0.009978246045311591,3.4152822
5,axo21.A3A,4.677217,0.009978246045311591,3.412475
5,axo21.G2B,4.437315,0.010068350956553071,3.40499
5,axo21.E12A,4.7207065,0.010068350956553071,3.4013512
5,axo21.G5A,4.520242,0.010068350956553071,3.3972967
5,axo3.E11,2.9545448,0.010200906563954098,3.387836
5,axo21.A9B,4.384428,0.010200906563954098,3.3861725
5,axo2.D6,3.0334177,0.010693337125156549,3.3699543
5,axo21.C1B,4.515265,0.010929462875717019,3.3607018
5,axo21.C9A,4.423945,0.01139578789601439,3.345939
5,axo2.D8,3.5655613,0.011500849710121913,3.3402212
5,axo21.D8B,3.4699507,0.012898092953985968,3.3050816
5,axo21.G9B,4.108042,0.01470113522044702,3.2619371
5,axo21.D4A,4.1270843,0.015166718277899161,3.2499814
5,axo21.C11A,3.1113634,0.015943560361665256,3.2296047
5,axo21.B11B,3.9418788,0.016171041817415546,3.2195203
5,axo21.D7A,4.0716043,0.016397539599703338,3.2125547
5,axo3.D2,3.2746515,0.018289732209962533,3.1753361
5,axo21.G12B,2.3849368,0.018850874867996102,3.1576624
5,axo21.C6B,3.7388701,0.02149883442487048,3.0906065
5,axo21.E9A,3.6957595,0.02149883442487048,3.088839
5,axo21.C7A,3.7374082,0.021831746184150843,3.0764675
5,axo21.A12A,3.6516492,0.02378778793510675,3.0409122
5,axo21.C3B,3.4627597,0.02451767082007765,3.0232384
5,axo21.G8A,3.6164584,0.02453764780690021,3.0168967
5,axo2.A12,3.293566,0.02480187228546616,3.0060847
5,axo21.G4B,3.7524347,0.02509111049993285,2.9978716
5,axo21.F8A,3.506388,0.027772506346186353,2.9598212
5,axo21.D5B,3.4491973,0.030469419861376832,2.9288402
5,axo21.H4B,3.315647,0.03099249837126027,2.9189637
5,axo21.D5A,3.4050112,0.031778020794439775,2.9088793
5,axo3.H3,3.0816133,0.032766213468669585,2.8970275
5,axo2.D12,3.3617651,0.03936169442763601,2.8082433
5,axo21.A12B,2.756118,0.042079764335017165,2.7824607
5,axo8.E6B,2.41065,0.04332930791701696,2.7626038
5,axo2.D10,2.9419978,0.046752823313240315,2.733598
5,axo21.A3B,2.842937,0.046848811768627915,2.730895
5,axo3.C11,2.0539036,0.04815366171752839,2.7177958
5,axo21.G3B,3.5609853,0.05326702910927693,2.6742353
5,axo21.G8B,3.5944295,0.054715938643880246,2.6592646
5,axo21.F5A,3.6110165,0.05746820948106757,2.6311948
5,axo21.F1A,2.5126615,0.058171048510662134,2.625165
5,axo21.E8A,2.9890063,0.05863023780025875,2.618719
5,axo21.C3A,3.529964,0.059096392046337196,2.6141448
5,axo21.E10A,3.3251765,0.060478064549293165,2.6043723
5,axo29.C2B,3.7190778,0.06129207583220925,2.5979266
5,axo21.C6A,3.4911182,0.06649010407694246,2.5515592
5,axo3.D4,2.3097813,0.06666425261220695,2.5476086
5,axo3.G1,2.472592,0.06787721078083093,2.535237
5,axo21.F7B,3.2853444,0.06978400783125643,2.5153801
5,axo3.D6,1.978598,0.07215423350037066,2.4967709
5,axo21.B8B,3.1567955,0.07407597352152584,2.4713
5,axo21.F12B,2.5934951,0.07756441536953038,2.4494677
5,axo21.F4A,3.1621761,0.08173913176359252,2.4022686
5,axo29.D12A,3.0926764,0.08893653570829925,2.362139
5,axo8.B9A,2.845815,0.09293778189685716,2.3307421
5,axo21.E7B,2.964518,0.09989042603782801,2.2879095
5,axo8.F7A,2.0872517,0.10359618297503254,2.2687805
5,axo9.D12A,1.7209945,0.10637027349067116,2.2540176
5,axo21.B6B,2.5344477,0.10943563919223952,2.2319775
5,axo9.C9A,2.0287576,0.11281164227868272,2.2160711
5,axo21.E4A,2.153937,0.11569337869251707,2.2032838
5,axo21.B2A,2.581951,0.12155921256849478,2.17459
5,axo21.E12B,2.591956,0.12287892481620508,2.168976
5,axo8.D10A,2.0883346,0.1229537261733747,2.1660652
5,axo4.B5,2.3900998,0.12961234948890996,2.1344604
5,axo21.H7B,3.7183237,0.13073443359547687,2.127079
5,axo21.A7B,2.6167114,0.13108938554726998,2.124688
5,axo9.C8A,1.8375125,0.1333066813814855,2.1153312
5,axo8.B1A,2.137107,0.1333946533253685,2.113772
5,axo8.A12B,2.1955383,0.13434407071346885,2.1096134
5,axo8.A4B,2.0433884,0.13892429303787016,2.088301
5,axo4.H8,2.4752326,0.1389583287588499,2.0868454
5,axo21.E4B,1.9876652,0.1389583287588499,2.0802958
5,axo21.E9B,3.416304,0.1439416372832956,2.0561764
5,axo10.C2B,2.3175468,0.15057791941347623,2.0313294
5,axo21.G1B,2.1218996,0.15103674489877048,2.028834
5,axo9.G10A,2.0038893,0.15636189653221355,2.0009723
5,axo3.E4,2.1061757,0.15785186593534656,1.995774
5,axo21.E2A,2.0949337,0.16689819657742036,1.9637535
5,axo3.A12,1.6758476,0.16779977510192762,1.9593871
5,axo21.B9A,3.1979094,0.16838106788199866,1.9552286
5,axo9.F11A,1.5086509,0.17347864225735404,1.94005
5,axo21.E11A,3.0204005,0.17933190578840363,1.9197773
5,axo9.A1A,1.5279936,0.17933190578840363,1.9186336
5,axo3.C12,1.4337789,0.1850765881913991,1.9013758
5,axo9.E12A,1.5357902,0.1862233461696651,1.8936826
5,axo21.B4A,2.8233607,0.19164444686671112,1.8755931
5,axo8.A1B,1.5180495,0.20146490810443882,1.8464835
5,axo21.B12B,2.6952097,0.20230693683898537,1.8430526
5,axo3.A3,1.3397508,0.20898189274651932,1.8190372
5,axo9.H4A,1.2535185,0.2114053295698505,1.8061459
5,axo2.H5,1.8073978,0.22621128827947154,1.7541645
5,axo8.C6A,1.6082418,0.23159337270371078,1.7360749
5,axo21.C12B,1.9411124,0.2346559895276498,1.7238073
5,axo8.H1B,1.0491837,0.2346559895276498,1.7233914
5,axo8.F5A,1.7284985,0.2365352521300317,1.7121634
5,axo9.H6A,1.1935749,0.23734970267589592,1.7084209
5,axo9.A3A,1.9939178,0.24228079967813076,1.6965691
5,axo21.G11A,2.4326415,0.24788283401863026,1.6835737
5,axo9.F2A,1.3949561,0.25094540335388077,1.6749448
5,axo8.F12A,2.4394946,0.25102547608807496,1.6724497
5,axo9.G8A,1.2342695,0.25231806984201804,1.6635089
5,axo21.F2B,2.2027848,0.25428334331593927,1.6556077
5,axo8.C11A,1.5584743,0.2557157802732251,1.6502017
5,axo21.H6A,1.9850804,0.26320140413706133,1.6277456
5,axo15.C2,1.9495995,0.26320140413706133,1.626706
5,axo8.G3B,1.3532578,0.26845802546759906,1.61579
5,axo9.G7A,1.1638234,0.2695643822856974,1.6106958
5,axo9.D5A,1.5835794,0.26996875715926993,1.6042501
5,axo15.A6B,2.121778,0.26996875715926993,1.6035223
5,axo3.C7,1.3973504,0.26996875715926993,1.6031065
5,axo8.C1A,1.5187327,0.27485374260022266,1.5799228
5,axo21.B9B,2.0163944,0.27718503380072695,1.5669274
5,axo2.B7,1.9971541,0.28022894901349765,1.5584025
5,axo8.F10A,1.6671199,0.28652518469533145,1.5356346
5,axo9.F10A,1.2750988,0.28960065444079813,1.5223274
5,axo9.F5A,1.1346495,0.28960065444079813,1.5204561
5,axo21.A4A,1.7652152,0.29265985103861364,1.5028863
5,axo9.H10A,1.128602,0.30393576913193987,1.4684746
5,axo9.C4A,0.8497367,0.30393576913193987,1.4670192
5,axo3.H10,1.571675,0.306225944550166,1.4584942
5,axo21.E6A,1.7897282,0.3073637381034779,1.4513208
5,axo8.E4A,1.9473444,0.31366817419896864,1.439677
5,axo2.G4,1.4397832,0.31535615402170347,1.4349986
5,axo21.F1B,1.7513485,0.3170643107009201,1.4293847
5,axo2.G6,1.2263848,0.3181319685522091,1.4266816
5,axo8.G10A,1.8239286,0.3223855989196735,1.4106714
5,axo14.E2A,1.7499279,0.3223855989196735,1.4100475
5,axo8.G7A,1.3644054,0.3223855989196735,1.4088
5,axo8.F2A,1.3001276,0.3234062849872286,1.403394
5,axo4.H12,1.8873911,0.3253291735019049,1.3984038
5,axo8.E6A,1.7510616,0.3382760848846409,1.3637841
5,axo8.F3B,1.7860421,0.3383352523183689,1.3619127
5,axo2.C3,1.7614374,0.34099643802302493,1.3531799
5,axo14.F5A,1.0653871,0.3409984849825144,1.3518283
5,axo3.E10,1.0281181,0.3440440501251026,1.3412242
5,axo2.B1,1.6611929,0.3471575774560298,1.3301002
5,axo3.B4,0.79100525,0.34935621190942506,1.3239664
5,axo9.D4A,1.3343624,0.3580561526723741,1.302342
5,axo9.D7A,0.998695,0.36067907942416033,1.2973518
5,axo8.A3A,0.8905413,0.3635135720418706,1.2894508
5,axo3.D11,1.0388888,0.36663238992880937,1.2811337
5,axo4.H6,1.6309942,0.3687764518319124,1.2731285
5,axo8.B5B,1.155796,0.3687764518319124,1.271777
5,axo8.D7B,0.9966428,0.3703356959528964,1.2672026
5,axo8.B10B,1.3569239,0.37420805528754747,1.2590935
5,axo9.E3A,0.7432722,0.37676407515721544,1.2543113
5,axo3.H5,0.8381698,0.37751539933469686,1.2482815
5,axo9.F1A,0.664284,0.37751539933469686,1.2457863
5,axo21.H11B,1.68794,0.38012610978602346,1.2389247
5,axo3.H9,1.1660583,0.40032032212963015,1.1893345
5,axo4.D11,1.3643572,0.4023946879612935,1.182681
5,axo8.G11B,1.3965685,0.40400134933334664,1.1793541
5,axo7.D4B,2.2231627,0.406016097059812,1.1721807
5,axo9.E2A,1.0754844,0.4107264742691688,1.1618884
5,axo3.G9,0.6702492,0.42188166042494935,1.1360016
5,axo14.C4A,1.3580695,0.42633841833078595,1.1274767
5,axo4.F1,1.2443885,0.42749044974635464,1.1222786
5,axo8.A8B,1.2876787,0.42749044974635464,1.1206151
5,axo8.C1B,0.8046454,0.4306773438108691,1.1114664
5,axo9.G4A,1.1030421,0.43737129166814875,1.0979512
5,axo9.F7A,0.641645,0.44309225298268345,1.0852678
5,axo2.G3,0.6308841,0.44620662877650286,1.0754952
5,axo11.C3B,1.347655,0.45141600235995516,1.0611484
5,axo3.A7,1.0234252,0.4523101728090114,1.0590692
5,axo29.B2B,1.8057336,0.45293399071251966,1.0549107
5,axo8.E11A,1.1181755,0.4539874270308352,1.0517918
5,axo8.G11A,1.1314697,0.46824525461280786,1.0243455
5,axo8.B7A,0.8072598,0.46824525461280786,1.0237218
5,axo9.H9A,0.62398195,0.4685547655342733,1.0224742
5,axo2.A7,0.89621645,0.47210441423625665,1.0167563
5,axo9.E10A,1.1139212,0.47378332907294535,1.0128057
5,axo3.D8,0.92074454,0.47585275423183426,1.0075036
5,axo29.G2B,0.94849527,0.47625009252457057,1.0058402
5,axo20.C1B,2.9783995,0.4800728128676897,0.9976271
5,axo21.F6A,0.9224619,0.49247394773914693,0.9740276
5,axo8.C9A,0.9620884,0.49341610617726184,0.97049284
5,axo8.B7B,0.7170608,0.49405156784735377,0.9679977
5,axo8.E10A,0.84972614,0.49472245153642763,0.9639432
5,axo8.D4A,1.5673294,0.5001573106115463,0.953235
5,axo20.E3A,2.866555,0.5059639234411817,0.94086343
5,axo9.G2A,0.8032424,0.5059639234411817,0.9405515
5,axo9.D11A,0.97786254,0.5269637701743521,0.90686756
5,axo3.H2,0.9763446,0.5269637701743521,0.9042685
5,axo4.H10,1.2373205,0.5574526645568241,0.85530204
5,axo15.G1B,0.7811069,0.5583502138132584,0.85259897
5,axo9.H1A,0.54116744,0.5583502138132584,0.852495
5,axo29.B6A,1.2752303,0.569745495460965,0.82723206
5,axo4.F4,1.1807332,0.5700763745316493,0.8243211
5,axo20.C7B,2.2973776,0.5738684187689143,0.81662786
5,axo16.E4,0.78257793,0.5738684187689143,0.8153803
5,axo8.C6B,0.90287113,0.5738684187689143,0.8149645
5,axo9.H7A,0.8325485,0.5763533238083132,0.80695933
5,axo12.D2,2.0194287,0.5932541537738918,0.7753546
5,axo8.D11A,0.78215146,0.5932541537738918,0.77421105
5,axo20.F8A,1.9592469,0.5974204086277796,0.7645425
5,axo8.D5A,0.9154318,0.5974204086277796,0.7642306
5,axo3.F10,0.72088313,0.6005920112186621,0.75840867
5,axo2.C2,1.2228178,0.6005920112186621,0.7569532
5,axo3.B9,0.7800856,0.6037656708381942,0.75050753
5,axo21.A10A,1.0624368,0.6069433457231412,0.7440618
5,axo9.G5A,0.86285895,0.6092860471502874,0.74031913
5,axo14.H9A,0.9943624,0.6274335567908966,0.70039743
5,axo2.E11,0.98366153,0.6296244581861151,0.6958231
5,axo8.B8A,0.74719477,0.637641420096881,0.68168414
5,axo9.E11A,0.38516918,0.6446702126537306,0.6700403
5,axo8.F11A,0.8878353,0.6487441998901269,0.6633867
5,axo9.E5A,0.72312355,0.6500870801786359,0.6583965
5,axo29.H1B,0.9382948,0.6698449545284979,0.6251284
5,axo6.C6B,0.70147234,0.6793797440743674,0.60599923
5,axo8.H4B,0.65215343,0.6804013475485182,0.6039199
5,axo8.B4A,0.58277196,0.6874676185660485,0.58998895
5,axo8.G3A,0.41757637,0.6941175826681385,0.5765777
5,axo9.C11A,0.20277767,0.6972398124866934,0.5683647
5,axo2.E4,0.48048893,0.7066256913772827,0.5545376
5,axo8.D3B,0.2560377,0.7108690111108992,0.545181
5,axo8.E9B,0.70778006,0.7138477134375493,0.5390472
5,axo8.E10B,0.90175307,0.7229790514636811,0.52490824
5,axo3.G10,0.5205294,0.7229790514636811,0.5247003
5,axo3.A11,0.4470437,0.725022281383511,0.5213735
5,axo6.F11B,1.2528932,0.7251723960710112,0.51950216
5,axo2.E7,0.17908108,0.7303539018549873,0.511601
5,axo8.D7A,0.693209,0.7327722737483111,0.50785834
5,axo2.G1,0.4496831,0.7349611500238018,0.50266016
5,axo8.E8B,0.5028324,0.7391914844447532,0.4914322
5,axo3.F3,0.43186858,0.7421313669390034,0.4838429
5,axo9.D10A,0.23600166,0.7467526088678949,0.47313473
5,axo2.G8,1.258178,0.7484075552122751,0.46845642
5,axo29.G6A,0.59031224,0.7491618405725937,0.46668905
5,axo29.F5B,1.34409,0.7519157876362513,0.4601394
5,axo16.A8,0.5640262,0.7613218966993666,0.44173798
5,axo8.F2B,0.5328267,0.7617795155495573,0.4394508
5,axo21.D9B,0.34315163,0.7634209523283003,0.43570814
5,axo14.E8A,0.6462764,0.7634209523283003,0.4348764
5,axo29.G11B,1.0433123,0.7701498772934069,0.42333657
5,axo3.C4,0.2609249,0.7706888252822922,0.4209454
5,axo29.C4B,0.9495683,0.7778326042831083,0.4050391
5,axo2.E1,1.0201713,0.7786631073167419,0.40264794
5,axo7.D6B,0.36501566,0.7858821238464656,0.3904843
5,axo3.C1,-0.04979643,0.786323414411168,0.388509
5,axo12.B1,1.0260094,0.7870245560557779,0.38559806
5,axo3.D7,0.48717278,0.787851145224221,0.38372672
5,axo3.F4,0.3436664,0.7894632463599432,0.38019198
5,axo3.D1,0.43069035,0.7894632463599432,0.37956822
5,axo29.A6A,0.29653543,0.7894632463599432,0.37915236
5,axo29.A1A,0.13558896,0.7929708182086116,0.3740582
5,axo8.B3A,0.57093877,0.8038821636580016,0.35565677
5,axo4.H1,0.3259572,0.8067828838111621,0.35129032
5,axo16.F3,0.44461828,0.807948638786732,0.34900314
5,axo29.G3A,0.88981277,0.8106620187086382,0.34307727
5,axo9.F9A,0.14606458,0.8180125399526437,0.32831454
5,axo9.E7A,-0.063895844,0.8189982808872779,0.3259234
5,axo3.H7,0.83194774,0.8200699151792173,0.32374018
5,axo14.D12A,0.023945963,0.8211408857687325,0.32155696
5,axo29.D3B,0.23347078,0.8269718862104471,0.3136558
5,axo6.B8B,0.89006096,0.8282137112509027,0.31126463
5,axo2.H1,0.63055944,0.8429261417069815,0.2881849
5,axo3.A5,0.2857509,0.8479974226831491,0.28028372
5,axo2.C4,0.78154343,0.8484668747919704,0.27830845
5,axo4.H7,0.26013356,0.8484668747919704,0.2778926
5,axo9.C2A,-0.09508408,0.8510149335878971,0.27300632
5,axo8.C2B,0.3170118,0.8518608050568129,0.2691597
5,axo3.F9,0.28502142,0.8518608050568129,0.26895177
5,axo14.H12A,0.2246201,0.8678495981138005,0.24400072
5,axo16.A3B,0.09955805,0.8678495981138005,0.24358486
5,axo8.E12B,0.122893564,0.8715018954962874,0.23641142
5,axo11.B4B,0.3926292,0.8720259124500827,0.23485199
5,axo8.F4B,0.17947938,0.8726463186466291,0.23131725
5,axo6.A12B,0.58898324,0.8785214388386744,0.22175267
5,axo8.C5A,0.54203814,0.8835217910734714,0.21260394
5,axo9.F6A,-0.11078506,0.8846403244715636,0.21031676
5,axo8.A1A,-0.00906368,0.8867909948971926,0.20678203
5,axo8.E5B,-0.029911457,0.8877348529922309,0.20470276
5,axo29.A5B,0.399253,0.8906468375335032,0.19919275
5,axo14.C11A,0.59406507,0.8906468375335032,0.19898482
5,axo14.E9A,0.32311076,0.8945017072461253,0.19181138
5,axo9.C12A,0.11759514,0.8962978236280075,0.1886925
5,axo9.C5A,-0.27784958,0.9003254158668486,0.18287058
5,axo6.F2B,0.4688226,0.9007215462351345,0.18131113
5,axo15.D8,0.12648796,0.9101272439206941,0.16623653
5,axo2.F1,0.11031538,0.9104356372746218,0.16394936
5,axo29.E4A,0.5603507,0.9160506922370522,0.15594421
5,axo9.H5A,0.21358682,0.9160506922370522,0.15521647
5,axo16.G1B,0.16001706,0.9168447860431767,0.15001833
5,axo9.H8A,0.14143938,0.9306614315996773,0.12777029
5,axo9.A7A,0.14753735,0.9313910913709723,0.12402763
5,axo12.B3,0.30125922,0.9313910913709723,0.12392367
5,axo20.C8B,0.58163506,0.9313910913709723,0.122988
5,axo9.D6A,-0.03954379,0.9337922655833656,0.118933454
5,axo29.C1B,0.14315295,0.9337922655833656,0.11810175
5,axo9.A8A,-0.22103935,0.9447290723329098,0.100428075
5,axo9.C10A,0.087385766,0.9447290723329098,0.098764665
5,axo8.F3A,-0.1664911,0.9447290723329098,0.097829
5,axo8.D3A,0.14321916,0.9595634212737251,0.07256604
5,axo29.G7B,0.11772299,0.9595634212737251,0.07235812
5,axo9.F12A,0.07875313,0.9673973303696567,0.05894691
5,axo20.G6A,0.38897818,0.9736893406697344,0.04813478
5,axo9.E1A,-0.27823767,0.978156304925822,0.041585125
5,axo12.B7,0.15245475,0.9870847850130483,0.02890166
5,axo29.H4A,0.17701167,0.9927334947633882,0.015282533
5,axo2.A4,-0.03657915,0.9958351057975274,0.008836838
5,axo29.G4A,-0.45230824,0.996925937707683,0.0056139915
5,axo14.E4A,0.19865844,0.996925937707683,0.004886252
5,axo9.A12A,-0.16740273,0.9996681987315484,0.00041585125
5,axo8.H7A,0.08831927,0.9958351057975274,-0.008317024
5,axo3.E3,-0.041688662,0.9944075729133227,-0.012163648
5,axo8.C12B,-0.045188054,0.9900557309654892,-0.019648971
5,axo29.B9A,-0.09244396,0.9898782620615157,-0.020896524
5,axo8.E3B,-0.22283675,0.9885308153501896,-0.023599558
5,axo2.G10,0.16666663,0.9885190998888986,-0.024639186
5,axo29.G1A,0.08582895,0.9870847850130483,-0.02744618
5,axo9.H3A,-0.16462071,0.9870847850130483,-0.028277883
5,axo3.C8,-0.117944084,0.9736893406697344,-0.048342705
5,axo15.G5,0.5679996,0.9689375980567982,-0.056035955
5,axo2.E6,-0.71749616,0.9670325219821836,-0.060402393
5,axo8.B5A,-0.27638766,0.9632161086443523,-0.06612035
5,axo8.C2A,-0.3259868,0.9595634212737251,-0.07163037
5,axo9.A11A,-0.17193693,0.9595634212737251,-0.07412548
5,axo29.E5B,-1.1689395,0.9590884809995255,-0.07620474
5,axo29.H11B,-1.4318291,0.9563496487511866,-0.080571175
5,axo29.D4B,0.5774282,0.9563496487511866,-0.08119495
5,axo8.C4B,-0.08272439,0.9500161382312893,-0.090343684
5,axo2.A1,-0.3919849,0.9447290723329098,-0.09803693
5,axo9.D2A,-0.06624615,0.9447290723329098,-0.098764665
5,axo14.F4A,-0.32235548,0.9447290723329098,-0.09886863
5,axo29.F12A,-1.0126113,0.9447290723329098,-0.10115581
5,axo4.H11,-0.10794911,0.9313910913709723,-0.12485933
5,axo15.C6,-0.036648106,0.9306614315996773,-0.12808219
5,axo9.D9A,-0.31775808,0.9190388930992188,-0.14388452
5,axo16.C3,-0.20643468,0.9168447860431767,-0.14752322
5,axo9.A6A,0.056317583,0.9168447860431767,-0.148147
5,axo15.D5,-0.17318486,0.9168447860431767,-0.14835493
5,axo9.C1A,-0.21390383,0.9168447860431767,-0.14918663
5,axo13.G3B,-0.62830085,0.9168447860431767,-0.14918663
5,axo3.C6,-0.22866492,0.9162865277814262,-0.15396892
5,axo10.B6B,-0.20651035,0.9104356372746218,-0.16394936
5,axo8.A10B,-0.3122332,0.9031960000637463,-0.17559318
5,axo23.G10B,-0.28366956,0.9007215462351345,-0.17954376
5,axo29.C9A,-0.4171462,0.9007215462351345,-0.17995963
5,axo29.F4A,-0.07530416,0.8920165446431605,-0.19576196
5,axo29.B7A,-0.04384532,0.8906468375335032,-0.19836104
5,axo15.A2,0.18763795,0.8835217910734714,-0.21301979
5,axo6.D4B,0.033509105,0.8835217910734714,-0.21343565
5,axo2.H12,-0.21233802,0.8785214388386744,-0.22144078
5,axo3.E2,-0.15612984,0.874203663224007,-0.22851025
5,axo14.C8A,-0.35061035,0.8726463186466291,-0.23131725
5,axo20.B1A,-27.36129,0.8726463186466291,-0.23287669
5,axo14.A3A,-0.46650216,0.8715018954962874,-0.23693123
5,axo16.E9,-0.3243263,0.8715018954962874,-0.23776294
5,axo9.G12A,-0.41763324,0.8677484332915886,-0.24556015
5,axo15.F10,-0.4512724,0.8661809910114473,-0.24836715
5,axo6.E3B,-0.674002,0.8659129001897442,-0.2496147
5,axo4.G9,-0.32836026,0.8565466319709697,-0.26177835
5,axo16.B2,-0.5050033,0.8518608050568129,-0.268328
5,axo8.F1A,-0.26296365,0.8516378993899234,-0.27134293
5,axo4.F2,-0.47465885,0.8510149335878971,-0.2731103
5,axo3.B7,-0.35845882,0.8479974226831491,-0.28111544
5,axo9.H11A,-0.19491665,0.841343443153746,-0.2909919
5,axo2.D4,-0.4497858,0.841148406098499,-0.29213548
5,axo20.H3B,-27.44273,0.8403453917789424,-0.29400682
5,axo7.E4B,-0.3133474,0.8332074158981875,-0.30346742
5,axo8.G12B,-0.41417056,0.8311874864525676,-0.30679426
5,axo29.F10B,-0.10211623,0.8180125399526437,-0.32800266
5,axo10.C3,-0.36851406,0.8180125399526437,-0.32945815
5,axo29.H11A,-0.34537178,0.8152248714421773,-0.3340325
5,axo29.D5A,-0.54536307,0.8152248714421773,-0.33465627
5,axo10.G10,-0.30488083,0.8152248714421773,-0.3356959
5,axo3.D3,-0.44131422,0.813472392258675,-0.3388148
5,axo15.C2B,-0.5680485,0.8095847219877736,-0.34526047
5,axo20.D6B,-27.604376,0.8095847219877736,-0.34567633
5,axo9.F4A,-0.06216334,0.8038821636580016,-0.3558647
5,axo20.B5B,-27.620377,0.8038821636580016,-0.35732016
5,axo3.A6,-0.4976411,0.8022873727875808,-0.36023113
5,axo20.F4B,-27.771101,0.7993834593296887,-0.36459756
5,axo13.C2B,-1.3871118,0.7944009110516081,-0.37145913
5,axo7.G4B,-3.4345882,0.7870245560557779,-0.385806
5,axo3.A1,-0.78821915,0.786323414411168,-0.38819712
5,axo16.G11,-0.5757908,0.7840995414396293,-0.39349923
5,axo20.F10A,-27.845072,0.7840995414396293,-0.39370716
5,axo20.G8A,-27.61725,0.7793199263720069,-0.40098456
5,axo15.H12B,-0.5314042,0.7778326042831083,-0.4045193
5,axo20.F2A,-27.861483,0.7743502051005577,-0.41044515
5,axo15.A7B,-0.26738766,0.7727385195947833,-0.41325217
5,axo20.C2B,-27.945393,0.7727385195947833,-0.41335613
5,axo20.B11A,-27.975315,0.7727385195947833,-0.41408387
5,axo15.B3B,-0.48643112,0.7727385195947833,-0.41522744
5,axo7.E7B,-0.3433593,0.7727385195947833,-0.4159552
5,axo29.D5B,-0.9440746,0.771696191350575,-0.41886616
5,axo14.G1A,-0.5639754,0.7706888252822922,-0.4215692
5,axo8.A2B,-0.55898046,0.7692283808302794,-0.42531183
5,axo10.D10,-0.62617195,0.766481842175866,-0.42947036
5,axo20.E9A,-27.989109,0.7654725852904107,-0.4315496
5,axo20.A1A,-27.766556,0.7621820916872247,-0.43809927
5,axo16.B3,-0.77433586,0.7617795155495573,-0.44007456
5,axo9.G11A,-0.6047646,0.7613218966993666,-0.44173798
5,axo10.H2B,-0.48856252,0.7613218966993666,-0.44298553
5,axo16.B9B,-1.3807192,0.7601133974907919,-0.44579253
5,axo20.A3A,-27.919512,0.7581434448327115,-0.44901538
5,axo13.H6B,-1.1192322,0.7581434448327115,-0.44911933
5,axo29.F4B,-1.3057655,0.75472557828615,-0.4548373
5,axo9.E8A,-0.49801153,0.7524950855494832,-0.45837203
5,axo7.C3B,-0.6024241,0.7519157876362513,-0.45993146
5,axo20.B6A,-28.079412,0.751539469105717,-0.4621147
5,axo29.D2B,-6.942515,0.7498289194038759,-0.46502563
5,axo20.F7B,-28.112267,0.7484075552122751,-0.46866435
5,axo6.C4B,-0.5813837,0.7475075115485794,-0.4712634
5,axo10.G3,-0.61264354,0.7467526088678949,-0.47303078
5,axo20.H10B,-28.223505,0.7467526088678949,-0.47375852
5,axo29.C5B,-2.8949392,0.7467526088678949,-0.47375852
5,axo20.E12A,-28.210064,0.7467526088678949,-0.475214
5,axo29.E2A,-1.8285849,0.7450667707274883,-0.4793725
5,axo15.D8B,-0.68256146,0.7421313669390034,-0.48373896
5,axo20.F4A,-28.246452,0.7421313669390034,-0.48540235
5,axo16.E5B,-1.0053686,0.7397742355762089,-0.489145
5,axo8.B11B,-0.7456256,0.7391914844447532,-0.49070445
5,axo10.A8B,-0.7147032,0.7391914844447532,-0.49164012
5,axo20.C9B,-28.221598,0.7391914844447532,-0.491952
5,axo11.B6B,-0.8803811,0.7383428428300799,-0.49517485
5,axo20.D7B,-28.282532,0.7374977212669467,-0.49704617
5,axo9.D3A,-0.3208266,0.7352557256644052,-0.5005809
5,axo14.G3A,-0.5833239,0.7352557256644052,-0.50141263
5,axo8.H5A,-0.5370153,0.7349611500238018,-0.5034919
5,axo3.B12,-0.70058256,0.7349295123929578,-0.50442755
5,axo4.G3,-2.576243,0.7275879639370199,-0.51575947
5,axo14.B11A,-0.5400655,0.725022281383511,-0.5205418
5,axo14.G6A,-0.75874734,0.7229790514636811,-0.5260518
5,axo16.B3B,-1.8752686,0.7214818238693286,-0.52906674
5,axo13.G10B,-1.4555106,0.7114377729520038,-0.5427898
5,axo20.B12B,-28.520887,0.7114377729520038,-0.54289377
5,axo20.D4B,-28.527803,0.7108690111108992,-0.54580474
5,axo6.C11B,-1.37595,0.7076974168752774,-0.550691
5,axo7.E1B,-1.4419143,0.7076974168752774,-0.5508989
5,axo16.D1,-0.8220335,0.7075613341022444,-0.5525623
5,axo8.E3A,-0.9034951,0.7001471536879914,-0.56316656
5,axo14.C12A,-0.75596696,0.698347783495372,-0.5661815
5,axo20.H6B,-28.566372,0.6972398124866934,-0.5683647
5,axo7.C5B,-1.0798697,0.6945060395003582,-0.5733549
5,axo29.C11A,-0.9083233,0.6941749067732248,-0.5746024
5,axo8.A5B,-1.0552363,0.6941749067732248,-0.5752262
5,axo20.E5B,-28.58631,0.6941175826681385,-0.5763698
5,axo29.A11B,-3.3690732,0.6941175826681385,-0.5766817
5,axo6.B6B,-28.439516,0.6941175826681385,-0.578553
5,axo14.H7A,-0.9033698,0.691843776429067,-0.5825036
5,axo13.D8B,-0.63911575,0.6897845369879672,-0.58583045
5,axo20.B10B,-28.572159,0.6874676185660485,-0.58946913
5,axo3.C3,-0.8289314,0.6867181075068187,-0.5920682
5,axo14.G10A,-1.9864912,0.6867181075068187,-0.5922761
5,axo20.E8A,-28.552927,0.6867181075068187,-0.5923801
5,axo20.B9B,-28.603184,0.6849465483468418,-0.5967465
5,axo15.A8B,-0.8662801,0.6807337959742836,-0.6026724
5,axo20.H6A,-28.619963,0.679305792509467,-0.60693485
5,axo29.B2A,-0.6796527,0.677853393923937,-0.60953397
5,axo20.A12B,-28.528168,0.677853393923937,-0.6098458
5,axo3.H1,-0.9381249,0.6777918635888606,-0.6113013
5,axo12.D6,-2.073123,0.6777918635888606,-0.61140525
5,axo14.B2A,-0.8085473,0.6777918635888606,-0.6125489
5,axo3.E12,-0.88428307,0.6773135876547296,-0.6144202
5,axo2.B11,-0.89615244,0.6708657347437004,-0.6230491
5,axo8.G5A,-0.6403693,0.6674505698189634,-0.628871
5,axo9.G6A,-0.8050857,0.6674505698189634,-0.628871
5,axo15.G12B,-2.2808285,0.6619841725968282,-0.6371881
5,axo20.A7B,-28.69254,0.6582315786197426,-0.6425941
5,axo3.B1,-0.5801663,0.6581522502331678,-0.6435298
5,axo20.A2B,-28.64262,0.6542355862219328,-0.64914376
5,axo29.B5B,-3.866495,0.6542355862219328,-0.64924777
5,axo14.E3A,-0.91509885,0.6542355862219328,-0.6497676
5,axo20.B2B,-28.77859,0.6527168627279399,-0.6535102
5,axo15.F3,-0.9220443,0.6519552266817231,-0.65527755
5,axo20.H12B,-28.712793,0.6500064984911013,-0.65933216
5,axo3.A8,-0.43518996,0.6500064984911013,-0.65985197
5,axo20.D11B,-28.814423,0.6500064984911013,-0.6607876
5,axo20.F3A,-28.846176,0.6479829775122092,-0.66515404
5,axo29.E12B,-28.490044,0.6446702126537306,-0.6702482
5,axo10.G2B,-1.3105285,0.6446702126537306,-0.67107993
5,axo16.D10B,-2.1355317,0.637641420096881,-0.6811643
5,axo15.H9B,-1.0470995,0.6335030641716676,-0.6879219
5,axo16.H12B,-1.2478671,0.6326595395930721,-0.6897932
5,axo6.E5B,-1.9729166,0.6314788233744123,-0.69208044
5,axo2.D11,-1.009995,0.6296244581861151,-0.6951993
5,axo15.A12B,-2.438264,0.6296244581861151,-0.69644684
5,axo20.A4A,-28.94319,0.6248248871681388,-0.704452
5,axo20.E6A,-28.903131,0.6248248871681388,-0.70517975
5,axo20.A2A,-29.004742,0.6248248871681388,-0.70590746
5,axo15.D11,-5.1579556,0.6248248871681388,-0.7060114
5,axo29.D4A,-1.1061835,0.6248248871681388,-0.7064273
5,axo15.C12,-1.2988251,0.62339205325311,-0.7103779
5,axo14.D2A,-0.96488225,0.622046005711367,-0.712873
5,axo15.G8B,-1.3497896,0.6196926991083446,-0.7166156
5,axo6.A3B,-28.78969,0.6196079071132691,-0.7175513
5,axo14.C3A,-0.99154234,0.6165025512351773,-0.7222296
5,axo16.D6,-1.2860715,0.6165025512351773,-0.7223336
5,axo10.D3B,-1.0888908,0.6151585630071911,-0.72555643
5,axo8.H12A,-1.1046441,0.6137331262816127,-0.7281555
5,axo20.G11A,-28.931425,0.6135639519871685,-0.7291951
5,axo2.B3,-1.036351,0.6135625947688093,-0.73002684
5,axo20.D11A,-28.983986,0.6119701712848339,-0.73283386
5,axo16.E8B,-1.9790276,0.6119688551747128,-0.7336655
5,axo14.H8A,-0.9756266,0.6119688551747128,-0.7337695
5,axo29.C8A,-1.3112859,0.611967443565289,-0.7353289
5,axo14.D3A,-1.0771644,0.6104588573906236,-0.738032
5,axo14.E11A,-1.038584,0.6069433457231412,-0.7440618
5,axo20.G5A,-29.006712,0.6061887180689659,-0.7466609
5,axo29.E4B,-28.592531,0.6016793744865174,-0.75393826
5,axo12.A1,-28.66261,0.6011772590507614,-0.75539374
5,axo16.F7B,-1.1851313,0.6005920112186621,-0.75716114
5,axo7.G5B,-2.6389978,0.5974225001823948,-0.7633989
5,axo14.E6A,-0.7689775,0.5965016994913004,-0.7670376
5,axo9.C6A,-0.41328928,0.596417180215719,-0.76797324
5,axo10.A10,-0.9447038,0.5960831933770075,-0.7692208
5,axo29.E2B,-28.850685,0.5932541537738918,-0.7735872
5,axo14.D9A,-1.5225276,0.5932541537738918,-0.7740031
5,axo16.B1,-1.0685551,0.5932541537738918,-0.77421105
5,axo9.E6A,-1.1706212,0.5932541537738918,-0.77441895
5,axo16.D7B,-1.3869039,0.5932541537738918,-0.7752507
5,axo10.E4,-0.93131983,0.5929190257141564,-0.77982503
5,axo4.G2,-1.361112,0.5869355909854752,-0.788142
5,axo15.F2,-3.1588244,0.5862713826944761,-0.7898055
5,axo16.C5B,-1.6381425,0.585773124098473,-0.79126096
5,axo16.D1B,-1.7166891,0.582131387048419,-0.796667
5,axo15.C3B,-1.4254048,0.5799830754284584,-0.8002017
5,axo9.H2A,-0.9529189,0.5773440408975599,-0.8043603
5,axo15.F6,-1.4404496,0.5763533238083132,-0.8064395
5,axo16.H7B,-1.0841784,0.5760176815357714,-0.80851877
5,axo16.A1,-1.1022941,0.5756857260338851,-0.8097663
5,axo23.B1B,-0.97335094,0.5746958074329375,-0.81184554
5,axo16.A5,-1.1720402,0.5746958074329375,-0.81246936
5,axo16.A11B,-1.6515868,0.5738684187689143,-0.8145486
5,axo14.B8A,-0.97891176,0.5722164385490597,-0.8199547
5,axo16.B2B,-1.6778504,0.5717217666623733,-0.8214101
5,axo8.D12B,-1.5001361,0.5700763745316493,-0.82494485
5,axo12.B4,-2.0403774,0.5697458074726948,-0.82640034
5,axo29.E6A,-1.178912,0.5695810755852874,-0.8282717
5,axo8.C10B,-1.6934407,0.5681833220189426,-0.83087075
5,axo9.G1A,-1.0656645,0.5672795498805923,-0.83284605
5,axo14.A4A,-0.97242016,0.566129950653233,-0.83513325
5,axo13.H4B,-28.954807,0.5659659838383195,-0.8361729
5,axo10.C12B,-29.03589,0.5637511450371531,-0.83981156
5,axo20.A5B,-29.223507,0.5621127242824872,-0.84272254
5,axo8.F4A,-0.89450073,0.5621127242824872,-0.8428265
5,axo16.D5,-1.1749251,0.5621127242824872,-0.8428265
5,axo6.D12B,-29.168655,0.5612122419245691,-0.8463612
5,axo12.C1,-2.8569946,0.5610491500249825,-0.84740084
5,axo14.D11A,-1.2752854,0.558758515875621,-0.85114354
5,axo13.B2B,-1.1923189,0.5532111130261582,-0.8615398
5,axo2.A2,-1.2254348,0.5463147906393842,-0.8712083
5,axo10.E1,-1.3418373,0.5463147906393842,-0.8717281
5,axo13.G8B,-4.787951,0.5452585501197891,-0.87422323
5,axo9.G3A,-0.59603184,0.5383315486373149,-0.8839958
5,axo8.G4A,-1.1682757,0.537845195388369,-0.88545126
5,axo6.D5B,-29.193031,0.5371987830423445,-0.88711464
5,axo14.F2A,-1.2370446,0.5333527846127146,-0.8929366
5,axo4.H9,-1.3717635,0.5276937131217595,-0.90114963
5,axo6.F4B,-29.38184,0.5276937131217595,-0.90166944
5,axo8.G12A,-0.9368105,0.5269637701743521,-0.9037487
5,axo29.F6B,-29.20506,0.5269637701743521,-0.90385264
5,axo14.H3A,-1.2358702,0.5269637701743521,-0.90562004
5,axo20.G12B,-29.45203,0.5269637701743521,-0.9060359
5,axo15.C5B,-29.230423,0.5239878012086485,-0.91258556
5,axo14.B4A,-1.0506184,0.5182111075145706,-0.9210065
5,axo3.F8,-1.1759335,0.5141152097065786,-0.9272443
5,axo15.F5,-29.266861,0.5137138449831115,-0.9285958
5,axo14.C1A,-1.340351,0.5111202585551838,-0.9328583
5,axo20.H1A,-29.440584,0.5036113334096486,-0.94533384
5,axo6.E10B,-29.410288,0.5025918104552509,-0.94751704
5,axo16.F8B,-1.5844985,0.5001805910144673,-0.9515716
5,axo10.E5,-3.80833,0.5001805910144673,-0.95198745
5,axo15.C11B,-29.376127,0.4990635800913155,-0.9555222
5,axo8.A7B,-1.2683964,0.4948116345046467,-0.96207184
5,axo13.C1B,-5.335631,0.49472245153642763,-0.9630075
5,axo29.H2B,-29.545761,0.49472245153642763,-0.9635273
5,axo13.E12B,-29.318794,0.49472245153642763,-0.96425503
5,axo10.B3,-1.0673213,0.4946779472884082,-0.9663343
5,axo6.F9B,-29.451588,0.49405156784735377,-0.9686215
5,axo6.H4B,-29.495544,0.49325295086572823,-0.97153246
5,axo11.A5B,-2.359963,0.49247394773914693,-0.97340375
5,axo6.B1B,-29.44247,0.4923803812866241,-0.97517115
5,axo15.G3B,-29.32422,0.4923803812866241,-0.97589886
5,axo9.A2A,-1.2661316,0.48538023196449137,-0.98629516
5,axo13.H3B,-1.7224044,0.48538023196449137,-0.986711
5,axo12.A10,-29.438513,0.48538023196449137,-0.986815
5,axo10.E12,-1.6477371,0.4830614296948351,-0.99190915
5,axo14.B6A,-1.3697059,0.4830614296948351,-0.9921171
5,axo6.G6B,-29.485785,0.4763461883882696,-1.003553
5,axo29.G12B,-29.204079,0.4763461883882696,-1.0042807
5,axo2.H6,-1.3339571,0.47625009252457057,-1.0053203
5,axo6.G9B,-29.548101,0.4756167714840942,-1.0086472
5,axo29.F12B,-29.51592,0.4756167714840942,-1.0093749
5,axo14.H2A,-1.3217696,0.4732458403565651,-1.0143651
5,axo16.G3B,-1.6564553,0.46328105615751763,-1.0322467
5,axo11.E11B,-29.458614,0.458356619586539,-1.03994
5,axo10.C1B,-1.7581885,0.4567144175099442,-1.0430589
5,axo3.B8,-2.109001,0.45618483935937204,-1.0446182
5,axo7.F6B,-2.3374836,0.4560998986948692,-1.0455539
5,axo14.F11A,-1.4548354,0.4559413222275947,-1.0465935
5,axo6.H5B,-29.581036,0.4555609383923283,-1.0479451
5,axo8.H11B,-1.3786789,0.4553290564859747,-1.0490887
5,axo16.D7,-1.4683777,0.4539041497472203,-1.0527273
5,axo10.B1,-1.5134052,0.45285133449530207,-1.0558463
5,axo3.E7,-1.8910712,0.45285133449530207,-1.0561582
5,axo6.D8B,-29.608696,0.45285133449530207,-1.0574057
5,axo10.A12B,-29.626375,0.44949015125060054,-1.0646831
5,axo29.H12A,-29.516024,0.44949015125060054,-1.0654109
5,axo16.F12,-1.5034956,0.44903397985247184,-1.0669703
5,axo13.D5B,-29.292591,0.4481433472735856,-1.0690496
5,axo16.A7,-1.9338367,0.4481433472735856,-1.0697773
5,axo7.H7B,-2.412592,0.4481315547689476,-1.0707129
5,axo14.A12A,-1.8378446,0.4481315547689476,-1.0710249
5,axo14.F10A,-1.4904945,0.44620662877650286,-1.0750794
5,axo15.G7B,-1.9864326,0.44620662877650286,-1.0761191
5,axo13.H1B,-29.445257,0.44620662877650286,-1.076327
5,axo20.D8B,-29.693491,0.44620662877650286,-1.0770547
5,axo11.F3B,-29.961134,0.4461873093906439,-1.0792379
5,axo15.D12,-29.52744,0.444197105686015,-1.0828766
5,axo12.C10,-29.477852,0.44309225298268345,-1.0857875
5,axo14.D1A,-1.8571306,0.44279381937883944,-1.087347
5,axo16.H12,-1.7484796,0.44044511038573386,-1.0915055
5,axo29.H4B,-29.79764,0.44044303590976996,-1.0923373
5,axo15.H4B,-1.8931937,0.43737129166814875,-1.0975354
5,axo15.A2B,-29.594015,0.43737129166814875,-1.0981592
5,axo8.H12B,-1.2806901,0.434306652469877,-1.1043969
5,axo23.D8B,-1.4666555,0.43133114766131364,-1.1094911
5,axo10.A10B,-29.681067,0.4306773438108691,-1.1112585
5,axo10.A11B,-29.647602,0.4306773438108691,-1.1127139
5,axo15.C7B,-29.718225,0.4306773438108691,-1.1134417
5,axo6.H6B,-29.772924,0.43045355645280825,-1.1148971
5,axo6.A7B,-29.717758,0.42749044974635464,-1.1199913
5,axo15.B7B,-2.018166,0.42749044974635464,-1.1206151
5,axo10.H2,-1.8395873,0.42749044974635464,-1.1214468
5,axo16.F4,-1.5609151,0.42749044974635464,-1.1215508
5,axo12.H7,-29.797312,0.42691409907888356,-1.1258132
5,axo14.B3A,-1.4639148,0.424466407926397,-1.1310114
5,axo11.B1B,-1.7059888,0.42188166042494935,-1.1355858
5,axo3.A4,-1.516267,0.42188166042494935,-1.1356897
5,axo14.G7A,-1.5327828,0.42002390764209874,-1.1407839
5,axo15.F9B,-29.706026,0.4183816403194414,-1.1440067
5,axo12.G7,-29.289854,0.4183816403194414,-1.1447345
5,axo6.C8B,-29.894041,0.4183816403194414,-1.1454623
5,axo10.B1B,-3.9061322,0.4183816403194414,-1.1461899
5,axo2.C1,-1.9959732,0.4183816403194414,-1.1466058
5,axo15.A5B,-29.65163,0.4182548694014486,-1.1483731
5,axo16.D4,-1.9924024,0.4140520401484021,-1.1553386
5,axo14.C5A,-1.8859202,0.4119266884182673,-1.1592892
5,axo15.B6B,-1.9642175,0.4107264742691688,-1.1624081
5,axo14.D6A,-1.6090082,0.4095316962989075,-1.1653191
5,axo8.C3A,-2.05347,0.4084061011092472,-1.1678143
5,axo16.C8,-1.4913621,0.406016097059812,-1.1727005
5,axo15.B1,-1.6997347,0.4041982880611086,-1.176547
5,axo16.C6B,-2.050326,0.4041982880611086,-1.1773788
5,axo15.C4,-29.679127,0.4041982880611086,-1.1782105
5,axo29.E5A,-29.570278,0.4023946879612935,-1.1825769
5,axo16.H10,-2.0454133,0.40212601334727477,-1.1846561
5,axo9.E4A,-1.29178,0.4008729449120602,-1.1873592
5,axo10.D6B,-2.032717,0.40032032212963015,-1.1890227
5,axo6.F6B,-29.916283,0.40032032212963015,-1.1891266
5,axo9.C7A,-1.3601887,0.39894538788540684,-1.193597
5,axo16.D5B,-29.860304,0.39860445870609695,-1.1949486
5,axo15.C9B,-29.895908,0.3947875385416033,-1.2014982
5,axo3.B5,-1.5780222,0.3926494401583926,-1.2055527
5,axo12.D3,-29.924109,0.3925182756423009,-1.2065923
5,axo14.D7A,-1.2778623,0.3925182756423009,-1.2071122
5,axo16.A8B,-29.811314,0.39218832223402855,-1.2087755
5,axo16.C1,-1.9285035,0.39218832223402855,-1.2091914
5,axo16.C10,-1.7478982,0.3886901533055884,-1.215741
5,axo29.H5A,-29.824274,0.3886901533055884,-1.216053
5,axo13.C8B,-2.3002396,0.3865793218429161,-1.2206273
5,axo8.B9B,-1.9423063,0.3865793218429161,-1.2213551
5,axo8.A3B,-1.9330567,0.38481714334098,-1.2249938
5,axo16.C11,-2.0124407,0.3838697526454008,-1.227281
5,axo10.B4,-1.8062924,0.3825150886228872,-1.230192
5,axo13.D7B,-29.497332,0.3808915907291874,-1.2335187
5,axo10.B9B,-29.481936,0.3808915907291874,-1.2342465
5,axo16.F1B,-2.422808,0.3808915907291874,-1.2345583
5,axo12.D9,-30.00713,0.3808915907291874,-1.2357019
5,axo7.G6B,-29.708881,0.3808915907291874,-1.2364297
5,axo10.E3B,-2.1382952,0.3789152942699703,-1.2416278
5,axo10.F8B,-29.686392,0.37811323061048435,-1.2437071
5,axo16.D11,-1.57287,0.37751539933469686,-1.2454745
5,axo13.C7B,-2.4879167,0.37751539933469686,-1.2457863
5,axo6.C12B,-29.986874,0.37751539933469686,-1.2458903
5,axo29.G4B,-30.00179,0.3771754608960695,-1.2502568
5,axo13.G11B,-29.86882,0.3771754608960695,-1.2502568
5,axo16.D3B,-29.81912,0.3771754608960695,-1.2517122
5,axo8.B3B,-1.2806597,0.3771754608960695,-1.2526479
5,axo7.B1B,-29.908705,0.37152868427253827,-1.2640837
5,axo23.D10B,-1.7140409,0.3703356959528964,-1.2667868
5,axo11.C4B,-29.882866,0.369898978545954,-1.2691779
5,axo10.F7,-29.611202,0.3687764518319124,-1.2720889
5,axo29.F11A,-29.975044,0.3683613334223022,-1.2749999
5,axo15.D11B,-29.949383,0.3683613334223022,-1.2757276
5,axo6.G10B,-30.030422,0.3680649151853629,-1.277183
5,axo15.B6,-29.931973,0.3680649151853629,-1.2779108
5,axo6.F8B,-30.089409,0.36504989587126413,-1.2844605
5,axo29.F3A,-30.121304,0.36504989587126413,-1.2844605
5,axo16.G5,-2.227158,0.36495841966183556,-1.2863318
5,axo16.B10B,-29.96863,0.3626038904269529,-1.2917379
5,axo13.C4B,-29.904066,0.3617621413206528,-1.2939211
5,axo10.A6B,-29.915508,0.3617621413206528,-1.2939211
5,axo14.H6A,-2.206798,0.3580561526723741,-1.3029659
5,axo29.D10A,-29.771235,0.35803587199482156,-1.3041095
5,axo16.C4,-1.6764246,0.35779553994527,-1.305357
5,axo15.C10B,-29.98585,0.3577538334745634,-1.3062927
5,axo14.F12A,-1.6747385,0.3540929727992159,-1.3129463
5,axo15.B12B,-29.927923,0.3528721577246931,-1.3157533
5,axo16.H5B,-30.072943,0.3502199389164076,-1.3208475
5,axo29.E1B,-30.067635,0.34985280244941513,-1.3223029
5,axo6.B9B,-30.151936,0.34866546030825446,-1.3259417
5,axo10.A3B,-1.8830377,0.34866546030825446,-1.3264614
5,axo13.G9B,-30.11066,0.34711796238911274,-1.3310359
5,axo15.F4B,-2.208689,0.34662527954385286,-1.3326992
5,axo14.F1A,-2.2024498,0.3465219313030652,-1.3337389
5,axo10.C10,-29.729954,0.34422105602501296,-1.3383132
5,axo29.A12B,-30.110138,0.34422105602501296,-1.3383132
5,axo6.E12B,-30.2304,0.34422105602501296,-1.339041
5,axo29.A3B,-30.053144,0.343685019248706,-1.3426796
5,axo10.B11,-2.1039443,0.34268203127803865,-1.3451748
5,axo14.C6A,-2.3680573,0.34268203127803865,-1.3457985
5,axo29.G10A,-30.089855,0.34261170315775746,-1.3470461
5,axo10.H8,-2.9238205,0.34261170315775746,-1.3476698
5,axo12.C6,-30.16442,0.3409984849825144,-1.3514125
5,axo16.C11B,-3.7810411,0.34099643802302493,-1.3534918
5,axo10.A12,-1.4561156,0.34099643802302493,-1.3549473
5,axo11.F7B,-30.039194,0.34099643802302493,-1.3550513
5,axo29.F5A,-30.029741,0.3393278305541559,-1.3594177
5,axo16.H4,-1.929091,0.3383352523183689,-1.3622247
5,axo16.D6B,-30.023575,0.33792679892672306,-1.3652396
5,axo3.A9,-2.188437,0.33572346850479157,-1.36971
5,axo12.F5,-30.129253,0.3327680116995084,-1.375428
5,axo16.E2B,-30.187502,0.3327680116995084,-1.375428
5,axo16.G12,-2.1414328,0.3327680116995084,-1.3761557
5,axo2.D9,-2.0403912,0.3327680116995084,-1.3765715
5,axo16.E12B,-30.13605,0.3313891719289664,-1.3812499
5,axo14.D5A,-1.8237442,0.3307296659919663,-1.3832252
5,axo15.E6,-30.279736,0.33026090631820554,-1.3848885
5,axo10.E3,-3.8223908,0.33026090631820554,-1.3855124
5,axo16.B7B,-2.292416,0.3297047555088749,-1.3875916
5,axo3.E5,-1.1440052,0.3297047555088749,-1.3875916
5,axo16.H10B,-30.247023,0.3297047555088749,-1.3885273
5,axo12.E10,-30.155416,0.3281180623787822,-1.3928937
5,axo11.G3B,-2.156451,0.32349192346260613,-1.4023544
5,axo15.C1,-30.093466,0.3223855989196735,-1.405993
5,axo16.A5B,-30.233366,0.3223855989196735,-1.405993
5,axo16.A6B,-30.171019,0.3223855989196735,-1.4067208
5,axo10.H5,-29.876686,0.3223855989196735,-1.4074485
5,axo12.C4,-30.164476,0.320934113715855,-1.4147259
5,axo10.E6,-1.8968831,0.3206669801574297,-1.4160774
5,axo15.F4,-30.261602,0.3206669801574297,-1.4169091
5,axo14.E10A,-1.5756677,0.3206669801574297,-1.417013
5,axo6.D7B,-30.274988,0.3206669801574297,-1.4176369
5,axo10.G8B,-30.26404,0.3206669801574297,-1.4176369
5,axo15.B9,-2.4843223,0.3206669801574297,-1.4179487
5,axo15.B10B,-30.285866,0.31994922667617465,-1.422731
5,axo11.D5B,-30.14786,0.3170643107009201,-1.4300084
5,axo16.E11,-2.329607,0.3170643107009201,-1.4302163
5,axo16.B6B,-30.144487,0.31535615402170347,-1.4358304
5,axo16.B12B,-30.353636,0.3073637381034779,-1.4518406
5,axo14.D8A,-2.3586888,0.3073637381034779,-1.4522564
5,axo14.E7A,-2.3775392,0.3073637381034779,-1.4526724
5,axo10.F1B,-29.969881,0.306225944550166,-1.4569348
5,axo14.A8A,-1.9727094,0.306225944550166,-1.4575585
5,axo15.F7B,-1.8488754,0.3061973897736379,-1.4597418
5,axo12.A8,-30.350441,0.30455510088811516,-1.4634844
5,axo11.D1B,-1.8397057,0.30400363574403727,-1.4653558
5,axo14.B1A,-2.398282,0.30393576913193987,-1.4663954
5,axo15.E12B,-2.9462285,0.30393576913193987,-1.4678509
5,axo13.G12B,-30.372082,0.30393576913193987,-1.4685786
5,axo14.H1A,-2.4789762,0.30393576913193987,-1.4688905
5,axo8.D2B,-1.8768681,0.30393576913193987,-1.4692024
5,axo16.E9B,-30.279203,0.30347995960621105,-1.4736727
5,axo16.A7B,-30.341465,0.3006455138468127,-1.4794947
5,axo10.D2B,-2.6323183,0.3006455138468127,-1.4803264
5,axo15.B8,-30.381609,0.2979466171281463,-1.4860444
5,axo16.G11B,-30.336702,0.2951486464607557,-1.4918664
5,axo13.F5B,-30.390823,0.2948500009375596,-1.4933218
5,axo15.D1B,-2.4132464,0.2948500009375596,-1.4938416
5,axo14.G8A,-2.1879125,0.2948500009375596,-1.4945693
5,axo14.B10A,-1.8977352,0.2946100587036867,-1.4965446
5,axo11.C8B,-29.936314,0.2946100587036867,-1.4969605
5,axo16.A2,-1.9967619,0.29407812228773866,-1.4993516
5,axo7.H3B,-30.177586,0.29265985103861364,-1.5027823
5,axo7.C8B,-30.323101,0.29265985103861364,-1.5035101
5,axo10.D1B,-29.900625,0.29219517236640813,-1.5064211
5,axo11.A9B,-30.141151,0.29219517236640813,-1.5064211
5,axo15.F12,-30.398785,0.2920266880288657,-1.5086043
5,axo12.G10,-30.449999,0.2909108307526238,-1.5115153
5,axo16.G6,-2.3047566,0.2906219399272606,-1.5129708
5,axo16.D10,-2.4929483,0.2902160442166228,-1.5146341
5,axo11.D11B,-30.252726,0.2902160442166228,-1.515154
5,axo3.F6,-1.9575192,0.2902160442166228,-1.5157777
5,axo13.B3B,-30.467402,0.2902160442166228,-1.5166094
5,axo16.A12B,-30.393875,0.28960065444079813,-1.5195204
5,axo12.C3,-30.277216,0.28960065444079813,-1.5202482
5,axo15.C12B,-30.32633,0.28960065444079813,-1.5217036
5,axo16.G8,-2.4483833,0.28960065444079813,-1.523367
5,axo10.B11B,-1.8650755,0.28937677747862267,-1.5256542
5,axo2.A3,-1.9253789,0.28656970100143025,-1.5315801
5,axo11.B7B,-30.217192,0.28652518469533145,-1.5326197
5,axo16.A6,-2.5583346,0.28652518469533145,-1.5329316
5,axo29.C12A,-30.332132,0.28652518469533145,-1.5340751
5,axo29.H1A,-30.455084,0.28652518469533145,-1.5340751
5,axo13.H11B,-30.5151,0.28514272935578266,-1.5398971
5,axo16.D4B,-30.452389,0.2840510830472465,-1.542808
5,axo3.E6,-1.96433,0.2840510830472465,-1.543224
5,axo3.C2,-2.4364736,0.2840510830472465,-1.5437437
5,axo23.D11B,-2.1096556,0.2840510830472465,-1.5441595
5,axo29.C1A,-3.1081982,0.28360484778636513,-1.5474864
5,axo13.D10B,-30.510443,0.28360484778636513,-1.5479022
5,axo11.E5B,-30.413454,0.28283223047242956,-1.5508132
5,axo10.G7B,-30.447544,0.28256379384299407,-1.5522687
5,axo10.C12,-29.991915,0.28148170468060174,-1.5551796
5,axo16.H7,-2.4959798,0.28022894901349765,-1.5589223
5,axo11.A4B,-2.3370373,0.2774481363872542,-1.565368
5,axo11.C6B,-30.231415,0.27718503380072695,-1.5668235
5,axo10.B12,-30.161766,0.27718503380072695,-1.5668235
5,axo15.A4,-30.323683,0.27640058265357753,-1.5711899
5,axo15.H8B,-1.9413859,0.27640058265357753,-1.5712938
5,axo16.G10B,-30.483395,0.27640058265357753,-1.5719177
5,axo10.A1B,-30.488482,0.27562346458331455,-1.5755564
5,axo6.A2B,-30.46786,0.27562346458331455,-1.5755564
5,axo23.F4B,-1.9785596,0.2755112711890394,-1.5777396
5,axo13.F6B,-30.56547,0.27459882326496954,-1.5813782
5,axo16.A1B,-30.450768,0.2739437857902063,-1.5835615
5,axo11.B10B,-30.460829,0.2732902874091799,-1.5857447
5,axo15.E10B,-30.41169,0.2732902874091799,-1.5857447
5,axo10.C2,-30.12488,0.27198791029606795,-1.5901111
5,axo3.G12,-2.005789,0.27150981248408934,-1.5919825
5,axo16.C10B,-30.539558,0.27069169661294623,-1.5944775
5,axo10.B2B,-2.0668457,0.27069169661294623,-1.5954132
5,axo16.E12,-2.4454455,0.26996875715926993,-1.5978044
5,axo15.B1B,-30.251749,0.26996875715926993,-1.5981163
5,axo12.G9,-30.509024,0.26996875715926993,-1.5981163
5,axo29.H3B,-30.565401,0.26996875715926993,-1.598844
5,axo14.H5A,-2.579308,0.26996875715926993,-1.6011312
5,axo14.G9A,-2.0126748,0.26996875715926993,-1.6024827
5,axo15.G3,-2.4096038,0.26993835392746424,-1.6069531
5,axo13.F9B,-30.554348,0.26993835392746424,-1.6075768
5,axo29.A2A,-30.608849,0.26993835392746424,-1.6083046
5,axo15.D2,-5.1728716,0.2695643822856974,-1.6111116
5,axo16.H2B,-30.506319,0.26920540375414964,-1.6133988
5,axo12.D7,-30.60553,0.26320140413706133,-1.6264981
5,axo16.G6B,-30.539772,0.26250833069624024,-1.6308646
5,axo16.B1B,-30.448095,0.26250833069624024,-1.6315923
5,axo15.B5B,-30.55169,0.258158459425695,-1.641053
5,axo8.F1B,-2.7695954,0.2573799175989421,-1.643548
5,axo10.A11,-30.571003,0.25654845351023664,-1.6461471
5,axo16.G4B,-30.650915,0.25632411141282363,-1.6476026
5,axo13.G5B,-30.641636,0.2557157802732251,-1.6497858
5,axo16.E4B,-30.586939,0.2557157802732251,-1.6497858
5,axo11.E2B,-30.497156,0.25428334331593927,-1.6556077
5,axo16.H3B,-30.427849,0.2538451408824711,-1.6585187
5,axo10.C9,-30.355844,0.2536273996338308,-1.6599741
5,axo10.B5,-30.34972,0.25231806984201804,-1.6643406
5,axo13.G6B,-30.716341,0.2518331960397851,-1.6665238
5,axo15.A6,-3.9166145,0.2516738812091093,-1.6678753
5,axo16.F4B,-30.654886,0.25102547608807496,-1.6701626
5,axo11.F2B,-2.313974,0.25102547608807496,-1.6704744
5,axo15.B7,-30.52209,0.25102547608807496,-1.671618
5,axo13.H12B,-30.736252,0.25094540335388077,-1.674529
5,axo14.C9A,-2.7267404,0.2504208097989075,-1.6776478
5,axo14.G12A,-2.764303,0.2426960481082265,-1.6946977
5,axo10.D6,-30.540625,0.24181370692823495,-1.6985444
5,axo15.A5,-3.0201821,0.2367331454257549,-1.710708
5,axo11.B3B,-30.604856,0.2365352521300317,-1.7123715
5,axo16.G8B,-30.792917,0.2364030258890387,-1.7145547
5,axo14.A11A,-2.1087058,0.2364030258890387,-1.7150744
5,axo13.B4B,-30.774975,0.2364030258890387,-1.7160101
5,axo29.E8B,-30.823854,0.23545563671938755,-1.7196488
5,axo13.D2B,-30.726913,0.23489917947073216,-1.721832
5,axo4.H4,-2.7536688,0.2346559895276498,-1.7254708
5,axo10.A2,-30.671446,0.23414007968911435,-1.727654
5,axo29.A4A,-30.49737,0.23286396217869124,-1.7312926
5,axo10.E7,-30.332493,0.23159337270371078,-1.7349313
5,axo29.B4A,-30.441786,0.23159337270371078,-1.7356591
5,axo16.C9B,-2.603884,0.23159337270371078,-1.7371145
5,axo13.F4B,-30.791891,0.22621128827947154,-1.7502139
5,axo15.C8B,-30.795618,0.22621128827947154,-1.7502139
5,axo10.B3B,-30.556837,0.22621128827947154,-1.7509416
5,axo15.D2B,-30.755903,0.22621128827947154,-1.7516694
5,axo15.B12,-30.716175,0.22621128827947154,-1.7531248
5,axo14.F8A,-2.844275,0.22621128827947154,-1.7543724
5,axo29.E1A,-30.560354,0.22621128827947154,-1.755308
5,axo15.D4B,-2.9410317,0.22621128827947154,-1.755412
5,axo13.A11B,-30.802877,0.22621128827947154,-1.7574912
5,axo16.D11B,-30.670105,0.22621128827947154,-1.7604022
5,axo15.A9B,-30.632961,0.22621128827947154,-1.76113
5,axo23.C5B,-2.1407387,0.22360901804832517,-1.7687192
5,axo15.E8B,-2.8119774,0.22360901804832517,-1.769343
5,axo13.D4B,-30.770325,0.22360901804832517,-1.7705905
5,axo3.G6,-30.642553,0.22360901804832517,-1.7705905
5,axo23.A10B,-2.0504017,0.2234972939605925,-1.7733976
5,axo16.D8B,-30.857912,0.22046915445255003,-1.7807789
5,axo23.E10B,-2.7194273,0.22020644992932237,-1.7824423
5,axo15.G10B,-30.792635,0.2201446177812243,-1.7836899
5,axo3.F5,-2.3113148,0.2201446177812243,-1.7843137
5,axo10.B2,-30.620592,0.21912581120152627,-1.7880564
5,axo16.C12,-2.7970624,0.2114053295698505,-1.8055221
5,axo16.D12B,-30.850655,0.21041710035783803,-1.8098885
5,axo10.F6,-2.7745667,0.20958826014803775,-1.8127995
5,axo16.D3,-2.8244352,0.20958826014803775,-1.8134233
5,axo16.G4,-30.803637,0.20928302884149355,-1.8157104
5,axo15.A12,-4.5836415,0.20928302884149355,-1.8161263
5,axo10.D2,-30.670193,0.20898189274651932,-1.8186214
5,axo10.C6B,-2.1175916,0.20567387174498114,-1.828082
5,axo14.G5A,-2.1517038,0.20420081563555165,-1.8324485
5,axo10.C9B,-30.63137,0.20420081563555165,-1.8331763
5,axo16.H2,-3.255516,0.20420081563555165,-1.8333842
5,axo10.C8B,-30.903399,0.20420081563555165,-1.8353595
5,axo14.G11A,-2.8833783,0.20291839542943774,-1.8398298
5,axo14.A10A,-2.943395,0.20230693683898537,-1.842325
5,axo9.A10A,-2.2010128,0.1981607995553788,-1.8550084
5,axo10.G5,-30.76976,0.19321677662266154,-1.8673799
5,axo10.A6,-2.877161,0.1925840843001976,-1.869979
5,axo23.H6B,-2.8283525,0.1925840843001976,-1.8701869
5,axo12.G1,-30.95975,0.19218224096522943,-1.8732018
5,axo10.B8,-30.72584,0.18846797103036902,-1.884118
5,axo10.E1B,-30.962454,0.1864779367453833,-1.8899399
5,axo15.F1B,-30.901642,0.1864779367453833,-1.8906677
5,axo10.F1,-3.6096964,0.1862233461696651,-1.8928509
5,axo29.F10A,-30.98828,0.1862233461696651,-1.8943063
5,axo10.F9,-30.584455,0.18554074220182873,-1.897945
5,axo10.D1,-30.822617,0.18554074220182873,-1.8986728
5,axo10.G1B,-4.023047,0.18316009067230057,-1.9070938
5,axo23.C2B,-2.7906559,0.18316009067230057,-1.9074056
5,axo16.E7,-3.0168984,0.17933190578840363,-1.9196732
5,axo14.E5A,-2.2801862,0.1775738474550821,-1.9264308
5,axo16.F5B,-30.998045,0.17690715144904567,-1.9292378
5,axo15.F10B,-31.099756,0.1738409754766409,-1.9379708
5,axo15.E11B,-31.062567,0.16926737479262532,-1.9517977
5,axo10.H7,-30.975563,0.1679062429032362,-1.9576197
5,axo15.A7,-31.13993,0.16779977510192762,-1.9590752
5,axo23.A4B,-2.5723162,0.16582244602475246,-1.967704
5,axo15.E2B,-31.155512,0.16483309711557775,-1.9714468
5,axo23.H10B,-2.8161125,0.1633688779704748,-1.976437
5,axo23.F8B,-3.0312567,0.16279014184986842,-1.9791399
5,axo15.F3B,-31.11619,0.1622932138072121,-1.9816351
5,axo10.H6,-4.101902,0.16148099629102514,-1.9849619
5,axo16.A9B,-31.097017,0.15636189653221355,-2.0012841
5,axo10.B4B,-31.071144,0.15636189653221355,-2.0020118
5,axo15.B5,-4.041451,0.1551583525247875,-2.0078337
5,axo29.G8A,-31.144354,0.1551583525247875,-2.0085614
5,axo23.H1B,-2.8764238,0.15474694524974328,-2.0113685
5,axo14.H4A,-3.1585758,0.15474694524974328,-2.0122
5,axo16.E2,-3.047914,0.15474694524974328,-2.0134478
5,axo3.G7,-3.1478286,0.15410009047584883,-2.0167744
5,axo10.D7,-31.105515,0.1540908078092148,-2.018022
5,axo16.F6,-31.031942,0.15161071623816338,-2.0260272
5,axo23.H8B,-2.4958181,0.15057791941347623,-2.032265
5,axo10.H3,-31.100729,0.14996555405798587,-2.035488
5,axo10.C6,-31.095509,0.14996555405798587,-2.0362155
5,axo15.D12B,-31.211271,0.14876131402204165,-2.0413098
5,axo16.H6,-31.064253,0.1439416372832956,-2.0565922
5,axo16.B10,-31.098156,0.1439416372832956,-2.0580478
5,axo10.A4B,-31.233513,0.14180542241865918,-2.066053
5,axo10.A4,-31.216682,0.14073160726622133,-2.0704193
5,axo15.B11B,-31.257656,0.14041040912137961,-2.0726025
5,axo10.G8,-3.5822458,0.13916942151800044,-2.077489
5,axo16.E5,-3.48744,0.1389583287588499,-2.07936
5,axo10.H4,-31.055555,0.1389583287588499,-2.0813353
5,axo23.C10B,-2.361991,0.1389583287588499,-2.082687
5,axo14.A6A,-2.429907,0.1389583287588499,-2.0828948
5,axo10.G9,-30.902485,0.1389583287588499,-2.084974
5,axo16.A10,-4.883802,0.13892429303787016,-2.0889246
5,axo23.F10B,-3.0325336,0.1365524741752123,-2.0978656
5,axo16.B9,-31.262903,0.13496397613580677,-2.1038954
5,axo15.A3B,-31.225628,0.13466396092322147,-2.1060786
5,axo15.A10B,-31.141603,0.13436538706910597,-2.1082618
5,axo29.H2A,-31.029827,0.13294562274303096,-2.1177225
5,axo10.B10,-31.027517,0.13017890069167065,-2.130094
5,axo11.D7B,-31.240845,0.13017890069167065,-2.130094
5,axo16.E1,-31.284796,0.12746442603277308,-2.1424656
5,axo11.D8B,-30.998144,0.12746442603277308,-2.1424656
5,axo13.E4B,-31.35952,0.12507319937577435,-2.152654
5,axo10.G11,-31.025196,0.12502979495668853,-2.1541095
5,axo11.C2B,-30.9695,0.12475925842669817,-2.1562927
5,axo23.B11B,-2.6150534,0.12475925842669817,-2.1567085
5,axo10.A8,-31.1293,0.12475925842669817,-2.1584759
5,axo23.B2B,-3.1356726,0.1229537261733747,-2.1671047
5,axo23.E4B,-3.1826773,0.12114141500716893,-2.177293
5,axo23.G3B,-2.5825205,0.12104400802025077,-2.1789565
5,axo10.C1,-31.131742,0.11971056276373031,-2.1846745
5,axo15.D6B,-4.6763625,0.1190171166966924,-2.1883132
5,axo23.F9B,-2.7150044,0.1160002320446481,-2.199749
5,axo10.F3,-31.325302,0.11569337869251707,-2.20214
5,axo15.C4B,-31.38521,0.11569337869251707,-2.2043235
5,axo4.F12,-31.487494,0.11239462581966736,-2.2188783
5,axo3.E8,-6.144554,0.11075838780026154,-2.2259476
5,axo23.C8B,-3.359061,0.10900151344445605,-2.2348886
5,axo15.B9B,-31.54064,0.10877409098425032,-2.2370718
5,axo15.E5B,-3.7363458,0.10860644887019297,-2.239047
5,axo10.C7B,-31.41783,0.10832340178083294,-2.2414382
5,axo15.C9,-31.443941,0.1081001413074794,-2.2436213
5,axo10.H1,-31.382326,0.10767490046588635,-2.2465322
5,axo10.A5,-31.417656,0.10664556173928587,-2.2516265
5,axo10.B9,-31.272148,0.1060104768969721,-2.2567208
5,axo16.C2,-2.9711215,0.1060104768969721,-2.2579682
5,axo16.H4B,-31.489918,0.10359618297503254,-2.2683644
5,axo15.A1B,-3.4312212,0.10284237201816766,-2.2739785
5,axo16.H5,-3.946796,0.10284237201816766,-2.2750182
5,axo15.E1B,-31.55378,0.09795727012999308,-2.2967463
5,axo16.A3,-31.551935,0.09795727012999308,-2.2974741
5,axo11.C11B,-3.7362692,0.09764562493513358,-2.3008008
5,axo10.H9,-2.158445,0.09747831123160827,-2.30288
5,axo23.A11B,-2.7134628,0.09747831123160827,-2.3031921
5,axo15.E4,-31.593973,0.09642790091102393,-2.3098457
5,axo23.E7B,-2.8950498,0.09523487224277492,-2.3159795
5,axo15.H10B,-3.7237272,0.0944981006273915,-2.3203459
5,axo23.D2B,-3.3768644,0.09444406364950153,-2.3220093
5,axo14.F6A,-3.4806235,0.09293778189685716,-2.3294947
5,axo15.A11B,-31.529842,0.09293778189685716,-2.3302224
5,axo11.A11B,-31.57683,0.09186242170877526,-2.3382275
5,axo15.G6B,-3.556047,0.09186242170877526,-2.3388512
5,axo16.A4,-31.657125,0.09186242170877526,-2.339683
5,axo16.G9,-31.618988,0.09080581480648625,-2.3469603
5,axo15.A9,-31.60678,0.09080581480648625,-2.3484159
5,axo16.H6B,-31.447527,0.08958411443466015,-2.3549654
5,axo23.A7B,-3.2197962,0.08941680672526063,-2.3571486
5,axo11.B5B,-31.591358,0.08925086616196548,-2.359332
5,axo23.G11B,-3.5444386,0.08815255816631747,-2.3669212
5,axo23.F5B,-3.5257943,0.08576581012750441,-2.378565
5,axo23.E3B,-2.716129,0.0855362090170379,-2.3810601
5,axo23.G6B,-3.5054042,0.08283421564586627,-2.3943675
5,axo23.C1B,-3.422166,0.08240158839664301,-2.3977983
5,axo15.H5B,-31.76265,0.08173913176359252,-2.4037242
5,axo23.G9B,-2.7412393,0.08169971626328688,-2.4054914
5,axo10.F11,-31.583813,0.08169971626328688,-2.4059074
5,axo10.G6,-3.516322,0.08143295036579039,-2.409754
5,axo10.C3B,-31.65035,0.08117414536207128,-2.412457
5,axo23.G4B,-3.5288794,0.08117414536207128,-2.4130807
5,axo14.G2A,-3.2730112,0.08082320878419325,-2.4171352
5,axo23.B3B,-2.7399602,0.08082320878419325,-2.417551
5,axo10.A1,-31.480501,0.08082320878419325,-2.4190066
5,axo23.B6B,-2.884658,0.08082320878419325,-2.4194224
5,axo11.B9B,-31.640133,0.08082320878419325,-2.423373
5,axo23.A5B,-11.42519,0.08082320878419325,-2.4247246
5,axo23.C7B,-3.4900217,0.0792346457477743,-2.4337692
5,axo23.B5B,-2.743173,0.0792346457477743,-2.4340813
5,axo15.G4B,-31.675295,0.0792346457477743,-2.4364724
5,axo10.D9B,-31.683596,0.07873649342121775,-2.4408388
5,axo16.B11B,-31.746862,0.07797934043765611,-2.445933
5,axo23.H7B,-3.5886347,0.07438754732635663,-2.466102
5,axo15.C6B,-31.80512,0.07407597352152584,-2.4692206
5,axo23.E8B,-3.6169841,0.07407597352152584,-2.4706762
5,axo11.G2B,-31.63859,0.07407597352152584,-2.4728594
5,axo15.B4B,-31.758442,0.07332016815194407,-2.479409
5,axo23.H3B,-3.3756285,0.07323126672929588,-2.4814882
5,axo10.C7,-31.697767,0.07323126672929588,-2.4830477
5,axo15.D10B,-31.82026,0.07323126672929588,-2.4845033
5,axo23.A9B,-2.8700688,0.07293027952698065,-2.4879339
5,axo10.E5B,-31.842947,0.07233718283692016,-2.4925084
5,axo10.D9,-31.708057,0.07233718283692016,-2.493236
5,axo10.A9B,-31.703833,0.07173790658751585,-2.5005136
5,axo23.C9B,-31.714317,0.07119904428412978,-2.50488
5,axo23.F3B,-3.683959,0.07014634843275104,-2.5118454
5,axo23.A2B,-3.2092319,0.0695269399104214,-2.518395
5,axo14.B7A,-31.854155,0.06937430580291967,-2.5208902
5,axo10.C8,-31.724323,0.06899845704524113,-2.524529
5,axo23.C4B,-3.6579573,0.06787721078083093,-2.5320141
5,axo16.H1B,-31.635256,0.06787721078083093,-2.5325341
5,axo16.F5,-31.861504,0.06780514778850633,-2.5376282
5,axo10.F8,-31.723032,0.06780514778850633,-2.5383558
5,axo10.F12,-3.1570377,0.06666425261220695,-2.5470889
5,axo23.C6B,-31.760403,0.06649010407694246,-2.552183
5,axo10.F2B,-4.3973308,0.06649010407694246,-2.5542622
5,axo15.D5B,-31.839464,0.0662901064054598,-2.5580049
5,axo23.H4B,-3.6502953,0.06486551079739632,-2.5673616
5,axo23.F1B,-2.8535125,0.06486551079739632,-2.569025
5,axo23.A6B,-3.7043123,0.06415022752424838,-2.574847
5,axo23.E11B,-3.8208349,0.06415022752424838,-2.5756786
5,axo23.B9B,-31.797047,0.06415022752424838,-2.5783815
5,axo23.G2B,-31.626965,0.0629092300680047,-2.5871146
5,axo11.B8B,-31.962578,0.05825721893960535,-2.6227736
5,axo10.B7,-31.826464,0.055669797448981324,-2.6438782
5,axo23.H2B,-3.7440057,0.055669797448981324,-2.644294
5,axo14.A2A,-3.8175776,0.055669797448981324,-2.6463733
5,axo16.A4B,-31.997017,0.055537936773382604,-2.6504278
5,axo23.E9B,-3.7101586,0.054715938643880246,-2.6573935
5,axo10.H10,-31.862947,0.05447078859733741,-2.6627994
5,axo11.C10B,-32.003574,0.054317223688299526,-2.6657104
5,axo10.C5B,-32.00118,0.052740989096166736,-2.6795375
5,axo10.E9B,-31.97156,0.052709951153708315,-2.6817207
5,axo10.C4,-3.8357387,0.05188336021798031,-2.688998
5,axo23.B8B,-3.0525262,0.05175865772372391,-2.6918051
5,axo23.E5B,-3.9049387,0.0474968103009432,-2.7243454
5,axo16.C9,-5.60829,0.046752823313240315,-2.7347417
5,axo11.A8B,-4.6668143,0.04332930791701696,-2.764059
5,axo23.C3B,-3.15999,0.04332930791701696,-2.764683
5,axo23.A1B,-3.2393727,0.04332930791701696,-2.7669702
5,axo10.B10B,-32.126423,0.04251183074938955,-2.7770545
5,axo23.B4B,-3.8492537,0.04192080287596774,-2.7857873
5,axo23.H9B,-3.851702,0.03864669273456169,-2.8162484
5,axo10.E9,-32.159367,0.038539074499325914,-2.8192635
5,axo10.G12,-3.995053,0.038539074499325914,-2.8195753
5,axo23.E1B,-3.5904768,0.038528302173226954,-2.8236299
5,axo10.F5,-31.905554,0.03765898951732772,-2.8330905
5,axo10.H11,-32.160454,0.03765898951732772,-2.8345459
5,axo23.D1B,-3.1468334,0.035646709521070755,-2.8549228
5,axo10.G7,-32.22376,0.035402156812696886,-2.8592892
5,axo10.F10,-4.016575,0.035402156812696886,-2.8613684
5,axo10.G4,-32.098694,0.035402156812696886,-2.8622
5,axo15.E3B,-32.317997,0.034764806409623136,-2.8716607
5,axo23.D9B,-4.2744284,0.034292588120621165,-2.8782103
5,axo23.B10B,-3.0421479,0.03291149091270646,-2.893389
5,axo23.D7B,-4.1914372,0.03099249837126027,-2.9191716
5,axo16.D9,-32.29236,0.02746638309912276,-2.9655392
5,axo23.B7B,-4.1451917,0.02697184754720463,-2.9734402
5,axo10.F9B,-4.2605944,0.02509111049993285,-2.9983914
5,axo10.D4,-32.446198,0.02456323720131044,-3.0113866
5,axo10.A9,-32.436348,0.02456323720131044,-3.0135698
5,axo23.D4B,-32.31423,0.02453764780690021,-3.016481
5,axo10.G9B,-32.382896,0.02451767082007765,-3.021575
5,axo16.F6B,-32.480824,0.02451767082007765,-3.0252137
5,axo10.A3,-32.47461,0.02451767082007765,-3.0288525
5,axo23.D3B,-4.2070274,0.02378778793510675,-3.0406003
5,axo23.F11B,-32.552605,0.02277707066275701,-3.0586898
5,axo23.A8B,-4.374873,0.022063964123824584,-3.0707495
5,axo10.D3,-32.52938,0.021723954433787183,-3.080522
5,axo10.D5,-32.499264,0.021542563605662403,-3.085616
5,axo10.A7,-32.474106,0.02127387934025044,-3.09726
5,axo23.H5B,-32.44991,0.020894657230167653,-3.1052651
5,axo11.G1B,-32.5306,0.020573330868261394,-3.1125426
5,axo23.F7B,-32.581696,0.0200088385260734,-3.1234586
5,axo23.D5B,-32.48647,0.019556091024919245,-3.1329193
5,axo10.E11,-32.548862,0.019556091024919245,-3.1343746
5,axo15.G11B,-32.60725,0.019556091024919245,-3.1358302
5,axo23.C11B,-3.9894638,0.01926785621613043,-3.1456027
5,axo10.F4,-4.5251865,0.019084807058808887,-3.1512167
5,axo23.F6B,-4.344324,0.018687504254835088,-3.1630685
5,axo15.H6B,-32.64527,0.018289732209962533,-3.1722171
5,axo23.F12B,-32.63531,0.018289732209962533,-3.1744003
5,axo23.G1B,-4.3224344,0.016171041817415546,-3.2198322
5,axo10.G1,-32.63408,0.015703914263103663,-3.236986
5,axo23.F2B,-5.606008,0.013744376582925951,-3.2840812
5,axo10.E2,-5.646095,0.010068350956553071,-3.3963609
5,axo10.E10,-32.937183,0.008854525765701152,-3.4924226
5,axo10.C11,-33.03638,0.008285036912454899,-3.5157104
5,axo23.E2B,-5.017964,0.007078255562062268,-3.5830781
