cluster,gene,logfoldchanges,pvals_adj,scores
1,axo6.D7B,2.8895674,6.932593104827538e-72,18.28221
1,axo13.C2B,2.6246731,4.742224273823396e-64,17.198061
1,axo29.E6A,2.5550456,4.523786307651975e-62,16.910866
1,axo6.C12B,2.695876,2.547987168935292e-56,16.090996
1,axo6.H5B,2.866766,3.019397015434166e-56,16.076208
1,axo6.A2B,2.4320445,1.1127025186684209e-54,15.83968
1,axo29.G1A,2.5229201,9.417188811815134e-54,15.695026
1,axo29.E4A,2.579583,1.8959281252189036e-52,15.4947605
1,axo13.D7B,2.568525,1.0669519137075597e-51,15.375694
1,axo6.D4B,2.764824,7.537516933999054e-51,15.243882
1,axo6.D8B,2.714873,1.9317922361757182e-50,15.175825
1,axo29.D4A,2.3551993,2.776753963892765e-50,15.149978
1,axo6.B8B,2.6373837,6.744854674179004e-50,15.089567
1,axo13.C1B,2.4094398,1.1907726359158353e-49,15.050098
1,axo29.A1A,2.176707,1.7401409540618082e-49,15.023113
1,axo29.C8A,2.0638175,6.066667415449094e-48,14.775511
1,axo6.A7B,2.5528533,7.249790159334925e-48,14.761916
1,axo29.E5A,2.5610821,7.2865239597558e-48,14.760025
1,axo20.D11A,3.0447943,7.724624281489221e-48,14.75457
1,axo29.A11B,2.5839431,1.138137185899575e-47,14.725064
1,axo12.E10,2.4325335,1.138137185899575e-47,14.724365
1,axo29.F5A,2.4406898,1.138137185899575e-47,14.724036
1,axo29.G3A,2.6430845,1.3664290510112178e-47,14.710277
1,axo29.G11B,2.6666238,7.711035580516667e-47,14.591333
1,axo13.D5B,2.529347,1.5665901864670326e-46,14.541545
1,axo29.G6A,2.289087,1.6529333904219265e-46,14.536543
1,axo29.F10B,2.531407,2.1385665838999847e-46,14.517589
1,axo29.A6A,2.4176323,3.242581534208426e-46,14.4877405
1,axo29.F12B,2.7165284,6.0628745447733816e-46,14.443419
1,axo29.F4A,2.6987045,6.492591129081033e-46,14.437458
1,axo6.B1B,2.5884511,1.790222343554419e-45,14.363754
1,axo29.C11A,2.3999403,2.4242423802178495e-45,14.341566
1,axo6.B6B,3.2969627,2.9369022196953723e-45,14.32597
1,axo29.C9A,2.0853338,5.985868116348241e-45,14.274207
1,axo29.D5B,2.4763124,1.0744741261784887e-44,14.230161
1,axo29.G4A,2.5121498,1.1758970196498894e-44,14.222815
1,axo12.G7,2.4843094,1.5078927818616577e-44,14.204382
1,axo29.D5A,2.6002831,1.5675700889498974e-44,14.200654
1,axo29.B4A,2.0934563,2.0494100917884191e-44,14.180865
1,axo6.F2B,2.4168186,2.1458042745899226e-44,14.176658
1,axo20.G6A,3.0689552,2.2958922983600873e-44,14.170942
1,axo29.F12A,2.3957365,3.567072559690228e-44,14.13901
1,axo13.G12B,2.3191502,5.084635575513091e-44,14.113095
1,axo13.G5B,2.1777947,1.594935671370513e-43,14.029483
1,axo29.C1B,2.5220175,1.864349002734582e-43,14.017505
1,axo29.H4A,2.1688037,2.091816198878514e-43,14.007555
1,axo15.F6,2.2378528,2.9121618353633746e-43,13.983161
1,axo29.B9A,2.0439825,3.8731696761916604e-43,13.961576
1,axo6.C11B,2.4725823,3.8731696761916604e-43,13.961138
1,axo29.G2B,2.765711,4.171102163854846e-43,13.955011
1,axo29.H1A,2.213305,4.87437777718733e-43,13.942239
1,axo7.G5B,2.4349658,8.483272525709334e-43,13.901015
1,axo20.A5B,2.7523873,1.1146348115492815e-42,13.880595
1,axo15.E6,2.2835457,1.1146348115492815e-42,13.8798685
1,axo7.E1B,2.5132127,1.1287530438269562e-42,13.878183
1,axo7.E4B,2.5157776,1.1879546422084463e-42,13.873743
1,axo29.A5B,2.506329,1.3968610100590236e-42,13.861354
1,axo7.E7B,2.4407775,1.6390310117404347e-42,13.848362
1,axo15.D11,2.4366162,1.8404115464428767e-42,13.83929
1,axo6.G9B,2.5597956,2.5581552644233096e-42,13.814128
1,axo15.B1,1.9650897,2.6956637568701022e-42,13.809632
1,axo29.H1B,2.2136123,3.158737542088893e-42,13.79749
1,axo29.D10A,2.2374349,3.871548843600941e-42,13.7821
1,axo6.F11B,2.5766437,4.918620665087527e-42,13.764106
1,axo29.H2A,1.889461,5.670535742192827e-42,13.752429
1,axo20.B9B,3.1031923,5.75055473972152e-42,13.75073
1,axo13.B3B,2.232794,9.628066669911918e-42,13.712713
1,axo29.E1B,2.3389184,3.756802556597289e-41,13.611572
1,axo7.H3B,2.1785798,4.044638404865468e-41,13.605515
1,axo6.E5B,2.314967,5.941984221359021e-41,13.576708
1,axo13.H1B,2.4664433,6.330293859635494e-41,13.571418
1,axo29.D2B,2.5540218,9.734437372924012e-41,13.538554
1,axo6.H4B,2.5773463,1.1413819936269635e-40,13.526219
1,axo29.A2A,2.1701376,2.311710712868928e-40,13.472963
1,axo29.E12B,3.1018906,3.329594927624912e-40,13.444759
1,axo29.E2A,2.4881208,4.30569359671863e-40,13.424503
1,axo29.C2B,2.422744,6.3236307960053344e-40,13.394792
1,axo20.A2A,2.933911,7.170929129395742e-40,13.384856
1,axo6.B9B,2.261829,8.123988076553883e-40,13.374989
1,axo20.H1A,2.6075697,8.950953996314065e-40,13.36719
1,axo29.G4B,2.3611016,8.956596261721263e-40,13.36656
1,axo29.E4B,2.8292003,9.796479098059072e-40,13.35931
1,axo29.C12A,2.097989,1.0024609854224207e-39,13.357021
1,axo6.C4B,2.266165,1.3381270610846642e-39,13.334929
1,axo20.D8B,2.3631039,1.6119377519725676e-39,13.320471
1,axo29.C1A,1.8999212,1.9622425173567253e-39,13.305218
1,axo29.C5B,2.472069,2.5514725652497298e-39,13.285017
1,axo13.G9B,2.3022435,2.815187490445743e-39,13.277096
1,axo29.H5A,2.296128,5.2574109611808674e-39,13.229678
1,axo29.H3B,2.1153991,3.098185539928672e-38,13.094028
1,axo20.B2B,2.9222546,6.274127805949226e-38,13.039251
1,axo13.G10B,2.3792076,6.900596757414266e-38,13.031453
1,axo15.B9,1.92365,8.128167309500833e-38,13.01842
1,axo20.C8B,3.0899806,1.0116333777337984e-37,13.001165
1,axo6.C6B,2.86612,1.1327864615316596e-37,12.991983
1,axo13.H4B,2.6897945,1.8963365495738073e-37,12.951883
1,axo29.F3A,2.3240182,1.8963365495738073e-37,12.951446
1,axo15.C6,2.040332,2.3228650860217342e-37,12.935342
1,axo6.A3B,2.719253,2.8119821977538128e-37,12.92013
1,axo29.G12B,2.448991,3.4504035606755315e-37,12.903863
1,axo20.A2B,2.8159766,9.821067274458205e-37,12.822512
1,axo20.A4A,2.773272,1.2421380664153627e-36,12.803778
1,axo20.F4A,3.234095,2.12469761473003e-36,12.761526
1,axo6.D5B,2.428944,2.5194227706610415e-36,12.747739
1,axo6.E3B,2.4085417,3.5687792009297144e-36,12.720056
1,axo13.A11B,1.9695202,7.501447024819988e-36,12.661372
1,axo29.B5B,2.3251565,1.0908737814322368e-35,12.631441
1,axo12.B4,2.0645318,1.3821019130517342e-35,12.612309
1,axo20.B10B,2.9575775,1.4662049765256355e-35,12.607156
1,axo20.H12B,2.865514,1.7033966423302093e-35,12.594835
1,axo20.G5A,2.6532266,3.6693982605989897e-35,12.533645
1,axo12.C10,2.2183774,7.50634374781741e-35,12.476276
1,axo29.H12A,2.2735734,8.427869874176337e-35,12.466559
1,axo13.G11B,2.1014204,2.0742845547391722e-34,12.393103
1,axo13.D2B,1.918245,5.413739382749452e-34,12.314986
1,axo7.C8B,1.9909776,5.891557360885139e-34,12.307681
1,axo29.A12B,2.1204014,6.09216037084942e-34,12.3045025
1,axo20.H6A,2.8878849,7.712263651039856e-34,12.284973
1,axo12.A10,2.3589177,7.82758401744487e-34,12.2833
1,axo20.D4B,2.9544716,9.251156425513212e-34,12.269021
1,axo13.E12B,2.3464236,9.251156425513212e-34,12.268843
1,axo20.G11A,2.6510825,1.4341883600322953e-33,12.232361
1,axo15.F5,2.3738222,2.5847113732770636e-33,12.1839695
1,axo29.H11B,2.7642956,2.6719359365810756e-33,12.180803
1,axo20.C9B,3.0596097,3.0289588383701593e-33,12.170114
1,axo11.A5B,1.971404,4.5951125878616425e-33,12.1355915
1,axo20.E8A,2.8890781,4.9429222352963424e-33,12.129165
1,axo29.B2B,2.2949953,6.186684228622248e-33,12.10995
1,axo20.E5B,2.894874,6.186684228622248e-33,12.109868
1,axo13.B4B,1.9082943,9.455141040249549e-33,12.074578
1,axo20.E6A,2.6391685,9.544499809931683e-33,12.073359
1,axo6.F9B,2.243763,1.2859832095286656e-32,12.048362
1,axo7.C5B,2.1782825,1.4692351589362632e-32,12.036932
1,axo20.H6B,2.9060502,1.8121227892198575e-32,12.019171
1,axo20.D11B,2.7226162,2.1198048212297347e-32,12.005329
1,axo29.E2B,2.5249813,3.0006473992820557e-32,11.97611
1,axo15.A8B,1.9758316,3.612931020057363e-32,11.960268
1,axo13.D8B,1.8727802,3.929137903972323e-32,11.9528675
1,axo20.F3A,2.7298856,4.2015252595383967e-32,11.94644
1,axo12.B3,2.112939,8.662196570650259e-32,11.885715
1,axo29.E5B,2.6263306,9.437788731936275e-32,11.878122
1,axo10.C9B,1.793482,9.492262322788743e-32,11.877217
1,axo11.B1B,1.6889604,1.2843403318757419e-31,11.851329
1,axo29.F6B,2.4029093,1.2843403318757419e-31,11.8510685
1,axo12.C1,1.9821795,1.2962640486290515e-31,11.849876
1,axo29.E1A,1.7739563,2.104629321541434e-31,11.808776
1,axo29.A4A,1.859511,2.7495655187837467e-31,11.785862
1,axo20.D7B,3.0223818,3.218060328094023e-31,11.772184
1,axo7.G4B,2.4456294,3.62718776117587e-31,11.761673
1,axo29.H11A,2.125765,8.609132757970547e-31,11.688066
1,axo12.A1,2.5454717,8.671837693292429e-31,11.687037
1,axo15.A9B,1.7311606,1.064559476635488e-30,11.669194
1,axo20.G12B,2.325127,4.405608917980207e-30,11.547318
1,axo29.F5B,2.132584,5.033395075691253e-30,11.53545
1,axo6.G6B,2.0964663,8.77934488852713e-30,11.486661
1,axo7.D6B,2.4528718,9.981096034779473e-30,11.475163
1,axo10.C12B,2.261083,3.4195561395621643e-29,11.367088
1,axo15.D11B,1.9350184,3.4195561395621643e-29,11.366938
1,axo12.A8,1.8861232,3.735135766328023e-29,11.358824
1,axo15.A5B,2.0707576,4.560414993678082e-29,11.340967
1,axo12.D9,2.0749183,7.181537884539373e-29,11.299565
1,axo16.G6,1.5236512,1.1062308513583696e-28,11.261165
1,axo20.A12B,2.6285033,1.2666620120179943e-28,11.248831
1,axo29.H4B,2.128099,1.2819700765106115e-28,11.247377
1,axo20.C7B,2.4974253,1.5457560113238376e-28,11.230466
1,axo15.B1B,1.7796886,1.7559861770133507e-28,11.218803
1,axo15.G3B,2.1407838,2.0944571945334574e-28,11.202426
1,axo12.C4,1.8556825,3.061854198638683e-28,11.168357
1,axo13.G8B,1.948793,3.131047678271257e-28,11.165985
1,axo20.A7B,2.6125038,3.4371451650875304e-28,11.1573105
1,axo15.A11,1.7515703,4.27394179398579e-28,11.137535
1,axo15.A7B,1.97085,4.35167072202715e-28,11.135548
1,axo13.G3B,1.920419,4.41930735475788e-28,11.133793
1,axo15.G10B,1.7221766,4.500849646527065e-28,11.131409
1,axo7.B1B,2.0040033,5.137286531456593e-28,11.119239
1,axo20.B6A,2.9231732,5.590569871052409e-28,11.111318
1,axo29.B2A,1.8352911,7.378385464620403e-28,11.086143
1,axo29.F4B,2.0889473,8.190152910235318e-28,11.076426
1,axo10.D1B,1.720491,9.202397132541296e-28,11.065613
1,axo15.E11B,1.670131,9.671069425184412e-28,11.060788
1,axo6.F4B,2.166696,1.0050850093782642e-27,11.056965
1,axo15.B7,1.6923121,2.296403770419064e-27,10.98185
1,axo12.D7,1.7423359,2.5053891803860994e-27,10.973613
1,axo15.D5,2.2032418,2.759466863446237e-27,10.964513
1,axo11.D5B,1.830858,3.2454130965742414e-27,10.949466
1,axo6.E10B,2.1147053,6.325268669305242e-27,10.8881235
1,axo29.F11A,1.8769637,6.4429874441623445e-27,10.886081
1,axo13.D4B,1.6685504,7.905015681832367e-27,10.867073
1,axo15.A4,1.6939777,1.0398010594908136e-26,10.841308
1,axo20.A3A,3.0209444,1.2718637976425067e-26,10.822148
1,axo12.F5,1.8588017,1.3402030910091187e-26,10.816996
1,axo6.D12B,2.233963,1.3527060329335732e-26,10.81579
1,axo13.F6B,1.7834918,1.6465445203324668e-26,10.797399
1,axo29.C4B,1.9630648,1.835745307745017e-26,10.787051
1,axo20.C2B,2.984812,2.0425407400568254e-26,10.776882
1,axo20.E12A,2.8002815,2.3013554803050227e-26,10.765549
1,axo15.C5B,2.1735005,2.3149178412526606e-26,10.764658
1,axo13.F9B,1.7053968,2.442828786673846e-26,10.759354
1,axo12.C3,1.6888713,3.9261250442602184e-26,10.714841
1,axo15.B6,1.7733955,5.133614220047406e-26,10.6896515
1,axo29.G8A,1.586401,5.792593037316469e-26,10.678099
1,axo15.F10,2.087104,9.088780002153365e-26,10.635847
1,axo13.C7B,1.668328,9.91621524255592e-26,10.6273775
1,axo29.D4B,2.176687,1.6819745171412123e-25,10.57763
1,axo6.A12B,1.7611809,2.169921454571517e-25,10.553043
1,axo20.F2A,3.0396092,2.506890171370487e-25,10.539133
1,axo6.G10B,1.7524419,3.064721764725848e-25,10.519878
1,axo11.D8B,1.4474205,3.742190320981184e-25,10.500362
1,axo20.F7B,2.6645224,3.948238374793176e-25,10.494964
1,axo15.C9B,1.876779,5.6841337471917865e-25,10.460154
1,axo15.A2B,2.0288048,6.984171860537496e-25,10.440282
1,axo6.F8B,1.8056306,7.842587843670793e-25,10.428934
1,axo13.H6B,1.673943,1.4034324300933782e-24,10.372813
1,axo16.B12B,1.7655928,2.403786752767092e-24,10.320941
1,axo12.D6,1.883141,2.6266777648025127e-24,10.312088
1,axo21.F2B,1.9387671,3.2456804463148302e-24,10.291065
1,axo12.H7,1.907954,5.7717196883061664e-24,10.234492
1,axo13.C8B,1.5922031,6.252844343984984e-24,10.226406
1,axo15.B5B,1.6230087,6.642755637608234e-24,10.219883
1,axo15.B12B,1.7217644,1.050213772860297e-23,10.175055
1,axo15.C10B,1.7613126,1.1285051163533616e-23,10.167723
1,axo29.A3B,1.7624719,1.1794596926339311e-23,10.163091
1,axo16.A7B,1.6866573,1.5680388988331005e-23,10.134969
1,axo20.G8A,2.8249702,2.6829327506932717e-23,10.082014
1,axo13.F4B,1.6179588,2.991195555819715e-23,10.070995
1,axo21.E8A,1.8522086,3.195428143415442e-23,10.06417
1,axo29.H2B,1.9672667,4.419338371536197e-23,10.031882
1,axo13.D10B,1.6052428,4.744884693244067e-23,10.024536
1,axo20.B11A,2.873898,5.21565765118425e-23,10.014861
1,axo10.F1B,1.6303762,5.390758327371818e-23,10.0112705
1,axo29.D12A,1.5832934,5.469268448807589e-23,10.009516
1,axo29.B6A,1.5679266,5.583281022807633e-23,10.00683
1,axo20.E9A,2.71621,6.77521483532892e-23,9.987342
1,axo20.B12B,2.4761233,8.67396433519648e-23,9.962495
1,axo20.D6B,3.0166233,2.122144632905178e-22,9.872853
1,axo7.G6B,1.7229679,2.163875439054653e-22,9.870578
1,axo15.C3B,1.5832292,2.687042546132067e-22,9.848514
1,axo13.C4B,1.6153954,3.378960706781029e-22,9.825133
1,axo12.C6,1.6727786,4.0256389780852115e-22,9.807153
1,axo13.B2B,1.5555323,5.022465318622915e-22,9.784156
1,axo20.B5B,3.044403,6.601972934371455e-22,9.755815
1,axo13.H3B,1.5186942,7.241487005674216e-22,9.746112
1,axo15.E10B,1.5416893,9.233028979216567e-22,9.720457
1,axo15.C4,1.722274,1.199824327774141e-21,9.693431
1,axo13.E4B,1.4158709,1.2717799469773203e-21,9.687168
1,axo11.D7B,1.4369649,1.4650129786707186e-21,9.672079
1,axo15.F3,1.566703,1.630435700971457e-21,9.660814
1,axo12.G1,1.4972986,1.6979271314984944e-21,9.656346
1,axo10.A1B,1.6307518,1.7681937485802717e-21,9.651878
1,axo12.G9,1.5556879,2.5047824593173833e-21,9.615177
1,axo15.F9B,1.7101626,3.000163072648358e-21,9.596279
1,axo20.H3B,3.201762,3.3509686221449004e-21,9.584561
1,axo29.F10A,1.4817789,3.376664932030042e-21,9.583465
1,axo15.F3B,1.4580007,3.685482216773521e-21,9.574119
1,axo15.F10B,1.4605445,6.026143929587515e-21,9.522862
1,axo29.A9A,1.4604918,6.0369685991210774e-21,9.522369
1,axo15.D12,1.8156134,6.371836111982942e-21,9.51623
1,axo10.G9,1.3435518,6.5315136752337e-21,9.513269
1,axo20.F4B,2.8993952,9.939918424072302e-21,9.468894
1,axo12.D2,2.1779075,1.3004780220039941e-20,9.440168
1,axo15.F4,1.5823535,1.3048966789685072e-20,9.439511
1,axo15.C9,1.4112128,1.3814488016130197e-20,9.432933
1,axo10.C12,1.4845049,1.5437083944008907e-20,9.420681
1,axo29.G7B,1.6242902,2.0711006835498325e-20,9.389475
1,axo7.D4B,1.9126878,2.306584745552322e-20,9.377826
1,axo10.H2B,1.624849,2.7470754644982445e-20,9.359078
1,axo20.H10B,2.4924698,2.915607505538095e-20,9.352486
1,axo13.G6B,1.510084,3.657447442841913e-20,9.328188
1,axo12.B1,1.7244167,7.457974672530913e-20,9.251455
1,axo6.F6B,1.6267043,9.800758287073992e-20,9.221621
1,axo15.D8,1.3561915,1.211402904289584e-19,9.198281
1,axo20.F8A,2.0830882,1.7282737687879577e-19,9.159716
1,axo21.C9A,1.7553768,2.2748710323269023e-19,9.129717
1,axo10.C1,1.2946504,3.321109858636145e-19,9.088068
1,axo20.F10A,2.6255972,3.342272873029547e-19,9.087081
1,axo10.F7,1.6339713,3.3793090712792744e-19,9.0855875
1,axo6.H6B,1.7086414,3.664092357254711e-19,9.076488
1,axo6.C8B,1.6498817,4.0839893758664717e-19,9.064373
1,axo21.H10B,1.5218148,5.696142905395681e-19,9.027438
1,axo10.A11B,1.6889967,6.385110252916666e-19,9.014638
1,axo15.B8,1.5226401,7.110877297267982e-19,9.002537
1,axo20.E3A,2.2622807,2.5881252846603e-18,8.858158
1,axo15.G5,1.892925,2.7655180512539047e-18,8.85047
1,axo10.C10,1.5049573,3.0951550278959554e-18,8.837602
1,axo20.A1A,2.4196649,4.186363326852002e-18,8.803203
1,axo10.H10,1.1837957,6.2606241665782194e-18,8.757648
1,axo15.C12B,1.4102511,6.739467807754825e-18,8.749042
1,axo13.H12B,1.3780606,1.1195693409770623e-17,8.690989
1,axo15.A12B,1.5353816,1.3238388619883644e-17,8.671638
1,axo29.B7A,1.2481997,1.8152296127598286e-17,8.635334
1,axo15.H4B,1.3390691,2.0271410384004256e-17,8.62241
1,axo15.F2,1.4866769,2.0499970556973276e-17,8.620834
1,axo12.G10,1.467092,2.272565282646957e-17,8.608733
1,axo21.F1B,1.2929828,2.3478552341986535e-17,8.604704
1,axo15.G7B,1.362208,3.746710506978864e-17,8.549474
1,axo10.C8B,1.3201487,6.870470264895607e-17,8.478621
1,axo21.G3B,1.3991573,6.906854887140183e-17,8.477716
1,axo10.A6B,1.4417406,8.091652595113566e-17,8.4589815
1,axo21.F12B,1.4365699,1.0048228626305073e-16,8.432819
1,axo7.C3B,1.342368,1.1688394724545657e-16,8.414825
1,axo10.B9B,1.5667232,1.1772052579579869e-16,8.413702
1,axo21.F5A,1.6025171,1.3403188160957524e-16,8.397901
1,axo16.D8B,1.3305913,1.349281008750339e-16,8.3968315
1,axo21.G1A,1.6385807,1.4947342031613501e-16,8.384511
1,axo10.B8,1.2597506,1.984897088540871e-16,8.35051
1,axo10.B10,1.181507,2.921207036043361e-16,8.3044615
1,axo11.C6B,1.3034538,3.9587963071762356e-16,8.268007
1,axo15.F1B,1.2601904,5.359372828467598e-16,8.230662
1,axo10.F8B,1.4751927,6.700748917680858e-16,8.203294
1,axo10.B12,1.283401,7.088321388053921e-16,8.19625
1,axo21.G2B,1.5390362,1.038176671788994e-15,8.149092
1,axo15.H9B,1.2724035,1.4121365921845593e-15,8.110951
1,axo29.G10A,1.3356751,1.477521499898217e-15,8.105168
1,axo6.E12B,1.3926115,1.5457170803963767e-15,8.099399
1,axo21.H6A,1.6124113,1.5468445859760565e-15,8.099029
1,axo21.E9A,1.525665,1.5894932932756121e-15,8.095438
1,axo15.B6B,1.2393203,1.592279936461846e-15,8.094945
1,axo15.D2,1.2517217,1.6297430843961043e-15,8.091833
1,axo15.A3B,1.2036995,2.3805198897208678e-15,8.045005
1,axo12.D3,1.4867417,2.406935189576558e-15,8.043374
1,axo10.C2,1.276075,2.747096853667838e-15,8.026887
1,axo10.F9,1.1293564,2.852303061808944e-15,8.021995
1,axo10.G10,1.4544098,4.180547213909259e-15,7.973795
1,axo21.E12B,1.4032161,4.529858330628115e-15,7.9635987
1,axo7.F6B,1.3279573,5.559653914540983e-15,7.9376698
1,axo15.C7B,1.4866141,7.004219573323098e-15,7.9086843
1,axo16.E8B,1.2432289,7.143392636098286e-15,7.9059567
1,axo21.C8B,1.2863157,7.42525215315533e-15,7.900859
1,axo21.D8B,1.3160571,8.284673199843179e-15,7.886921
1,axo16.D6B,1.3774244,9.067148696880653e-15,7.875094
1,axo15.A10B,1.159883,1.0085548081745979e-14,7.861499
1,axo15.B10B,1.3743765,1.009652142186568e-14,7.861088
1,axo21.A12B,1.2034104,1.3358276342057247e-14,7.825675
1,axo15.E12B,1.2282438,1.4762067552998236e-14,7.81282
1,axo21.F4A,1.5464519,1.667250497181053e-14,7.7971964
1,axo10.E12,1.220988,2.494140278618535e-14,7.7459135
1,axo21.D9A,1.5361758,2.6062512287388885e-14,7.7397738
1,axo20.C1B,2.2714982,2.622859984949423e-14,7.7386913
1,axo8.B3A,1.2424389,4.26172389005399e-14,7.6756225
1,axo15.B7B,1.2389517,5.82803676487083e-14,7.635125
1,axo10.C8,1.1292163,6.540956658918635e-14,7.6199675
1,axo12.B7,1.2607315,6.679132834936728e-14,7.616994
1,axo10.B5,1.177958,7.132361383146512e-14,7.6082363
1,axo15.B11B,1.1924151,7.779618427980759e-14,7.5964503
1,axo10.H5,1.245357,8.325507693849267e-14,7.5873914
1,axo11.B5B,1.122864,8.839746736122475e-14,7.579073
1,axo21.A11A,1.5548885,1.234536051452591e-13,7.5345187
1,axo8.C12A,1.042638,1.448063903533009e-13,7.5134
1,axo15.C2,1.1356302,1.5074925859034532e-13,7.5078635
1,axo11.E11B,1.3352119,1.5490972660279657e-13,7.504026
1,axo15.G12B,1.3639629,1.5536779869008444e-13,7.5033684
1,axo10.A8B,1.216737,1.9089978165055802e-13,7.4757943
1,axo15.C1,1.2195686,2.128122694041052e-13,7.4609523
1,axo15.C12,1.218971,2.2245228147001361e-13,7.4543056
1,axo15.G8B,1.2620422,2.3584713208771183e-13,7.4460554
1,axo11.C4B,1.2335442,2.64528138322217e-13,7.4306235
1,axo11.B6B,1.3032151,2.716369046264331e-13,7.426581
1,axo29.D3B,1.2307492,3.355292018200308e-13,7.3983083
1,axo21.D1A,1.3620973,3.7137050159554507e-13,7.3845487
1,axo10.C1B,1.1015447,3.9482975404757927e-13,7.3758597
1,axo10.E7,1.1170343,4.4134194675861323e-13,7.3607435
1,axo21.D2A,1.407419,4.4262137991819345e-13,7.360072
1,axo21.G9B,1.5186404,4.817440442514678e-13,7.3482447
1,axo7.H7B,1.2191609,4.907971720613037e-13,7.3454905
1,axo15.A5,1.154031,9.341163180217444e-13,7.258123
1,axo11.A11B,1.0826595,9.885625936064697e-13,7.250188
1,axo10.D1,1.1139536,1.122431004066659e-12,7.232701
1,axo10.E3,1.0950936,1.3248030729460026e-12,7.209896
1,axo21.C2B,1.2611281,1.631507433091367e-12,7.180952
1,axo15.B9B,1.1092873,1.6485345596548788e-12,7.179266
1,axo10.F11,1.0404155,2.1162365760614524e-12,7.1447716
1,axo15.F4B,1.1182922,2.381864034707065e-12,7.1282434
1,axo10.D6,1.0602901,2.7041144128960103e-12,7.1096873
1,axo15.B12,1.1099788,3.4749303213084717e-12,7.0741925
1,axo10.G11,1.0250592,3.784993977839635e-12,7.0620637
1,axo10.A12B,1.2913426,4.2795656871398885e-12,7.044453
1,axo20.B1A,2.900369,4.7719252799855395e-12,7.029008
1,axo21.F1A,1.1300179,4.842109487164244e-12,7.0267057
1,axo15.C11B,1.4183791,5.206571835379865e-12,7.016304
1,axo16.B9B,1.1852134,5.348146432824845e-12,7.012288
1,axo15.F12,1.1654547,5.896019233769387e-12,6.9978437
1,axo11.A9B,1.1785406,7.74179278465618e-12,6.9590454
1,axo16.A8B,1.2871128,7.931377774180618e-12,6.955373
1,axo10.B11,1.0316865,1.000910993248208e-11,6.922235
1,axo11.C8B,1.0710571,1.0686098270180997e-11,6.9126964
1,axo10.D7,1.0672163,1.1131568132613289e-11,6.906639
1,axo13.H11B,1.1853925,1.4447850417683951e-11,6.8690057
1,axo16.D5B,1.2599818,1.5815958107425435e-11,6.855822
1,axo10.D10,1.2109385,1.656804023423094e-11,6.8489146
1,axo15.A7,1.0855647,1.9643599328905584e-11,6.8242464
1,axo15.D2B,1.0702784,2.024833543829504e-11,6.819628
1,axo21.A7B,1.1719759,2.1507374500521817e-11,6.8106923
1,axo21.G5B,1.3246012,2.9162444041615574e-11,6.7657
1,axo10.E5,1.14653,3.1090707488939804e-11,6.7561617
1,axo8.C10B,1.0695547,3.65490574261928e-11,6.7324114
1,axo11.D11B,1.0518943,4.047310217195708e-11,6.717035
1,axo10.E1,1.0239239,4.262691139493792e-11,6.7092094
1,axo15.A11B,1.0385282,4.6113110734750496e-11,6.6974645
1,axo15.D12B,1.0744613,4.752002364098318e-11,6.6925445
1,axo21.C7A,1.1992881,4.812874074536695e-11,6.69042
1,axo4.G3,1.1943239,5.865164240944701e-11,6.6609
1,axo21.C11B,1.2048807,6.867036230447007e-11,6.637424
1,axo21.G10A,1.3416009,9.5705451813772e-11,6.5875115
1,axo16.H7B,1.0468408,1.171656962510531e-10,6.5566077
1,axo16.E2,0.92629915,1.331922938913985e-10,6.5369277
1,axo16.A5B,1.091092,1.5252332764296547e-10,6.516357
1,axo8.G10A,1.1060971,1.5284173773216318e-10,6.5157814
1,axo21.H8A,1.0647892,1.8274206659535944e-10,6.4883857
1,axo15.H8B,0.91693395,1.911147267064325e-10,6.481369
1,axo15.C2B,1.2532434,2.3024914759380113e-10,6.452945
1,axo21.H3A,1.1871603,2.4881183698092934e-10,6.4409266
1,axo21.B2A,1.1867697,2.539825212589812e-10,6.4375415
1,axo10.B4,0.94992226,2.9249384415673254e-10,6.4155455
1,axo10.B2,1.033303,2.9249384415673254e-10,6.4155455
1,axo10.B6B,1.0472625,3.3120823376714896e-10,6.396057
1,axo21.H3B,0.9695271,3.640413529507471e-10,6.3813386
1,axo16.H3B,0.9988571,5.511909829956371e-10,6.3172555
1,axo10.B3B,1.0024391,6.086048750876378e-10,6.301125
1,axo15.G3,0.983952,6.192841110983391e-10,6.298165
1,axo21.E2A,1.1652026,6.238864327306102e-10,6.2967534
1,axo10.G3,1.013444,7.46935716922705e-10,6.2679873
1,axo21.B11B,1.1063106,9.366215897910737e-10,6.231327
1,axo10.G8B,1.0517569,1.1884705588637528e-09,6.1933923
1,axo10.H8,0.94398993,1.6782622754706212e-09,6.1377378
1,axo21.A4A,1.215488,2.4255245257218676e-09,6.07815
1,axo11.B3B,0.9507028,2.448782109971856e-09,6.0763545
1,axo10.D9,0.93424517,2.6349145332884293e-09,6.064061
1,axo16.B3,0.9755699,2.828120507234662e-09,6.0524125
1,axo10.A8,0.88091123,3.2823861468605773e-09,6.028114
1,axo21.E7B,1.1363328,3.6286943334565395e-09,6.0116134
1,axo21.E9B,1.216077,3.7381755705929656e-09,6.0065293
1,axo15.B5,0.96222526,3.909400311283389e-09,5.998731
1,axo2.E7,1.0248703,4.245144362722455e-09,5.984807
1,axo16.D6,0.9216492,4.699103235030443e-09,5.9674573
1,axo21.G7B,1.3716534,4.959498506937447e-09,5.9583845
1,axo16.D1B,1.0007069,5.1254769243944374e-09,5.9527383
1,axo10.C9,0.8763653,5.295972488209856e-09,5.947119
1,axo9.C1A,0.88956356,5.5004251453941635e-09,5.940651
1,axo11.C11B,0.9072421,6.641716149723375e-09,5.9094043
1,axo21.D7A,1.1765577,6.706543055416141e-09,5.9075403
1,axo8.A1A,1.0107262,6.8752242201844004e-09,5.903182
1,axo21.D12A,1.2168218,7.844871831813322e-09,5.8805966
1,axo16.F5B,0.925717,8.377249884367012e-09,5.8691945
1,axo16.A9B,0.9314107,8.544939039818301e-09,5.865645
1,axo10.D2,0.91097146,8.573139105336438e-09,5.864836
1,axo13.F5B,1.0046053,9.153583974880909e-09,5.8536944
1,axo21.C3B,1.189802,9.383423453949945e-09,5.849309
1,axo15.B4B,0.905925,1.0333099611470124e-08,5.832466
1,axo16.D10B,0.9416115,1.1907886483005406e-08,5.808236
1,axo4.F4,0.97688913,1.2186739527338033e-08,5.804097
1,axo8.E3B,0.85615313,1.3676998968387806e-08,5.784472
1,axo16.E12B,0.9607193,1.409324818808493e-08,5.7791686
1,axo10.D3B,1.0058892,1.4614264317960438e-08,5.7727957
1,axo8.E10B,0.88724136,1.4879297929435015e-08,5.7695065
1,axo15.C8B,0.93415684,1.5848842673990417e-08,5.758598
1,axo21.C2A,1.1368405,1.6087243315156656e-08,5.7558155
1,axo21.D3A,1.2217379,1.7470668417070362e-08,5.7413435
1,axo21.G8A,1.1784343,1.8857869975385336e-08,5.727872
1,axo10.A10B,1.0675286,1.9287500379713816e-08,5.723788
1,axo15.D10B,0.9016077,2.4245750832108254e-08,5.6840305
1,axo21.B4A,1.0844691,2.4433068534716007e-08,5.6824546
1,axo21.H6B,1.0394992,2.4513541930434312e-08,5.681632
1,axo10.C7B,0.8880711,2.737344527741884e-08,5.662473
1,axo11.F7B,0.9344892,2.9367392081122294e-08,5.650139
1,axo15.D6B,0.85375786,3.0308908422024135e-08,5.6444516
1,axo10.G2B,0.98588836,3.0967595318379564e-08,5.640491
1,axo11.C2B,0.78520733,3.3183233204256475e-08,5.628061
1,axo16.E5B,0.935876,3.4447607585244606e-08,5.6213455
1,axo8.C4B,0.9184514,3.515437813852197e-08,5.6175766
1,axo10.A1,0.81113356,3.9079755762147714e-08,5.5987325
1,axo21.G12B,1.1695539,4.955070151077117e-08,5.5566454
1,axo8.C11A,0.80625504,5.2048033449546985e-08,5.5477924
1,axo21.B3B,1.0828774,5.327751982083804e-08,5.5431876
1,axo14.G10A,1.0958315,5.536032158789098e-08,5.536212
1,axo29.E8B,0.8943749,5.61676094480658e-08,5.533156
1,axo21.E11A,1.1678845,5.7969232309058767e-08,5.5273585
1,axo21.G1B,0.9569943,6.502931973979636e-08,5.5063767
1,axo16.C5B,0.95995843,8.112682472130644e-08,5.46677
1,axo9.C10A,0.8395325,8.272214901861607e-08,5.463056
1,axo15.D4B,0.8781839,8.321602796588632e-08,5.4617405
1,axo21.C1B,1.0589912,8.391346144089515e-08,5.46
1,axo16.B2B,0.9763895,9.382681290393854e-08,5.439882
1,axo9.E6A,0.87554353,1.0289607948687649e-07,5.4226413
1,axo15.E4,0.8921276,1.0579343054374842e-07,5.417159
1,axo16.A8,0.8388907,1.1589782622312731e-07,5.4003024
1,axo21.B9A,1.1759268,1.215999072991102e-07,5.391422
1,axo21.H7B,1.3437846,1.3717826021818508e-07,5.368946
1,axo21.H1B,1.1490818,1.4076139271913607e-07,5.363519
1,axo16.G11B,0.9172097,1.4730670120703202e-07,5.3550496
1,axo21.E10A,0.8894636,2.225628598132534e-07,5.2791533
1,axo21.F7B,1.1717492,2.3007338424085156e-07,5.272808
1,axo21.F9A,0.9527909,2.8884616652010164e-07,5.2301316
1,axo21.C4B,0.9460926,3.167741642082953e-07,5.212521
1,axo10.B1B,0.81842166,3.323471892514502e-07,5.203202
1,axo16.D3B,0.9338406,3.449287517289737e-07,5.1959248
1,axo21.C11A,0.7791352,3.5198627606237917e-07,5.1918955
1,axo21.A4B,0.872613,4.2392759422299394e-07,5.156647
1,axo21.D5B,1.0154456,4.5545640272116983e-07,5.142408
1,axo15.A12,0.822896,4.6221664660365023e-07,5.139379
1,axo21.E4A,0.78124446,5.299649457182439e-07,5.1133537
1,axo15.F7B,0.78850716,5.414273422176736e-07,5.1090508
1,axo21.B8A,1.0451242,5.745642438164355e-07,5.0975523
1,axo11.E5B,0.8326373,9.325827145589526e-07,5.0039907
1,axo16.F5,0.79308695,9.868080174818516e-07,4.992561
1,axo11.F3B,1.0166845,1.0629575583446287e-06,4.9779243
1,axo15.G4B,0.79262304,1.1263599271595343e-06,4.9661655
1,axo21.B7A,1.0207129,1.3957143160919178e-06,4.922804
1,axo16.G10B,0.81272054,1.4925446847441987e-06,4.909401
1,axo21.E5B,0.9983865,1.6678596885183141e-06,4.887309
1,axo10.F6,0.72721493,1.9682926956957475e-06,4.8537874
1,axo14.C12A,0.7256604,2.217180598597925e-06,4.8295984
1,axo15.D5B,0.77889204,2.315584022766453e-06,4.820677
1,axo21.E12A,0.97428906,2.7268091680166934e-06,4.7874293
1,axo11.B10B,0.78249466,3.1010581167233877e-06,4.7610064
1,axo16.C10B,0.8152895,3.1210013774793864e-06,4.759444
1,axo10.G8,0.7499285,3.190908881530123e-06,4.7547026
1,axo21.F9B,0.9583754,3.4857991883192833e-06,4.7365437
1,axo16.H10,0.8009423,3.6910329599122436e-06,4.724662
1,axo10.H7,0.72042555,4.502060138830218e-06,4.6838627
1,axo10.B9,0.6942861,5.936190067834602e-06,4.62607
1,axo21.A5A,0.81633866,6.2299358372618845e-06,4.615778
1,axo21.D4A,0.83817744,6.620735195491002e-06,4.6028543
1,axo11.B7B,0.63864845,7.082194385547218e-06,4.588533
1,axo16.D11B,0.7008658,7.65906019376457e-06,4.571882
1,axo2.D12,0.7576071,7.704771994718183e-06,4.5703607
1,axo21.G5A,0.8693177,9.230761665927394e-06,4.5317955
1,axo16.A6B,0.81154,1.001499740269945e-05,4.5142674
1,axo10.F8,0.69970924,1.0245890012916713e-05,4.5088816
1,axo16.H6,0.67786604,1.2028962227088738e-05,4.4744415
1,axo21.H8B,0.7599624,1.3226928667101633e-05,4.453638
1,axo21.F3B,0.8775515,1.4289120535659719e-05,4.4366717
1,axo21.B8B,0.88014877,1.4647677463224947e-05,4.4310527
1,axo16.H2B,0.71311164,1.5780213260723115e-05,4.414689
1,axo15.A9,0.740954,1.7352720788716896e-05,4.393255
1,axo3.H2,0.69492805,1.805835716877825e-05,4.384306
1,axo21.G8B,0.8395861,1.8113702961943403e-05,4.3833604
1,axo16.B10B,0.7791402,1.893536948802522e-05,4.3734107
1,axo16.E9B,0.7370583,2.2168338290257503e-05,4.338327
1,axo16.H5B,0.76620805,2.4833516869941728e-05,4.312178
1,axo8.D11A,0.6625689,2.637541015458443e-05,4.2982817
1,axo16.G5,0.7198651,2.783247963306894e-05,4.285783
1,axo21.A3A,0.7167068,2.930003018005165e-05,4.2740655
1,axo3.H1,0.6642142,3.081058207276026e-05,4.2620053
1,axo21.C6A,0.85172486,3.1445112345910984e-05,4.257168
1,axo21.B12B,0.8279555,3.14518779600764e-05,4.256839
1,axo10.B4B,0.6925623,3.434556989106754e-05,4.2368298
1,axo15.A2,0.7693636,4.118730820883805e-05,4.195277
1,axo21.H2A,0.7063806,4.362051479979675e-05,4.181682
1,axo21.D5A,0.8707313,4.422488545018507e-05,4.17827
1,axo16.A1B,0.74565417,4.461101593770363e-05,4.176008
1,axo16.G11,0.6563348,4.6399150200199006e-05,4.1667714
1,axo21.F5B,0.7487753,4.8810856451561094e-05,4.154917
1,axo15.A6B,0.6830879,5.034762392196649e-05,4.147256
1,axo10.C3,0.65330195,5.210318774363362e-05,4.1391153
1,axo16.B7B,0.6949259,5.515566764791348e-05,4.1254654
1,axo10.C6,0.63867146,5.866784847899083e-05,4.1109524
1,axo11.C3B,0.639035,6.331770981863722e-05,4.0927386
1,axo21.B6A,0.7941499,6.933576391642072e-05,4.0710716
1,axo21.B6B,0.753769,8.284784649620564e-05,4.028834
1,axo10.A4,0.634534,8.929869029677177e-05,4.010881
1,axo10.D6B,0.657468,9.502226977838401e-05,3.9959016
1,axo16.G6B,0.6645783,0.00010904268224157048,3.962599
1,axo10.B3,0.61611414,0.00011881187988117256,3.9417818
1,axo21.D7B,0.5971938,0.00013752907491529828,3.9050944
1,axo16.B6B,0.72060657,0.0001433851279826445,3.8947062
1,axo15.A6,0.657705,0.000157867595884926,3.8710244
1,axo21.F6A,0.65595585,0.00015805580114044282,3.8701475
1,axo10.H4,0.60774815,0.00016174413406201622,3.864227
1,axo8.A12B,0.5996662,0.00020972217690944244,3.7988555
1,axo21.C12B,0.6406517,0.00022033736990082005,3.786302
1,axo21.C6B,0.723002,0.0002520661793828165,3.7524242
1,axo15.C6B,0.6686006,0.0002966702252062438,3.7107894
1,axo8.C6B,0.5710761,0.0002972502006102095,3.7099946
1,axo10.A11,0.61450773,0.00030855183751351986,3.6999352
1,axo9.F12A,0.5877933,0.00035499716109996455,3.6629875
1,axo15.H10B,0.6357474,0.00039943488437624134,3.6320696
1,axo21.F4B,0.60177547,0.0004080259480070677,3.6262724
1,axo21.C3A,0.6519557,0.0004133121121070724,3.6223392
1,axo16.C8,0.583644,0.0004162108146079996,3.6202288
1,axo11.G2B,0.5812344,0.000423745393522995,3.6152813
1,axo16.A12B,0.59356606,0.00047786111598642527,3.583418
1,axo16.B3B,0.6543596,0.0005243877110174795,3.5584755
1,axo16.D9,0.6175125,0.0006070999658764633,3.519198
1,axo21.B1B,0.6226202,0.0006681727088288297,3.4933782
1,axo21.F8A,0.57073414,0.0006722456478034552,3.4914458
1,axo16.E9,0.60156405,0.000674160375458799,3.490377
1,axo15.E5B,0.6289883,0.0007519194631005382,3.4607885
1,axo21.B12A,0.51656723,0.0007919299361385165,3.4464946
1,axo21.D12B,0.5595512,0.0008214391974631345,3.4362845
1,axo8.C5A,0.5657925,0.0009023615388239669,3.4098072
1,axo8.F12A,0.58685994,0.0009466459261852235,3.396404
1,axo2.G8,0.6745767,0.0009582824689799984,3.3927448
1,axo16.H6B,0.52356553,0.0010155706365023213,3.376491
1,axo8.B9B,0.5776751,0.001130749604102965,3.34619
1,axo21.G4B,0.5495409,0.0011362901904807404,3.344518
1,axo9.H5A,0.5597435,0.0012215637865772993,3.3234403
1,axo9.A3A,0.5102913,0.0012657941173708513,3.313189
1,axo16.A6,0.5686668,0.0013426506792773593,3.2960308
1,axo2.C2,0.5325214,0.0014014120282852098,3.2833402
1,axo15.C4B,0.5739219,0.0014285479343756678,3.2776117
1,axo21.A9B,0.5721887,0.0015388718841624837,3.255273
1,axo21.B5A,0.60867435,0.0015979442310593347,3.2442408
1,axo16.E2B,0.55678844,0.001726569524121596,3.221162
1,axo10.F1,0.4897271,0.0017934210997825337,3.209938
1,axo11.E2B,0.52028465,0.0018705390917529638,3.1974943
1,axo10.F5,0.46956128,0.0020236459077261067,3.1740866
1,axo10.H1,0.53074074,0.002081571661065001,3.1655622
1,axo10.G5,0.5170142,0.0020931121578280664,3.16363
1,axo9.A7A,0.47982094,0.0021420565234375184,3.156572
1,axo16.A7,0.5017782,0.0023918114752024687,3.1239412
1,axo3.B7,0.4829226,0.0024027740537422636,3.1222692
1,axo3.E2,0.50602895,0.0025398294739286155,3.105248
1,axo16.G4,0.49027967,0.0033123158590500344,3.0251715
1,axo9.E4A,0.5648158,0.003451134425192626,3.0123987
1,axo21.D11B,0.5114011,0.003528515890840852,3.0053272
1,axo4.G2,0.4421488,0.0036351453156025625,2.9959257
1,axo16.C1,0.525007,0.003802840949030642,2.9818099
1,axo9.A6A,0.5262471,0.0039174896755995395,2.9723673
1,axo21.A8B,0.47145146,0.0039187927105844,2.9719288
1,axo8.F11A,0.4713452,0.004190512191786752,2.950947
1,axo21.G6B,0.5444066,0.004344485788186691,2.939106
1,axo16.D4B,0.45399538,0.004639956557161172,2.9179735
1,axo21.A1A,0.5169922,0.004701750450590809,2.9135058
1,axo21.C1A,0.48555747,0.0048406489894892895,2.9040632
1,axo8.E6B,0.4353082,0.00510198208019484,2.8872201
1,axo21.A11B,0.42535648,0.0067956412412976145,2.7947683
1,axo14.E8A,0.43452975,0.006983708727711602,2.78523
1,axo8.F3B,0.392935,0.00886158971149567,2.7060306
1,axo11.B4B,0.44641832,0.008962609372629072,2.701549
1,axo9.H8A,0.52760565,0.008992551641822713,2.7000828
1,axo16.F8B,0.4497201,0.009087811808070105,2.696218
1,axo2.C3,0.42071542,0.009893099925985326,2.6670957
1,axo16.B10,0.45041323,0.009915625903724747,2.6659718
1,axo16.G1B,0.46051693,0.01020075708548027,2.655707
1,axo21.A10A,0.4490422,0.011001276537009481,2.629764
1,axo21.H11B,0.47806066,0.011314511416836122,2.6198418
1,axo21.D9B,0.44678476,0.01132865830647656,2.6189098
1,axo21.D8A,0.42801595,0.01132865830647656,2.6186907
1,axo21.E6B,0.45944935,0.012630241696232194,2.5810027
1,axo10.D2B,0.42892092,0.012720921605409672,2.5781658
1,axo14.G3A,0.43533844,0.012826903718963053,2.5749316
1,axo11.B9B,0.4901714,0.014368289670431607,2.5339546
1,axo3.E7,0.40416425,0.014490147496249443,2.5306244
1,axo8.G11B,0.40299472,0.014557728044977312,2.5282533
1,axo2.D8,0.37164354,0.014661533282440202,2.5253892
1,axo16.E4B,0.40896928,0.015111873528990004,2.5143707
1,axo14.H9A,0.43045998,0.015310951486189453,2.509382
1,axo3.H7,0.4208201,0.015495507567094767,2.5047226
1,axo21.E4B,0.40535918,0.015495507567094767,2.5044072
1,axo8.D4A,0.3865534,0.01642498866801918,2.482987
1,axo21.H10A,0.40902284,0.01669476792017547,2.4768062
1,axo21.G11A,0.3434755,0.017314538340546873,2.462649
1,axo9.H7A,0.43033487,0.017533884910563718,2.4573865
1,axo2.A4,0.39969927,0.01764782323280528,2.4546866
1,axo10.A2,0.3775069,0.017925419385468124,2.4486978
1,axo16.H12,0.43662682,0.018958236638810223,2.4277022
1,axo21.A6B,0.44800735,0.019036741377081372,2.4254546
1,axo14.E4A,0.40667948,0.019167741997371857,2.4225903
1,axo3.D7,0.3535146,0.019633684343091366,2.4134767
1,axo16.D4,0.3979676,0.020321710329261743,2.399772
1,axo2.E11,0.37770703,0.02280697991714825,2.3560953
1,axo21.C4A,0.385866,0.02442807013149187,2.3297138
1,axo16.B1B,0.35129803,0.02549847798084111,2.3130488
1,axo16.D12B,0.39457104,0.02723501510273579,2.2875032
1,axo14.E2A,0.33322084,0.028639541543152874,2.267933
1,axo8.E6A,0.4117767,0.02921627012895978,2.259902
1,axo16.H10B,0.43017706,0.029849636213229655,2.2512681
1,axo2.E6,0.36064285,0.030317665299500123,2.2448816
1,axo2.D4,0.37528557,0.030354352344508263,2.2438538
1,axo2.B1,0.34744513,0.03264398153812907,2.2150328
1,axo16.C6B,0.38724872,0.033197930743850565,2.208071
1,axo21.B9B,0.37379372,0.033523192602752216,2.2038636
1,axo21.D1B,0.36635467,0.03428095444060706,2.1943114
1,axo3.C1,0.33465734,0.03489716305880427,2.1869109
1,axo16.F6,0.37286994,0.035499468013899735,2.1793733
1,axo16.D5,0.45433575,0.037137984588609285,2.1607075
1,axo8.A1B,0.31287634,0.037851955207438615,2.1527314
1,axo16.C11,0.40137786,0.038628822417789116,2.1430285
1,axo9.G11A,0.43031535,0.039386868572280714,2.134847
1,axo8.E4A,0.31629938,0.04158223386589549,2.1126041
1,axo8.C2B,0.38413903,0.041590289248179715,2.1121244
1,axo10.B11B,0.4353189,0.04233601495679029,2.1037235
1,axo9.G6A,0.41959667,0.04603666897085271,2.0678995
1,axo15.E1B,0.42798728,0.04787354221891871,2.0509605
1,axo21.F6B,0.2925407,0.047975716441424045,2.0496721
1,axo21.B4B,0.37882003,0.0490850805995766,2.039791
1,axo16.F4B,0.3211303,0.04917794773479676,2.0385988
1,axo21.H5A,0.3030578,0.04970971769667862,2.03372
2,axo14.E10A,1.1338433,4.95880293019138e-62,17.04065
2,axo9.E11A,1.0494366,2.4901006931435806e-61,16.9052
2,axo10.F9B,1.020292,1.9615026131543642e-57,16.341139
2,axo10.G9B,1.0540358,1.9615026131543642e-57,16.325603
2,axo9.C7A,1.0210291,5.991782394526808e-56,16.101797
2,axo11.A8B,1.0270083,8.112041842938831e-56,16.058973
2,axo10.F4,0.9685934,8.112041842938831e-56,16.055777
2,axo16.F6B,1.0327936,8.112041842938831e-56,16.053905
2,axo11.G1B,0.9973065,1.1711511749211645e-55,16.023783
2,axo9.A8A,1.0361189,2.7360342932299877e-55,15.964373
2,axo14.F6A,1.0765423,3.9538769797151964e-55,15.935426
2,axo10.F10,1.01062,4.878080354342543e-54,15.772094
2,axo8.B8A,1.0769724,8.071983820023851e-54,15.73519
2,axo9.E7A,0.99531674,6.766582580727051e-53,15.595299
2,axo9.G8A,0.99036837,9.537064750755384e-53,15.568954
2,axo14.B4A,1.0147768,2.0599698296585524e-52,15.515473
2,axo14.A2A,1.0249127,3.579979950151923e-52,15.476058
2,axo9.D3A,0.9805251,5.368189821667105e-51,15.297113
2,axo10.C4,0.9526286,1.3014248906914798e-50,15.2358265
2,axo10.A7,0.942375,9.792203265971336e-50,15.0999775
2,axo10.A3,0.9674057,1.778329222005456e-49,15.057357
2,axo23.H7B,1.0208613,3.2583642237312435e-49,15.014178
2,axo16.C12,0.96323353,1.2450110828585453e-48,14.922059
2,axo9.E8A,0.9663206,1.8714849890639517e-48,14.891996
2,axo9.H10A,0.9250245,3.341256867023944e-48,14.850462
2,axo8.C2A,1.0103296,3.5883543829153224e-48,14.843048
2,axo10.A12,0.9595597,3.681672486579095e-48,14.838794
2,axo14.G2A,0.97244817,5.946829590198296e-48,14.804146
2,axo8.H1B,0.91505104,2.3872743243687335e-46,14.551349
2,axo14.F11A,0.9906488,6.3780988473998484e-46,14.481645
2,axo10.D4,0.913156,1.1533037812707025e-45,14.438617
2,axo14.A6A,0.97041523,1.596860523791055e-45,14.413977
2,axo10.F12,0.897856,2.1006280037510835e-45,14.392903
2,axo2.A10,0.9601308,8.45672437530291e-45,14.2942
2,axo3.G7,0.9187761,3.495410131217548e-44,14.193029
2,axo14.D6A,0.93538964,6.753386319021817e-44,14.144798
2,axo10.F2B,0.8861499,6.954982624580134e-44,14.1408
2,axo9.C2A,0.8690333,7.487985712270526e-44,14.133726
2,axo16.F7B,0.8849075,1.6944421519124209e-43,14.074279
2,axo2.G3,0.94609547,2.84354406315635e-43,14.035837
2,axo8.C1B,0.9308439,2.910221663770734e-43,14.032443
2,axo10.A3B,0.8803264,2.6675727192883365e-42,13.872739
2,axo9.F1A,0.82201314,3.218826879023442e-42,13.857572
2,axo14.B10A,0.9476696,4.409203487967646e-42,13.833308
2,axo10.C11,0.9128685,5.266804396918603e-42,13.818903
2,axo23.F8B,0.9469826,1.3692220760255534e-41,13.748362
2,axo14.H3A,0.9819571,1.8260738528757003e-41,13.725954
2,axo14.D3A,0.9707336,9.470877403323245e-41,13.604601
2,axo14.D5A,0.95214254,1.304801540208052e-40,13.579644
2,axo9.E5A,0.8487663,2.006333902962997e-40,13.54661
2,axo14.H7A,0.8792206,3.251975713339416e-40,13.509645
2,axo10.E10,0.8014461,3.4419807525384607e-40,13.504034
2,axo3.F6,0.8832552,4.031219958382936e-40,13.490987
2,axo9.H4A,0.8485894,4.218197779341964e-40,13.486265
2,axo14.D2A,0.965604,5.128844261406245e-40,13.470487
2,axo10.G12,0.8576085,7.668626495725938e-40,13.439421
2,axo3.E6,0.9085924,8.189795393634026e-40,13.433244
2,axo14.B6A,0.93153095,9.613565428897988e-40,13.420083
2,axo3.A6,0.9237852,1.1456208178391111e-39,13.405813
2,axo9.E2A,0.8595519,2.1887352049061804e-39,13.35645
2,axo9.A12A,0.8584418,2.4067697557218773e-39,13.348146
2,axo3.A1,0.8757589,2.617493400560576e-39,13.340679
2,axo3.D3,0.91213757,3.419141230363513e-39,13.319554
2,axo14.E6A,0.9285847,4.318384725381258e-39,13.300933
2,axo16.C9,0.8676875,5.517682933539299e-39,13.281436
2,axo8.A2B,0.85353017,6.378551480142934e-39,13.268901
2,axo8.E3A,0.86957,6.378551480142934e-39,13.268305
2,axo9.H3A,0.86126405,1.1037374125396108e-38,13.226031
2,axo8.B5B,0.87525094,1.534271248195791e-38,13.200147
2,axo9.C11A,0.8656221,3.3127636775780495e-38,13.140949
2,axo9.C12A,0.84397477,4.5644445873874775e-38,13.1156
2,axo9.H11A,0.8287791,4.6447891763676556e-38,13.113216
2,axo14.B7A,0.9222127,5.472386712033773e-38,13.099731
2,axo8.E10A,0.9207832,5.613401398881966e-38,13.096767
2,axo3.F8,0.872111,7.711716181517538e-38,13.071614
2,axo10.E11,0.8149901,1.6331788379476707e-37,13.013404
2,axo10.A10,0.84043336,1.7209840206622552e-37,13.008404
2,axo10.E6,0.8076725,1.801999997392513e-37,13.0039015
2,axo10.A9B,0.8498958,2.5728394999593974e-37,12.975671
2,axo3.B12,0.8319621,3.7564508157727744e-37,12.945676
2,axo9.G12A,0.8173244,4.47074936010799e-37,12.931346
2,axo10.B1,0.82052606,5.204557032957892e-37,12.918713
2,axo9.E1A,0.81121176,5.9938384882764605e-37,12.906909
2,axo14.A4A,0.85280627,6.2069213049821795e-37,12.90258
2,axo9.G7A,0.8323937,6.2069213049821795e-37,12.902384
2,axo23.D7B,0.871806,9.384469747525087e-37,12.869591
2,axo8.D7B,0.84642804,1.0213843963785415e-36,12.862154
2,axo16.A4B,0.83479387,1.0659672277173716e-36,12.857968
2,axo14.C1A,0.9029435,1.3236817987134967e-36,12.8403425
2,axo14.F4A,0.8686049,1.3889727698665807e-36,12.83575
2,axo23.E8B,0.84784347,1.5248310629694585e-36,12.827664
2,axo3.B1,0.8141556,2.7694262338332365e-36,12.780488
2,axo3.H5,0.7652821,3.532138997695923e-36,12.760713
2,axo8.G7A,0.8617758,4.079055480041835e-36,12.748661
2,axo16.B11B,0.8559957,4.183181093932044e-36,12.74587
2,axo8.D7A,0.83824766,4.823198675987663e-36,12.733946
2,axo23.E11B,0.9095694,4.9381306578823414e-36,12.731298
2,axo10.A6,0.8254651,5.453434352092934e-36,12.722746
2,axo14.G11A,0.8633173,8.257334969630014e-36,12.6895
2,axo14.G9A,0.82742596,8.369897470341521e-36,12.687653
2,axo9.C5A,0.7956571,8.427829636213763e-36,12.686333
2,axo10.D5,0.81923336,9.363175749287663e-36,12.677312
2,axo9.C6A,0.7913327,9.85718983087964e-36,12.672515
2,axo4.H1,0.90849423,1.3412052991703829e-35,12.647581
2,axo16.H4B,0.8750261,2.354816285730751e-35,12.602517
2,axo10.D3,0.82839286,2.9116462672546426e-35,12.585019
2,axo8.B4A,0.8704133,2.934168888375405e-35,12.583669
2,axo16.C9B,0.78734696,3.7416268097836327e-35,12.56372
2,axo23.F7B,0.86991644,4.3077255151067957e-35,12.551842
2,axo10.E9B,0.81975365,4.5084258706086983e-35,12.547512
2,axo23.H2B,0.8170269,5.088702238923432e-35,12.537202
2,axo15.E3B,0.8259834,5.377229506107289e-35,12.532119
2,axo14.G8A,0.88164526,8.193795272016024e-35,12.497968
2,axo14.H4A,0.8567282,1.5635285315318963e-34,12.445784
2,axo23.G4B,0.8360971,1.5714565148553383e-34,12.444683
2,axo9.D12A,0.77449584,2.053378205342396e-34,12.422615
2,axo14.G5A,0.79078895,2.0570530870643455e-34,12.421785
2,axo16.C2,0.7656646,2.956483591311859e-34,12.392054
2,axo8.D3B,0.86889994,3.4113849964976773e-34,12.379896
2,axo23.D11B,0.84638005,5.042976315505274e-34,12.347812
2,axo14.A11A,0.8274052,5.830255283532478e-34,12.335465
2,axo9.F7A,0.7824023,5.944967254038359e-34,12.333233
2,axo8.F7A,0.8147357,8.198542580583289e-34,12.306655
2,axo9.F6A,0.77559036,1.245497711571386e-33,12.272195
2,axo2.A3,0.8109289,1.255140018241018e-33,12.27092
2,axo9.F9A,0.7892232,1.3505191575968112e-33,12.264343
2,axo3.G12,0.76702005,2.105009190064124e-33,12.227696
2,axo10.A9,0.753392,2.1539290326130758e-33,12.225192
2,axo23.B5B,0.8080732,2.4490491183011983e-33,12.21412
2,axo23.C5B,0.7644115,2.561380928512444e-33,12.209844
2,axo3.C12,0.7697428,3.0668962190967636e-33,12.194556
2,axo23.B11B,0.86475927,3.102839139080826e-33,12.192987
2,axo3.G9,0.75671095,3.1243017110588426e-33,12.191811
2,axo23.G11B,0.8999547,3.198639185448643e-33,12.189284
2,axo23.A8B,0.8449571,3.907543081347903e-33,12.172352
2,axo3.D6,0.784883,4.0825385246564914e-33,12.168174
2,axo10.C6B,0.75313246,4.669040649902381e-33,12.156611
2,axo10.E2,0.76377547,4.681641605432396e-33,12.155797
2,axo3.D11,0.78133464,5.313197252762902e-33,12.144861
2,axo14.H2A,0.83798337,6.244922263417689e-33,12.131051
2,axo11.A4B,0.8024898,7.188646179931867e-33,12.118938
2,axo3.A3,0.74298656,8.038753656010788e-33,12.109194
2,axo8.G12B,0.8232285,1.0950572821874506e-32,12.083234
2,axo8.B7B,0.7964494,1.1796257921460596e-32,12.076545
2,axo8.F5A,0.8714973,1.72748081547366e-32,12.044559
2,axo23.H8B,0.8661225,2.2941132208766297e-32,12.020575
2,axo23.D5B,0.80552095,3.078198681661642e-32,11.995693
2,axo10.D9B,0.80056536,3.6367340212494613e-32,11.9813175
2,axo10.B10B,0.7897822,3.8881786658762246e-32,11.975216
2,axo10.G7,0.7624685,3.8890430194231975e-32,11.974643
2,axo14.E5A,0.74379086,1.0837124213062035e-31,11.888791
2,axo23.G6B,0.82795537,1.3545825223207952e-31,11.869589
2,axo8.A3A,0.8235545,2.7836455184174703e-31,11.808625
2,axo9.A10A,0.7645025,2.824222467519946e-31,11.806861
2,axo2.G1,0.8257655,3.0114144256922893e-31,11.800918
2,axo23.F11B,0.8166226,3.41146880608363e-31,11.789876
2,axo3.A8,0.75611144,4.5193549987471896e-31,11.765628
2,axo23.F3B,0.7802463,2.146928652816706e-30,11.632849
2,axo23.F12B,0.7963159,2.4117192244541724e-30,11.62238
2,axo23.E7B,0.82650656,3.0977854016574103e-30,11.60044
2,axo14.F10A,0.73740005,3.1390897968118897e-30,11.598774
2,axo23.A11B,0.8131281,3.457780446584205e-30,11.589964
2,axo10.H11,0.716897,5.463001378030729e-30,11.550195
2,axo3.E11,0.7806987,6.121410353220077e-30,11.539885
2,axo23.A7B,0.7458198,1.061347584785493e-29,11.491924
2,axo11.B8B,0.7557639,1.3209270164309521e-29,11.472488
2,axo23.A6B,0.7830656,1.4284633323955743e-29,11.465195
2,axo3.E10,0.7579233,1.4889946574853464e-29,11.461084
2,axo23.B8B,0.76875687,2.1458226126344647e-29,11.42888
2,axo14.F12A,0.7693198,2.3861882418536185e-29,11.419143
2,axo8.A8B,0.7289913,2.421521964508897e-29,11.417356
2,axo9.F4A,0.73172355,2.4330603437158737e-29,11.416435
2,axo8.F2A,0.74463415,3.0402185641241386e-29,11.396546
2,axo23.C8B,0.8006213,3.6910177764852824e-29,11.379139
2,axo23.B4B,0.7630668,7.675840961937475e-29,11.314602
2,axo23.H4B,0.70156723,8.43974934983004e-29,11.305778
2,axo23.D9B,0.78494126,9.666299767819602e-29,11.293363
2,axo14.G12A,0.7907018,1.009992907180259e-28,11.289011
2,axo14.H5A,0.8015964,1.3655744806583413e-28,11.261972
2,axo16.A5,0.7811207,1.5363028746727996e-28,11.251097
2,axo14.A3A,0.738027,1.598915893222876e-28,11.247085
2,axo14.C8A,0.7696618,1.6308770447198642e-28,11.244852
2,axo23.D4B,0.74492764,1.8069279749104175e-28,11.235319
2,axo14.B11A,0.7323272,2.388919935566175e-28,11.210151
2,axo23.H6B,0.7330404,3.364826467343148e-28,11.179311
2,axo14.H1A,0.8352106,4.444526958608988e-28,11.154105
2,axo23.F5B,0.7762558,9.254069252924152e-28,11.088202
2,axo9.D6A,0.698319,1.0771805024786235e-27,11.074128
2,axo3.F10,0.7107598,1.189839275509955e-27,11.064738
2,axo9.H9A,0.7223421,1.3571920301737306e-27,11.05246
2,axo10.C5B,0.710785,1.572381276889232e-27,11.038771
2,axo15.G6B,0.73735976,1.700519473774747e-27,11.031259
2,axo8.E12B,0.7467269,1.8983965727297954e-27,11.020888
2,axo11.D1B,0.68325543,2.2310688451803066e-27,11.005879
2,axo3.D8,0.71855086,3.60082444053208e-27,10.962188
2,axo9.H2A,0.6943336,3.6139440559457576e-27,10.961396
2,axo23.A4B,0.6971131,5.1504941149541116e-27,10.928814
2,axo8.F4A,0.69867957,5.1504941149541116e-27,10.9283695
2,axo8.D3A,0.7398429,5.3220602470981126e-27,10.924937
2,axo9.H6A,0.69469523,5.767875167513419e-27,10.917177
2,axo3.E8,0.72840816,7.344585592033312e-27,10.894747
2,axo3.C8,0.70725375,9.03101776203099e-27,10.875462
2,axo23.D3B,0.71497154,9.187924342048347e-27,10.87344
2,axo23.B7B,0.7643465,9.564270645130207e-27,10.869329
2,axo10.B2B,0.69158304,1.0830392023339109e-26,10.857533
2,axo2.B3,0.7796383,1.6068969191216165e-26,10.820992
2,axo23.F2B,0.7309485,1.7831411292871646e-26,10.811007
2,axo11.F2B,0.6909601,2.0444843279299634e-26,10.798012
2,axo14.G6A,0.8010054,2.5461732177864872e-26,10.777399
2,axo3.C6,0.7547396,2.8750532896707656e-26,10.765777
2,axo8.G5A,0.7361703,3.0839846193157496e-26,10.758875
2,axo2.H5,0.76739097,3.217817192567321e-26,10.754523
2,axo8.F3A,0.70346344,5.635237529166357e-26,10.702302
2,axo8.H7A,0.6861196,6.592995022794567e-26,10.687316
2,axo15.A1B,0.6990569,1.0059541541086876e-25,10.647614
2,axo23.E5B,0.74132353,1.1507974789900152e-25,10.634649
2,axo23.B10B,0.6782861,1.3572366826614468e-25,10.618826
2,axo9.D9A,0.6578843,1.372239187466002e-25,10.61737
2,axo14.F5A,0.73518455,1.471672049528651e-25,10.610409
2,axo10.E9,0.68292874,1.5100017598420924e-25,10.60758
2,axo14.B8A,0.63905156,1.8065716259661947e-25,10.5903845
2,axo23.H3B,0.68183446,2.913703944295688e-25,10.545124
2,axo8.G3B,0.61765254,3.489378933035308e-25,10.52774
2,axo8.C12B,0.73542255,4.000374079951559e-25,10.514442
2,axo23.C4B,0.73562366,4.325940976663785e-25,10.506644
2,axo2.D9,0.71450275,4.900401164643832e-25,10.494456
2,axo23.B6B,0.74621844,4.977979768627226e-25,10.492556
2,axo15.G11B,0.68449736,1.029687687637154e-24,10.423259
2,axo14.B3A,0.7124681,2.0427275474141187e-24,10.357506
2,axo10.G4,0.6303019,2.0515588250091806e-24,10.356676
2,axo10.E5B,0.69376135,2.573170194761373e-24,10.334563
2,axo8.C6A,0.69302964,2.9429462752411425e-24,10.321266
2,axo23.D8B,0.7090387,3.2340634335044773e-24,10.311793
2,axo8.C9A,0.7295422,3.438839244891724e-24,10.305481
2,axo3.E5,0.64848405,4.117366051441353e-24,10.287742
2,axo3.B4,0.628612,4.860976014225995e-24,10.27133
2,axo11.C10B,0.64741546,4.867791490745117e-24,10.270787
2,axo23.G3B,0.7010484,5.188013666671906e-24,10.264233
2,axo23.A9B,0.70692,7.91404006299249e-24,10.222985
2,axo16.A3B,0.6494509,8.3105694091322e-24,10.217841
2,axo8.F1A,0.6580614,1.0072032538282816e-23,10.198782
2,axo9.C4A,0.6764234,1.080889143782111e-23,10.191519
2,axo23.E3B,0.72571033,1.2141149134309475e-23,10.179813
2,axo8.G3A,0.6393002,1.6266009079227957e-23,10.150912
2,axo23.B3B,0.6951083,2.0102946320152116e-23,10.129825
2,axo14.G7A,0.6864988,3.080539190930435e-23,10.087604
2,axo23.A5B,0.65005106,3.223373922806249e-23,10.082754
2,axo3.F4,0.66967094,3.259801088795655e-23,10.081253
2,axo23.C3B,0.68085116,3.482084568194749e-23,10.074375
2,axo14.C9A,0.6718265,3.7256895905063184e-23,10.06733
2,axo15.H10B,0.63507813,5.310362086752823e-23,10.032011
2,axo8.B5A,0.6767768,5.752819106586924e-23,10.023714
2,axo2.G4,0.6911606,6.142613815876816e-23,10.016844
2,axo8.D10A,0.69687074,1.0802183774228693e-22,9.960489
2,axo23.A2B,0.6320953,1.1610201786164501e-22,9.952924
2,axo4.H7,0.7448773,1.3036517759213934e-22,9.941
2,axo8.D2B,0.6373016,1.468611604377848e-22,9.928737
2,axo3.F3,0.64757574,2.2660935750936714e-22,9.884999
2,axo9.G3A,0.64044285,2.4112177479480486e-22,9.878393
2,axo16.H5,0.62077963,2.5611294422672675e-22,9.87196
2,axo8.D5A,0.6563953,2.8964176067008426e-22,9.859228
2,axo3.A12,0.6294846,3.090559618964561e-22,9.852327
2,axo23.E9B,0.6508306,3.715862615743701e-22,9.833411
2,axo23.C6B,0.6583391,3.772330550302256e-22,9.831511
2,axo3.G10,0.64985555,4.999087296481243e-22,9.802738
2,axo8.H12A,0.6694035,7.125202568380093e-22,9.766505
2,axo23.H5B,0.6733683,7.37524199562612e-22,9.762629
2,axo23.B2B,0.6077813,7.788850828915112e-22,9.756716
2,axo8.B3B,0.6139881,2.2004614782922597e-21,9.65041
2,axo23.G1B,0.65485835,3.0290591356310524e-21,9.617202
2,axo8.H5A,0.68129635,3.3370022249142236e-21,9.6068535
2,axo15.H6B,0.6223349,3.6694645296142834e-21,9.596687
2,axo15.D1B,0.64517546,4.882244031578062e-21,9.56682
2,axo3.C11,0.59602225,5.069366303373301e-21,9.5625515
2,axo9.E3A,0.5841291,9.321172550300773e-21,9.498949
2,axo23.C9B,0.6424674,1.344830562056202e-20,9.460318
2,axo8.B7A,0.6036296,1.6363282300289356e-20,9.439404
2,axo2.G6,0.63867235,1.6980969942286967e-20,9.4351425
2,axo14.A12A,0.68706334,2.2238824125233545e-20,9.406445
2,axo4.H4,0.63281614,2.2729198570703542e-20,9.403774
2,axo3.C3,0.6434343,2.291457506772013e-20,9.402545
2,axo3.C2,0.6458833,2.6305821553057407e-20,9.387642
2,axo15.E1B,0.6187875,4.0397209307484034e-20,9.341967
2,axo8.E5B,0.6689059,5.1847503082863716e-20,9.31514
2,axo8.C3A,0.6325834,1.0118251393940078e-19,9.24352
2,axo14.D9A,0.718782,1.425466673998908e-19,9.206412
2,axo14.F2A,0.6020756,1.5479579162463007e-19,9.197181
2,axo16.A1,0.5870159,1.745929798730859e-19,9.183862
2,axo15.H5B,0.60910356,2.441745466218378e-19,9.147312
2,axo14.B2A,0.67474645,4.664022355243701e-19,9.07674
2,axo10.H9,0.5301504,4.802111524243655e-19,9.073188
2,axo2.A7,0.6081105,5.39200354782545e-19,9.060185
2,axo23.F4B,0.54769593,6.353543706937967e-19,9.041896
2,axo11.C11B,0.5665706,7.72715432292755e-19,9.020107
2,axo23.C2B,0.5735241,1.276810591031588e-18,8.964552
2,axo2.D6,0.6327497,1.3629614512499167e-18,8.956979
2,axo16.H2,0.64735234,1.6041888102149233e-18,8.938614
2,axo8.H12B,0.5839381,1.8702275812013444e-18,8.9212675
2,axo2.B11,0.5961518,1.974358411013326e-18,8.914894
2,axo23.C7B,0.6311994,3.1646334228614643e-18,8.862092
2,axo15.G1B,0.6793651,3.568866480279638e-18,8.848312
2,axo23.C1B,0.5409752,3.806357296752882e-18,8.840748
2,axo3.B5,0.5983514,4.314029903610308e-18,8.82638
2,axo23.F1B,0.57024056,5.449679893588472e-18,8.799824
2,axo10.A5,0.58798295,8.081248636830879e-18,8.75513
2,axo16.D7,0.5507303,9.005827848393735e-18,8.742534
2,axo16.F3,0.5985861,1.043103837981236e-17,8.725556
2,axo23.E1B,0.54712886,1.2603702434105798e-17,8.7037525
2,axo9.F11A,0.54686576,2.0912110109394743e-17,8.6457615
2,axo16.A4,0.5799042,2.0974482683950705e-17,8.645052
2,axo23.E2B,0.63527405,2.515715499450164e-17,8.623897
2,axo14.E3A,0.5855784,3.0799973821698626e-17,8.600335
2,axo3.D4,0.5563183,3.9734631616701596e-17,8.570687
2,axo10.B11B,0.54897743,4.5836765379893564e-17,8.553853
2,axo15.C6B,0.55874366,5.1836954384915755e-17,8.539282
2,axo3.F9,0.559326,5.80710801106125e-17,8.525781
2,axo23.D2B,0.5443673,7.577793313155403e-17,8.494556
2,axo8.E11A,0.53483534,8.21357056074365e-17,8.484827
2,axo16.D10,0.58104813,1.0202688830099617e-16,8.459207
2,axo10.H6,0.5487426,1.297786724816913e-16,8.430736
2,axo9.F2A,0.55933386,1.362181606569127e-16,8.424702
2,axo11.G3B,0.55485904,1.5909140451867475e-16,8.406073
2,axo10.G1,0.54391575,1.5909140451867475e-16,8.405778
2,axo16.C10,0.54786825,1.7795579805387197e-16,8.392255
2,axo23.B9B,0.5552719,1.8067062309477878e-16,8.390113
2,axo3.H9,0.5948071,2.041105189405858e-16,8.375399
2,axo9.G1A,0.54545355,2.3461819558535563e-16,8.358618
2,axo14.D7A,0.5236075,2.5890668559414835e-16,8.346625
2,axo3.H8,0.53941625,2.7006573061497505e-16,8.341278
2,axo10.F3,0.5642632,3.585233751005539e-16,8.307354
2,axo23.H9B,0.5384479,4.380999644267473e-16,8.283166
2,axo23.E4B,0.5183531,4.621951442798941e-16,8.276431
2,axo10.G1B,0.51989925,6.714834012026356e-16,8.231458
2,axo10.E4,0.52512294,6.933226551979838e-16,8.227263
2,axo16.G9,0.5646008,1.1830635809984578e-15,8.162628
2,axo16.H7,0.5351806,1.3230784750379843e-15,8.14875
2,axo15.H12B,0.51375765,2.2155029343094123e-15,8.085804
2,axo8.F10A,0.59092516,2.3247644885308052e-15,8.079574
2,axo9.H1A,0.4953603,3.0424599784557465e-15,8.046336
2,axo10.C7,0.5125723,4.1244919247278285e-15,8.008633
2,axo23.G9B,0.53366834,4.798702682853077e-15,7.9896264
2,axo10.E3B,0.60951114,5.969279895727668e-15,7.962309
2,axo23.A10B,0.5013588,6.955202872844431e-15,7.9430165
2,axo16.E5,0.49781787,7.0841891493547944e-15,7.9403768
2,axo10.C3B,0.50418526,7.568581653703591e-15,7.931809
2,axo16.G12,0.52331066,8.623529591625322e-15,7.915231
2,axo23.F9B,0.50847393,9.398988596644702e-15,7.904152
2,axo10.F5,0.48134297,1.3769655817778809e-14,7.856078
2,axo3.A11,0.46379358,1.4308732457002693e-14,7.8509045
2,axo8.B1A,0.5168625,1.667372971122655e-14,7.8313403
2,axo3.F5,0.45682076,2.2633059093407106e-14,7.7924757
2,axo14.D12A,0.52986324,3.960351310889885e-14,7.721127
2,axo3.C4,0.4860932,4.1331837408312546e-14,7.7153196
2,axo23.C11B,0.63520586,5.819147043977476e-14,7.671206
2,axo2.G10,0.5166966,6.589033518992107e-14,7.654892
2,axo16.A2,0.49368098,7.954960093088412e-14,7.6302824
2,axo3.A5,0.5739681,1.0077209834073355e-13,7.599375
2,axo2.A2,0.4876114,1.0471596188771007e-13,7.5940423
2,axo9.E4A,0.48783273,1.0564752870464248e-13,7.592534
2,axo23.D1B,0.50883293,1.1034349587407174e-13,7.586538
2,axo23.A1B,0.5450469,1.1744283670762582e-13,7.5780907
2,axo23.B1B,0.4796671,1.1917110217560493e-13,7.5758357
2,axo16.E11,0.5214674,1.357904590717339e-13,7.5585113
2,axo10.H3,0.52442276,1.4370386240730995e-13,7.550781
2,axo23.G2B,0.484725,1.733791848658767e-13,7.525937
2,axo23.F6B,0.5360727,1.8993027897834042e-13,7.5136585
2,axo10.A4B,0.5212859,2.2994895968670704e-13,7.488241
2,axo2.D11,0.51814204,2.742697460209704e-13,7.46471
2,axo3.E4,0.55019736,3.554235108317449e-13,7.4301443
2,axo14.H8A,0.53071105,4.083274923436691e-13,7.41141
2,axo10.G6,0.43466923,4.71428708914423e-13,7.391974
2,axo21.E11B,0.50943977,5.953030940449217e-13,7.360538
2,axo9.A1A,0.42872813,9.64919809267647e-13,7.2954345
2,axo14.E11A,0.5262149,1.0298658399136104e-12,7.285939
2,axo9.F5A,0.4371429,1.106050242395893e-12,7.2759533
2,axo16.H4,0.47628537,1.1179450750866652e-12,7.274151
2,axo9.E12A,0.4432018,1.1235530217676354e-12,7.2731175
2,axo14.C5A,0.5576638,1.183672172623048e-12,7.2657185
2,axo8.A10B,0.49545532,1.501340274737569e-12,7.2331595
2,axo15.B3B,0.5111281,2.1799561603696316e-12,7.182001
2,axo8.E6B,0.44595355,2.2054205621999766e-12,7.180055
2,axo3.E3,0.46911833,2.829899767996299e-12,7.145173
2,axo16.D3,0.4385216,4.371290065466685e-12,7.0848436
2,axo21.D4B,0.48220226,4.573658397959902e-12,7.078214
2,axo16.F4,0.45990467,5.3112569074091e-12,7.0567417
2,axo16.D9,0.40985653,5.368381374906515e-12,7.0545692
2,axo16.B1,0.4374108,5.368381374906515e-12,7.054539
2,axo15.D5B,0.41664204,5.401316321793036e-12,7.0533323
2,axo10.E1B,0.53879035,5.640952745598683e-12,7.046937
2,axo10.B7,0.42053276,5.711357340506213e-12,7.044855
2,axo3.D2,0.50634825,7.162468671022363e-12,7.0129066
2,axo9.H8A,0.47087592,7.52131937042021e-12,7.0057116
2,axo3.C7,0.420075,1.0292390582284028e-11,6.961311
2,axo14.C3A,0.45977592,2.2054956762788174e-11,6.852433
2,axo3.H10,0.5269995,2.3243626151672872e-11,6.8442044
2,axo14.H6A,0.5264989,4.095374144760083e-11,6.762282
2,axo15.E4,0.43111673,4.5373239213921776e-11,6.747062
2,axo16.B9,0.47816366,4.601220595331067e-11,6.7446713
2,axo8.A7B,0.43628943,9.962114097887388e-11,6.630868
2,axo23.H1B,0.42648673,1.0356300615317935e-10,6.624774
2,axo4.F12,0.48428884,1.2220497437962295e-10,6.599915
2,axo16.D5,0.42624617,1.3163737756419937e-10,6.588519
2,axo14.A10A,0.43297115,2.0281637456165348e-10,6.522201
2,axo15.H8B,0.3923963,2.1016485654196878e-10,6.516137
2,axo8.B11B,0.46059722,2.1585857089856222e-10,6.5117626
2,axo14.F8A,0.4539113,2.2545075906277266e-10,6.5048695
2,axo3.E12,0.45162246,2.867409249606927e-10,6.46826
2,axo2.F1,0.46176308,3.291089415384143e-10,6.4470363
2,axo23.C10B,0.382909,5.74528564229882e-10,6.360928
2,axo15.D8B,0.40782934,6.276525792324439e-10,6.3469677
2,axo9.D7A,0.38951847,6.523417664668247e-10,6.3403
2,axo16.F5,0.39887765,6.824433508258399e-10,6.3329844
2,axo15.D6B,0.3793195,8.852822796723762e-10,6.2916384
2,axo8.G12A,0.38940805,1.0570103065448533e-09,6.2633405
2,axo8.A3B,0.4395449,1.1114259618675269e-09,6.25515
2,axo14.C6A,0.4833043,1.216207207131456e-09,6.240352
2,axo16.C4,0.3731034,1.5054466821897904e-09,6.206533
2,axo9.A11A,0.39149195,1.5906220073848671e-09,6.1975126
2,axo9.A2A,0.42109162,1.6170773127292888e-09,6.1941943
2,axo10.G8,0.35008842,1.877902181235166e-09,6.1695166
2,axo21.D10B,0.4144848,2.0027907598816457e-09,6.1586103
2,axo23.H10B,0.3647171,2.1115804336563665e-09,6.149869
2,axo8.H4B,0.4007045,2.6894792407722244e-09,6.1103106
2,axo16.E2,0.35822225,3.0291412958051952e-09,6.090588
2,axo16.D1,0.38778335,3.192673973066144e-09,6.081809
2,axo11.B9B,0.35621712,3.2841768818257653e-09,6.076922
2,axo16.G8,0.38890153,4.329022571254039e-09,6.030319
2,axo9.C9A,0.37971047,4.500201176769544e-09,6.0233426
2,axo15.E8B,0.38128293,4.548348443801316e-09,6.0212684
2,axo10.H10,0.3503344,5.644648176646248e-09,5.985519
2,axo15.A9,0.378379,5.9482520457784935e-09,5.976634
2,axo8.G4A,0.37283203,8.755917440734788e-09,5.9118853
2,axo2.A12,0.48831668,8.925224930471672e-09,5.908378
2,axo15.G3,0.35664824,8.98768175119769e-09,5.906877
2,axo16.A3,0.37556723,9.453918327965063e-09,5.8978343
2,axo16.E1,0.3861311,1.1295789100814614e-08,5.8659387
2,axo9.G2A,0.34794882,1.1329290312730435e-08,5.864754
2,axo8.H11B,0.3781759,1.1491169488683638e-08,5.8620543
2,axo15.E2B,0.40838698,1.353195389032596e-08,5.8345103
2,axo3.B9,0.38378882,1.4200661871195003e-08,5.826116
2,axo2.H6,0.38732502,1.7799606973179093e-08,5.785864
2,axo16.H1B,0.3367601,2.3285217346534463e-08,5.7388234
2,axo16.E4,0.34247127,3.1066757640238074e-08,5.6880727
2,axo9.C10A,0.3433933,3.6274454797083855e-08,5.6594954
2,axo23.F10B,0.33205968,3.7762080846239664e-08,5.6519156
2,axo16.A10,0.34006763,3.879508602266745e-08,5.646938
2,axo10.H1,0.36600816,4.334376938735971e-08,5.6271625
2,axo14.G3A,0.3508824,4.952757554169237e-08,5.6034274
2,axo4.D11,0.431816,5.033870142933666e-08,5.6002746
2,axo15.B9B,0.35115364,6.354352032274814e-08,5.55874
2,axo9.D11A,0.33873326,8.466782867962612e-08,5.505719
2,axo23.D10B,0.3294073,1.1163156459495428e-07,5.455466
2,axo10.B3,0.3082192,1.4556535388627006e-07,5.406427
2,axo11.G2B,0.30760917,1.500072523761268e-07,5.4007025
2,axo16.A6,0.35881987,1.5261215344272976e-07,5.3972783
2,axo9.C8A,0.30274928,1.6745189567858342e-07,5.3802633
2,axo10.C7B,0.32707402,1.8382178096527474e-07,5.363113
2,axo16.B2,0.32140628,1.986752858182881e-07,5.3480587
2,axo4.B5,0.4424848,2.093354411498586e-07,5.338254
2,axo15.C4B,0.3290254,2.4455483106441697e-07,5.3086433
2,axo15.D10B,0.30349848,2.565945595558231e-07,5.299208
2,axo10.H4,0.3477449,3.211043796446776e-07,5.2567687
2,axo10.D6B,0.3976,3.7051331003048767e-07,5.2300396
2,axo8.C1A,0.30240044,3.7164429705881356e-07,5.229142
2,axo3.A9,0.35867834,4.105060614415125e-07,5.209721
2,axo9.F10A,0.29664063,4.156236313586341e-07,5.207089
2,axo9.G10A,0.3195432,5.046632700060584e-07,5.169936
2,axo9.G4A,0.3185873,5.24389682947235e-07,5.1621
2,axo14.E7A,0.36013785,5.36482395166708e-07,5.1574993
2,axo4.H9,0.4033873,5.406019825827823e-07,5.1557345
2,axo15.E5B,0.26488993,9.01081213174386e-07,5.055485
2,axo11.B4B,0.34247804,9.508673096262418e-07,5.0448804
2,axo4.F2,0.41043943,9.736325074762288e-07,5.0400233
2,axo16.G3B,0.39433715,1.1526550813333068e-06,5.0072904
2,axo8.F2B,0.35302964,1.2090169957849341e-06,4.9974256
2,axo16.E12,0.2724738,1.3511830014314213e-06,4.9739466
2,axo15.A12,0.32682952,1.6631306677794986e-06,4.931892
2,axo9.D2A,0.2854141,1.8155663823469733e-06,4.9140773
2,axo9.A6A,0.28057784,1.9126363383131036e-06,4.9032016
2,axo8.F4B,0.31702518,2.0098794837101785e-06,4.8931255
2,axo15.G4B,0.25942895,2.2760022178417227e-06,4.867286
2,axo3.G1,0.27866483,2.4354071525202787e-06,4.8532276
2,axo15.D4B,0.30969346,2.483147133474976e-06,4.849049
2,axo9.F12A,0.27664357,3.6420674518141655e-06,4.769193
2,axo14.A8A,0.27249408,4.276151153676346e-06,4.7357664
2,axo15.F7B,0.27234718,4.76652110305177e-06,4.713374
2,axo16.B10,0.30780122,5.204170671902419e-06,4.6947904
2,axo16.F6,0.30608314,5.75856928998374e-06,4.6733932
2,axo8.B9B,0.27967745,5.9922241651724045e-06,4.6645613
2,axo10.C8,0.26188546,6.269514882102811e-06,4.6545906
2,axo10.F11,0.25079572,6.803667528601746e-06,4.6370554
2,axo4.H11,0.2942237,6.937265797487663e-06,4.6327033
2,axo16.D11,0.27059582,7.035471761345611e-06,4.629136
2,axo10.F1,0.33160043,7.232431043854622e-06,4.622431
2,axo4.G9,0.38810682,7.564433066059924e-06,4.61246
2,axo10.F8,0.26679686,8.052186475321394e-06,4.598153
2,axo9.C1A,0.2537128,9.888189963963917e-06,4.552553
2,axo10.C2B,0.37991622,1.0896330633750349e-05,4.5317674
2,axo16.C3,0.27313218,1.2024081941628606e-05,4.5105963
2,axo8.D12B,0.28819773,1.3614132025506667e-05,4.4825473
2,axo8.F1B,0.27638358,1.5543535766597767e-05,4.452884
2,axo10.H2,0.32683325,1.5591531569848926e-05,4.451572
2,axo8.G11A,0.27740076,1.9305664419559128e-05,4.4038453
2,axo15.A5,0.2583884,2.1220083118151258e-05,4.3816714
2,axo9.G11A,0.25564098,2.5138219112494982e-05,4.342339
2,axo16.B7B,0.2649004,2.529932484571391e-05,4.340612
2,axo15.D12B,0.26674074,2.637419737389006e-05,4.3304906
2,axo16.A9B,0.28434515,5.277180554666309e-05,4.168644
2,axo21.A1B,0.31333384,5.6851243606142916e-05,4.1513124
2,axo14.F1A,0.27766463,9.306816731123999e-05,4.0308347
2,axo16.G8B,0.3336204,9.89083138565203e-05,4.015856
2,axo14.D11A,0.29619968,0.00032284450780119386,3.713002
2,axo4.H6,0.33241475,0.000332409435427125,3.7052789
2,axo21.D11A,0.2565379,0.0009241677617033287,3.4230752
2,axo21.B1A,0.2903822,0.0017375526254204913,3.2409253
2,axo16.F8B,0.25667834,0.002043620484328261,3.1929953
2,axo21.F10B,0.28030616,0.004134658719399347,2.9727576
2,axo16.D4B,0.25766346,0.010171892795269826,2.6725662
3,axo21.A12A,2.5530498,7.637758589756745e-162,27.36957
3,axo10.E7,2.2039182,3.656278257656463e-156,26.862366
3,axo10.C12,2.116375,7.761997256240736e-155,26.733398
3,axo10.B9B,2.2848141,1.6796383869842128e-150,26.346987
3,axo10.E12,2.3713238,8.567864951035668e-150,26.27668
3,axo11.E2B,2.3924956,6.7751115273502795e-149,26.19103
3,axo10.B12,2.1808453,4.010043332723674e-148,26.117258
3,axo11.A9B,2.2337823,6.443598482799229e-144,25.739151
3,axo10.B1B,2.3722458,1.1923531205426743e-143,25.710693
3,axo10.E1,2.2299602,1.1148613408461193e-142,25.619627
3,axo10.C1B,2.1073751,1.0042654384078916e-140,25.439877
3,axo16.G4B,2.4735475,5.713516737999045e-140,25.368126
3,axo10.C9B,2.155759,6.423629800314503e-140,25.360363
3,axo21.F10B,2.5370824,1.0148496272260163e-138,25.248539
3,axo10.F7,2.1682835,1.2303180772463082e-138,25.238195
3,axo10.F8B,2.36728,1.5661122835225683e-138,25.226093
3,axo10.F1B,2.133457,2.1572257228615756e-138,25.211014
3,axo16.F1B,2.4232118,3.627503185059391e-135,24.912842
3,axo21.G1B,2.3568485,6.614332251524044e-135,24.886587
3,axo21.D9B,2.5088527,8.350543630074212e-134,24.782589
3,axo11.B7B,2.2236838,1.4089872743104261e-133,24.759537
3,axo10.D3B,2.1832013,1.7809070099839703e-133,24.748213
3,axo21.A8B,2.3295267,4.5816042310503486e-133,24.70781
3,axo21.A11B,2.3857088,4.5816042310503486e-133,24.706549
3,axo10.C9,2.0766249,8.55748634410039e-133,24.679638
3,axo10.A1B,2.2936168,2.3981231616969042e-132,24.636328
3,axo16.H7B,2.1874745,1.1216588222369052e-131,24.572199
3,axo10.E5,2.0739315,2.78708690354949e-131,24.533712
3,axo21.A3B,2.3550026,5.375087552794607e-131,24.50554
3,axo21.A1B,2.3825598,5.673918953515109e-130,24.407957
3,axo11.B1B,2.0327563,9.833944357435923e-130,24.38411
3,axo8.B3A,2.0116246,4.4694189178369515e-129,24.320742
3,axo10.C2,1.9435793,1.1392636870466291e-128,24.281036
3,axo21.D1B,2.4243813,1.5364915516339084e-128,24.267508
3,axo16.B6B,2.2327538,2.544161656346242e-128,24.24556
3,axo11.D5B,2.248488,3.7352367762415114e-128,24.228582
3,axo16.B1B,2.1800802,1.2320196480167345e-127,24.178226
3,axo10.A8B,2.2890146,1.2848660218188916e-127,24.175392
3,axo10.B2,2.0923243,1.6225817239477368e-127,24.16468
3,axo21.B12A,2.2966082,2.634175944721363e-127,24.143608
3,axo21.H4B,2.4225447,2.638265070915761e-127,24.142523
3,axo10.D1B,1.7847103,3.164236889650479e-127,24.134007
3,axo21.D12B,2.3314898,3.82272914805671e-127,24.125212
3,axo21.A6B,2.320687,4.3927339633436104e-127,24.11851
3,axo10.H4,2.1470368,7.497270722662347e-127,24.09544
3,axo21.A5A,2.3536055,1.1577393119429612e-126,24.07652
3,axo11.C8B,1.9783348,2.998128118830024e-126,24.036142
3,axo16.A12B,2.308016,1.0768284179908959e-125,23.982103
3,axo21.H11B,2.4308178,1.2120954894530211e-125,23.976318
3,axo13.D8B,2.2139523,1.1596255135480555e-124,23.881262
3,axo21.B1B,2.3408287,2.3497274460512654e-124,23.850895
3,axo13.F5B,2.344968,5.551442863745328e-124,23.81407
3,axo29.B7A,2.1121957,1.2165699701719365e-123,23.780361
3,axo21.H2A,2.2625666,1.3363049838420109e-123,23.775635
3,axo10.G8B,2.3818185,1.7382421098832302e-123,23.76382
3,axo21.F8A,2.2132843,2.564559260779873e-123,23.746721
3,axo16.B10B,2.3320282,2.9947196320295514e-123,23.739458
3,axo10.C2B,2.2123451,3.5945691583357754e-123,23.731047
3,axo8.G10A,2.0081997,9.313023532901835e-123,23.689697
3,axo21.B4B,2.3690956,9.313023532901835e-123,23.68954
3,axo10.G3,2.0675702,1.3823336541705823e-122,23.672195
3,axo21.A1A,2.1811588,2.6052659517188697e-122,23.64477
3,axo21.D8A,2.3448575,2.683538774011791e-122,23.642843
3,axo21.F4A,2.2512825,2.9058488747123365e-122,23.638819
3,axo11.D11B,2.17484,5.627429998916235e-122,23.610237
3,axo21.E4B,2.2313948,1.099350417156937e-121,23.58126
3,axo21.F3B,2.2191935,1.929397523836501e-121,23.5568
3,axo16.A11B,2.3007386,3.4150524478793482e-121,23.531965
3,axo16.H12B,2.36377,4.819423887605798e-121,23.51673
3,axo21.F8B,2.3385265,9.949444499607126e-121,23.48533
3,axo21.E6B,2.2772524,1.1539329345168182e-120,23.478426
3,axo10.C10,1.9221218,1.3005094411992167e-120,23.472246
3,axo21.C4A,2.2296524,1.3005094411992167e-120,23.472158
3,axo10.A11,2.2133706,2.540438562579711e-120,23.443089
3,axo13.C4B,2.2736905,6.446452445914664e-119,23.304415
3,axo21.C1A,2.2943509,1.999948971245185e-118,23.255304
3,axo10.E3,1.8335476,2.826135771884767e-118,23.239708
3,axo16.D3B,2.2422576,2.826135771884767e-118,23.239342
3,axo11.B3B,2.105256,8.10728591911649e-118,23.193485
3,axo16.B2B,2.2652857,1.2535737596885672e-117,23.17418
3,axo21.A9B,2.2503202,2.2166108046704475e-117,23.14908
3,axo21.C4B,2.168779,3.602192590573735e-117,23.127605
3,axo10.C3,2.0179183,3.8158769480067214e-117,23.124596
3,axo21.G8B,2.2866654,4.137302378109165e-117,23.120586
3,axo16.A6B,2.2298179,4.277942862806883e-117,23.118267
3,axo12.G1,2.177447,4.277942862806883e-117,23.118128
3,axo11.E5B,2.20115,1.2345254597661923e-116,23.071825
3,axo16.H5B,2.306208,1.2354001480962095e-116,23.0713
3,axo21.F6B,2.2672384,1.461831794208103e-116,23.063528
3,axo10.H3,2.2377613,1.7166420800845914e-116,23.05609
3,axo21.C1B,2.162936,3.1491428582918686e-116,23.02933
3,axo8.C5A,2.26361,3.2236862103459054e-116,23.027842
3,axo10.H5,1.8796542,8.160778684166645e-116,22.987078
3,axo11.F7B,2.1833663,1.192565318307464e-115,22.970135
3,axo12.C1,2.133702,2.3614724334503312e-115,22.93997
3,axo11.C3B,2.1685383,2.8648697440509817e-115,22.931105
3,axo21.D2B,2.2411923,2.9659420383769684e-115,22.929144
3,axo10.B3B,1.9624331,3.3346956761463814e-115,22.923595
3,axo21.C8A,2.1882234,4.847110776330599e-115,22.906864
3,axo21.C11B,2.1663046,5.703215773754099e-115,22.899338
3,axo10.G7B,2.1993835,7.013774300833321e-115,22.889887
3,axo21.B9B,2.2160387,8.23494693154795e-115,22.882456
3,axo10.B8,1.9731405,9.618844526269654e-115,22.875254
3,axo15.A6B,2.226311,1.725341084390597e-114,22.849325
3,axo13.C7B,2.1709702,2.8436168037927766e-114,22.82707
3,axo11.C6B,2.038792,4.246686856239445e-114,22.809113
3,axo16.D5B,2.3172581,6.674693529524172e-114,22.788906
3,axo21.G1A,2.0201418,7.587081570885913e-114,22.782597
3,axo21.A2A,2.2359018,7.587081570885913e-114,22.782482
3,axo21.A4B,1.9110576,1.4193103323295307e-113,22.754627
3,axo10.E1B,2.249443,1.810576398763203e-113,22.743547
3,axo12.D7,2.1923506,2.0329685271847865e-113,22.73807
3,axo8.C10B,2.1979306,2.284156007813739e-113,22.732565
3,axo16.A7B,2.198682,3.1897319576630656e-113,22.717207
3,axo21.G4B,2.2168992,3.1897319576630656e-113,22.717129
3,axo21.E8A,2.2049508,4.0876377147192344e-113,22.705849
3,axo10.E3B,2.2406926,8.047695627003122e-113,22.675674
3,axo8.A1B,1.9085077,8.188425907313099e-113,22.674536
3,axo21.B3B,2.271886,1.1124052749403945e-112,22.660673
3,axo10.A6B,2.1357014,5.157707396757915e-112,22.592642
3,axo16.D6B,2.1239693,5.76629425956111e-112,22.587347
3,axo21.C12B,2.2005296,7.64054825088912e-112,22.574545
3,axo29.A3B,2.2248685,8.646184662303421e-112,22.568716
3,axo11.B6B,2.2103412,1.1315694492583877e-111,22.556456
3,axo8.F12A,2.086597,2.1994077569989784e-111,22.526674
3,axo10.C8B,2.1577559,2.270768049448551e-111,22.524906
3,axo16.C10B,2.1406815,3.216984742197638e-111,22.509033
3,axo21.D11B,2.2075622,3.216984742197638e-111,22.50877
3,axo12.B7,2.1454942,5.207472972134172e-111,22.487059
3,axo8.C6B,2.049879,7.471963113324397e-111,22.470684
3,axo21.A4A,2.069433,8.533170449967811e-111,22.464445
3,axo21.A7B,2.0919335,2.2299679142970335e-110,22.421389
3,axo8.F3B,2.1003025,2.236822845866602e-110,22.420916
3,axo29.A9A,2.02396,2.832314361262489e-110,22.410072
3,axo16.F4B,2.146243,3.975597650996064e-110,22.394636
3,axo16.F8B,2.127155,6.23959181693314e-110,22.37421
3,axo12.F5,2.0867887,7.077929774728085e-110,22.36826
3,axo12.G9,2.086149,8.399433559152235e-110,22.360296
3,axo21.C7A,2.1057427,1.1705176344606693e-109,22.345156
3,axo29.E1A,1.8956524,1.8895908296781559e-109,22.323437
3,axo16.H10B,2.2432413,3.412631872284921e-109,22.296675
3,axo10.A2,2.0884,3.533380305603268e-109,22.294802
3,axo21.D11A,2.187678,3.5521521887411726e-109,22.29425
3,axo21.E9B,2.3220522,3.7361540730122994e-109,22.291677
3,axo12.G10,2.1748352,3.756361618016674e-109,22.291126
3,axo29.A1A,1.7844375,4.1071856455444804e-109,22.286821
3,axo21.D4A,2.1196265,4.1160818436781573e-109,22.286419
3,axo15.F12,2.184621,4.1665063572912386e-109,22.28557
3,axo10.B5,1.8286676,6.790209867456163e-109,22.263386
3,axo16.B12B,2.2042773,1.613627068326519e-108,22.224249
3,axo16.D7B,2.1278942,1.89241102482637e-108,22.216793
3,axo15.B8,2.1815753,2.0474057072622212e-108,22.21296
3,axo16.B3B,2.1909277,3.3993656635868437e-108,22.189875
3,axo11.B10B,2.0904324,4.104183301148142e-108,22.181107
3,axo21.H12A,2.2562501,4.115953083366505e-108,22.180685
3,axo16.A1B,2.0246103,6.724277354465314e-108,22.1583
3,axo15.C12,2.1869285,9.828338623060912e-108,22.140911
3,axo10.D6B,2.1235955,1.0394119742235796e-107,22.138102
3,axo8.E6A,2.119394,1.7471095750131854e-107,22.114395
3,axo21.H8A,2.0926418,1.961393785456083e-107,22.10889
3,axo8.A1A,2.0730948,2.0731579434978852e-107,22.106108
3,axo21.D5A,2.203224,2.4773713346515074e-107,22.097786
3,axo10.G5,1.9548454,2.528410874089593e-107,22.096586
3,axo21.B1A,2.1891398,2.5721092015043472e-107,22.095535
3,axo4.H8,1.9260508,3.261979352429495e-107,22.084526
3,axo4.H12,2.0252223,5.541405884334538e-107,22.060295
3,axo21.A3A,2.1778932,6.49249700893823e-107,22.052856
3,axo16.D8B,2.1296012,6.565889650641278e-107,22.052078
3,axo21.A10A,2.1739,7.712252769088161e-107,22.044525
3,axo21.B8B,2.2867324,9.039329752790251e-107,22.03707
3,axo21.C2B,2.0816922,1.2559817991222767e-106,22.021904
3,axo12.D3,2.3424032,1.3662501448329565e-106,22.017824
3,axo16.E12B,2.0767758,2.2202164877092954e-106,21.995544
3,axo21.H1B,2.1836083,5.197956563283445e-106,21.956654
3,axo21.E6A,2.1334457,5.862847879309231e-106,21.950922
3,axo21.C8B,1.9038457,6.981554778506329e-106,21.942722
3,axo21.F4B,2.134918,7.247864004721551e-106,21.940762
3,axo21.C3B,2.2770894,1.0791569349845896e-105,21.922392
3,axo4.B5,2.1424549,1.207328612570366e-105,21.917028
3,axo16.H2B,2.0358114,1.2147801421123505e-105,21.916494
3,axo16.D1B,2.043642,1.4572748041943735e-105,21.907953
3,axo21.F5B,2.111267,2.145145697155385e-105,21.890083
3,axo21.F1A,2.0247116,2.3910698544945527e-105,21.884884
3,axo10.H2,2.0768673,2.761495523434448e-105,21.878067
3,axo21.G5A,2.24995,5.038972600080385e-105,21.85037
3,axo10.B11,1.8756821,6.40829207016953e-105,21.839142
3,axo21.B5B,2.1203067,8.075942733180885e-105,21.828325
3,axo10.G2B,2.077509,1.4049287637174284e-104,21.802753
3,axo21.F6A,2.0389903,2.3420521286180248e-104,21.779108
3,axo21.F9B,2.2771413,2.6553161678089813e-104,21.773113
3,axo29.C4B,2.31826,3.074336760316927e-104,21.766157
3,axo10.B4,1.9293073,3.774858401307725e-104,21.756504
3,axo10.D7,2.0430348,4.1604159096515527e-104,21.751804
3,axo11.C4B,2.1101966,9.156585863436048e-104,21.715347
3,axo16.C6B,2.1680505,1.275478190919139e-103,21.699875
3,axo10.H7,2.013667,1.8677658130923388e-103,21.682093
3,axo11.D8B,1.8043044,2.90458002684576e-103,21.661528
3,axo13.G3B,2.103447,3.3692642390774184e-103,21.654455
3,axo21.G6B,2.0756967,3.437427968179685e-103,21.653301
3,axo21.D5B,2.213887,3.9376834528524025e-103,21.646807
3,axo21.B6B,2.3446095,4.05890729355546e-103,21.64518
3,axo12.C6,2.1422222,4.693921273499568e-103,21.638248
3,axo21.G12B,2.203612,4.97829042762763e-103,21.635307
3,axo10.A10B,2.268528,6.227293240184106e-103,21.624754
3,axo21.B2A,1.9243976,7.806716966248567e-103,21.614096
3,axo15.C1,1.9616628,1.302091548438197e-102,21.590239
3,axo16.B3,2.0557668,1.743228993729142e-102,21.576527
3,axo16.H12,2.093469,4.2422794775104894e-102,21.535133
3,axo21.E11A,2.181354,4.3228372137624465e-102,21.534039
3,axo8.F11A,2.0672247,6.689045211380431e-102,21.513578
3,axo21.D7A,2.0141387,1.068729472483759e-101,21.491613
3,axo16.A8B,2.1047254,1.1439548772109706e-101,21.488235
3,axo21.D8B,1.9048626,1.359459546051149e-101,21.48
3,axo15.A7B,2.1923099,1.864714174039318e-101,21.465096
3,axo8.D12B,2.0742376,2.7333254433265586e-101,21.447096
3,axo21.E5B,2.1328902,3.025692857890538e-101,21.44215
3,axo16.G8B,2.1296573,3.048788730169779e-101,21.441582
3,axo8.D4A,1.9781594,5.848310233177712e-101,21.411032
3,axo21.B5A,2.2710905,7.717848707109528e-101,21.397886
3,axo15.B12,1.9509631,9.280543435419358e-101,21.389074
3,axo21.C3A,2.0609198,9.64042839326561e-101,21.387087
3,axo13.D10B,2.0927289,1.668404616040255e-100,21.36127
3,axo2.D10,2.0558393,1.68600338119286e-100,21.36057
3,axo16.E2B,2.1259315,2.417367015394414e-100,21.343525
3,axo16.H3B,1.8451883,2.735310906822066e-100,21.337538
3,axo12.B4,1.8664966,3.681025026618105e-100,21.32344
3,axo13.G12B,2.0892868,6.413193854966946e-100,21.29724
3,axo16.A5B,2.0810454,8.298997062084016e-100,21.284952
3,axo21.F5A,1.9140879,1.3815199660442866e-99,21.260843
3,axo16.D4B,2.0470867,1.7338807892626754e-99,21.249973
3,axo13.G8B,2.0500526,1.9102104063602197e-99,21.245222
3,axo16.G3B,2.0223725,2.163291853776208e-99,21.239174
3,axo13.G6B,2.0703857,2.5632645121930454e-99,21.231
3,axo10.D2B,1.89271,2.8774403432790575e-99,21.225365
3,axo21.H6B,2.0695374,3.736717689507321e-99,21.212877
3,axo21.C6B,2.061715,7.104768124213457e-99,21.18243
3,axo13.H6B,2.0407362,8.388565627256668e-99,21.174406
3,axo14.D11A,2.055381,8.992414590197761e-99,21.170933
3,axo21.E12B,1.903589,2.3597874425272377e-98,21.125216
3,axo2.D4,2.0913503,3.010340063921374e-98,21.113516
3,axo21.B8A,2.059513,3.2746737540727465e-98,21.10934
3,axo10.B6B,2.0677495,7.297104740411995e-98,21.071238
3,axo21.H8B,2.00551,7.408100639334728e-98,21.070328
3,axo16.C11,2.047962,1.603401787359823e-97,21.033537
3,axo21.H4A,2.1068792,1.6098720740639228e-97,21.033152
3,axo10.F3,2.0574799,1.6253655411408224e-97,21.032505
3,axo12.C3,1.8364898,3.7498595593587697e-97,20.992617
3,axo7.G5B,1.9239781,4.450123297335383e-97,20.984285
3,axo21.D2A,2.0358775,5.278934412683409e-97,20.975971
3,axo15.D11B,2.050134,6.582958062425045e-97,20.965279
3,axo21.H3A,2.0751593,7.145932431016637e-97,20.961182
3,axo15.F2,1.9034997,1.0381631866402936e-96,20.943207
3,axo13.H12B,2.0844004,1.4899029579871743e-96,20.9258
3,axo15.E12B,2.1044714,2.1833860634627212e-96,20.907345
3,axo21.C6A,2.176701,2.1833860634627212e-96,20.907196
3,axo4.H6,2.0575705,2.786604516449413e-96,20.895365
3,axo12.E10,1.9386843,3.379477146722245e-96,20.885965
3,axo16.D12B,1.969821,3.4456159814702626e-96,20.884853
3,axo21.C2A,1.8952224,6.387500764052747e-96,20.855162
3,axo13.H11B,2.0466092,8.580326070765606e-96,20.840853
3,axo21.B12B,2.2425177,1.0756786221116846e-95,20.829844
3,axo21.F2B,2.1744885,1.2066765481713374e-95,20.824156
3,axo13.D4B,1.902899,1.6486227593260782e-95,20.809015
3,axo11.D7B,1.9891955,2.0126028778428718e-95,20.799267
3,axo29.G8A,1.9910144,2.7962758185147586e-95,20.783304
3,axo7.H7B,1.9504808,3.386857584587028e-95,20.773924
3,axo4.H10,2.0329058,4.662095399900843e-95,20.75839
3,axo2.B7,2.002846,4.786354563138138e-95,20.756947
3,axo2.C3,1.8266487,4.9381979051822675e-95,20.755266
3,axo15.B10B,2.0346224,6.127529047225976e-95,20.74471
3,axo29.C9A,1.6739424,7.240870387641979e-95,20.736504
3,axo9.E6A,1.8940504,7.272217544053245e-95,20.736118
3,axo16.G5,1.9552425,7.866369347594304e-95,20.732162
3,axo13.F9B,2.0201495,9.094501565044797e-95,20.725004
3,axo21.G3B,1.8535115,9.812368258228195e-95,20.72117
3,axo8.E4A,1.899988,1.0579191219699647e-94,20.717373
3,axo8.F2B,1.9415077,1.2352860145757872e-94,20.709732
3,axo12.B1,2.043397,1.281258962569697e-94,20.707798
3,axo21.G5B,2.0145912,1.9086513972960586e-94,20.688416
3,axo16.C5B,1.9918032,2.0557954997564492e-94,20.68466
3,axo16.E4B,1.9159949,2.4126445865563075e-94,20.676767
3,axo8.A12B,1.7150843,2.6279758659604037e-94,20.67247
3,axo21.G10A,2.0866997,2.669025558011836e-94,20.67155
3,axo21.B11B,1.7249789,2.7270160186766386e-94,20.670343
3,axo3.H10,2.0203762,3.1546812604901963e-94,20.663141
3,axo10.G9,1.7476729,3.872702927308344e-94,20.653069
3,axo2.A1,1.8860828,4.1976008921047245e-94,20.649008
3,axo10.D2,1.7648233,4.907470386675623e-94,20.641289
3,axo7.B1B,1.9298964,5.656691166472307e-94,20.634253
3,axo21.F12B,1.7980864,5.973303875704284e-94,20.631453
3,axo29.G10A,1.9592813,6.523561340785626e-94,20.627026
3,axo21.E2A,1.8839438,6.599587874993285e-94,20.626299
3,axo21.E7B,2.062409,8.501549368452859e-94,20.61388
3,axo8.A5B,1.8795402,9.486204964380192e-94,20.60841
3,axo11.B4B,1.9795932,1.022741231387851e-93,20.604605
3,axo10.D6,1.8214494,1.0440840292801809e-93,20.60344
3,axo7.F6B,1.9105842,1.2028418715867503e-93,20.596422
3,axo8.E10B,1.8881484,1.6602106082593775e-93,20.580643
3,axo16.G4,1.9472303,2.795162968260285e-93,20.555212
3,axo10.H8,1.7482193,3.1418115992348312e-93,20.549376
3,axo16.G6B,1.9281144,5.4980869241086324e-93,20.522028
3,axo11.A5B,1.7931648,6.48302136393685e-93,20.513853
3,axo15.B7B,2.0137668,6.851991381330394e-93,20.511002
3,axo3.A5,2.0677123,8.400434181512846e-93,20.500929
3,axo10.G11,1.7061846,1.0550803482909422e-92,20.489674
3,axo29.A2A,1.9761076,1.0867959456177067e-92,20.488073
3,axo8.H4B,2.0916462,1.1482016089594497e-92,20.485237
3,axo10.A4,2.032978,1.5451346422742945e-92,20.470613
3,axo12.G7,1.6074902,2.896948128724825e-92,20.4398
3,axo2.A12,1.9928609,1.2547807961914508e-91,20.36797
3,axo8.C4B,1.9983436,1.3754532905636877e-91,20.363316
3,axo16.G1B,1.9866183,1.6130012943638993e-91,20.35535
3,axo29.B2A,1.9050511,1.6618465424011554e-91,20.353731
3,axo15.A2,2.1972778,2.2586400045275139e-91,20.338531
3,axo13.H3B,1.9725242,2.480921436178395e-91,20.33377
3,axo13.C8B,1.9212478,3.0796096063229746e-91,20.323006
3,axo10.B10,1.6957722,3.295614761939934e-91,20.319523
3,axo9.A3A,1.804909,5.53860660628832e-91,20.293865
3,axo11.C2B,1.699427,6.502434321919187e-91,20.285822
3,axo16.D10B,1.9181371,6.530743456285196e-91,20.285456
3,axo13.F4B,1.9496098,7.263246344718101e-91,20.280073
3,axo16.D4,1.9537665,9.302742256398247e-91,20.267742
3,axo29.E1B,1.9563546,1.048607722213755e-90,20.261696
3,axo15.A2B,2.1064656,1.0847411591848182e-90,20.259874
3,axo21.E10A,1.782108,1.4081554484657044e-90,20.24687
3,axo16.H10,2.0141737,1.5418434861970833e-90,20.24225
3,axo12.B3,1.9185932,1.5688401895425982e-90,20.241243
3,axo11.E11B,2.132236,1.6065593163191347e-90,20.239922
3,axo16.B9B,1.835885,1.8245900295431216e-90,20.2335
3,axo16.D11B,1.8065063,1.8741198270423561e-90,20.232029
3,axo21.G11A,2.0250971,2.062953373630711e-90,20.227146
3,axo12.D9,2.039381,3.9439335885744565e-90,20.195011
3,axo16.C1,1.9586114,3.960053457029221e-90,20.19466
3,axo8.E9B,1.9206625,4.321491130975643e-90,20.190197
3,axo8.F10A,2.0679169,5.269565022983336e-90,20.180248
3,axo29.D3B,1.901203,5.95850097468565e-90,20.174025
3,axo3.D2,1.9575706,9.901095299010098e-90,20.148752
3,axo15.C8B,1.9677817,1.274122222668115e-89,20.136114
3,axo13.D2B,1.8395708,1.443143353401924e-89,20.129797
3,axo6.E12B,2.0868826,1.5295519501334315e-89,20.126768
3,axo10.A4B,2.0727537,2.4498364123357894e-89,20.103262
3,axo4.F1,1.8532076,2.633243002515109e-89,20.099535
3,axo7.C5B,1.6977522,3.1806876624185485e-89,20.090014
3,axo12.C4,1.7721051,3.334801781951722e-89,20.087519
3,axo3.D7,1.7446448,3.861660964751051e-89,20.08009
3,axo21.H5A,2.0352159,4.994349721480615e-89,20.067163
3,axo29.B6A,1.9133193,6.810647872400126e-89,20.051596
3,axo10.F9,1.6347517,8.064226913305086e-89,20.043045
3,axo16.E5B,1.8546157,1.0239684219151337e-88,20.031012
3,axo13.B2B,1.9227625,1.639379230191748e-88,20.00742
3,axo13.A11B,1.8908572,2.7397845594973105e-88,19.981655
3,axo13.B3B,1.950927,3.396934497275825e-88,19.970778
3,axo8.B11B,2.06763,3.5801244098216383e-88,19.968012
3,axo21.D1A,1.835367,4.1113021646154095e-88,19.960958
3,axo10.B9,1.8085092,7.607535389257938e-88,19.93004
3,axo15.E10B,1.841545,1.1170272788609093e-87,19.910666
3,axo16.G11B,1.8708861,1.1335264801612905e-87,19.90979
3,axo15.G12B,2.0818162,2.0031147433701303e-87,19.881104
3,axo14.C5A,1.8585689,3.458951215574611e-87,19.853537
3,axo15.F10B,2.0187569,3.956719516099217e-87,19.846642
3,axo21.D3A,2.0861924,4.031876232756213e-87,19.845556
3,axo10.H1,1.8945204,6.620408210274209e-87,19.820475
3,axo8.C2B,1.9896507,6.988440156849082e-87,19.817614
3,axo16.E1,1.9374354,8.177878071098687e-87,19.809563
3,axo8.H11B,2.0076,1.0917731071908565e-86,19.794868
3,axo16.E9B,1.8527195,1.4494307217250304e-86,19.780447
3,axo12.D6,2.0612118,1.6248141988937193e-86,19.774548
3,axo21.A12B,1.6649835,1.723626965246896e-86,19.771433
3,axo21.E4A,1.8309284,1.9174283254844824e-86,19.76592
3,axo21.G8A,2.019523,2.075335405465331e-86,19.76179
3,axo13.F6B,1.9230294,2.33758479226029e-86,19.755646
3,axo29.A4A,1.6442266,2.4143666707157197e-86,19.753878
3,axo21.G2B,1.9847909,3.0052349035900273e-86,19.742685
3,axo9.D10A,1.7500485,3.83600273167197e-86,19.730215
3,axo15.F4,1.9264388,4.5036909780934395e-86,19.72183
3,axo8.G11B,1.7883617,1.432611548435011e-85,19.663084
3,axo8.A4B,1.7340767,1.816833621551139e-85,19.650894
3,axo29.H3B,1.8597803,1.826468128379399e-85,19.650492
3,axo16.C11B,1.8252243,1.8555783559397327e-85,19.649555
3,axo4.H9,1.9256561,1.868661971593743e-85,19.649065
3,axo21.B7A,2.0329988,2.0116710289199626e-85,19.645187
3,axo21.B6A,2.099073,2.774390458492054e-85,19.628727
3,axo15.C3B,1.757021,3.1884475954560337e-85,19.621525
3,axo21.D10B,2.0319896,3.607819386380461e-85,19.61511
3,axo21.H10A,2.0097723,3.8728452635618826e-85,19.611372
3,axo15.E2B,2.032311,3.9816045209059015e-85,19.609833
3,axo10.G10,1.846603,3.982290269174108e-85,19.609692
3,axo10.D1,1.6836395,5.103280246485995e-85,19.596941
3,axo13.G9B,1.8607752,5.759914335770003e-85,19.59065
3,axo21.A11A,1.948608,8.012411761061419e-85,19.573708
3,axo2.D12,1.8493018,1.1913783532031895e-84,19.553352
3,axo16.B9,1.9109318,1.2762499893631116e-84,19.549711
3,axo29.H2A,1.6449484,1.5404560515759468e-84,19.53998
3,axo15.B1B,1.6695634,1.8045751157971374e-84,19.53177
3,axo2.E6,2.0267677,2.476288606868351e-84,19.515476
3,axo21.E11B,1.9687432,2.709305530912161e-84,19.510752
3,axo13.C2B,1.520312,3.263065811726306e-84,19.500984
3,axo29.H1B,1.6333499,3.6464733014237365e-84,19.495174
3,axo2.C2,1.8689108,4.588966786750428e-84,19.48328
3,axo29.H1A,1.850495,6.418301275095686e-84,19.465971
3,axo10.C6,1.7756672,7.497916072125354e-84,19.457876
3,axo8.A3B,1.9890462,8.368455357661658e-84,19.452118
3,axo3.E2,1.6016768,9.447200431031762e-84,19.445772
3,axo15.C9B,2.0094078,1.2315576912601625e-83,19.432043
3,axo29.D12A,1.8005308,1.5710990600720521e-83,19.419415
3,axo10.H6,1.9314061,1.9434524616510025e-83,19.408361
3,axo10.A11B,1.9059595,2.1073976140102125e-83,19.404074
3,axo13.B4B,1.8629911,2.6824849186311485e-83,19.391542
3,axo15.D8,1.7482364,5.563687825303838e-83,19.353859
3,axo21.B4A,1.9293562,6.53271850152546e-83,19.345457
3,axo14.E11A,1.9212734,1.3097610066780125e-82,19.309437
3,axo14.D9A,1.921217,1.4947090405814922e-82,19.302488
3,axo10.D10,1.7893224,1.733944636796552e-82,19.294691
3,axo21.E12A,2.0778553,2.786972529683302e-82,19.270021
3,axo15.D2B,1.8449621,3.5862799428428406e-82,19.256842
3,axo8.C3A,2.0132427,3.742165446051987e-82,19.254515
3,axo4.F2,1.9018563,5.1525840152557514e-82,19.237818
3,axo15.E11B,1.9155425,5.626094631017791e-82,19.233135
3,axo10.B4B,1.8682874,8.999018416013598e-82,19.208641
3,axo16.A8,1.9040862,1.1116232187656504e-81,19.197544
3,axo7.C3B,1.8512537,1.6522593583277806e-81,19.17682
3,axo10.C7B,1.9058664,1.8018053644446382e-81,19.172192
3,axo21.F9A,1.9195684,2.205120200221478e-81,19.161558
3,axo16.F6,1.8292165,2.5579962990296425e-81,19.15371
3,axo2.C4,1.847722,2.5661993811694274e-81,19.15342
3,axo3.B7,1.5360706,2.8413404806023857e-81,19.147995
3,axo8.F1B,1.9491394,5.774819411703816e-81,19.110897
3,axo7.C8B,1.7217021,6.125031850063595e-81,19.107704
3,axo15.C7B,2.076778,7.045483886482574e-81,19.100273
3,axo15.G10B,1.851239,7.683366567881965e-81,19.095627
3,axo29.C8A,1.5557089,2.4413687578126936e-80,19.035034
3,axo29.A12B,1.8260562,2.6188600092133292e-80,19.031235
3,axo13.G5B,1.8035952,7.972414572965847e-80,18.972689
3,axo16.D10,1.916034,1.8427443760572795e-79,18.928478
3,axo8.E3B,1.6312143,2.7289548617713587e-79,18.90766
3,axo29.B9A,1.5264636,3.147545665780368e-79,18.900011
3,axo15.D12,1.8447073,3.1691538463733754e-79,18.899529
3,axo29.C1B,1.8209412,4.540642607657033e-79,18.880424
3,axo14.H9A,1.7735169,5.031226049931396e-79,18.874886
3,axo14.C11A,1.7336811,5.986043467992955e-79,18.865583
3,axo15.B12B,1.7608088,6.679685919356253e-79,18.859667
3,axo13.D7B,1.5345476,7.339669252225175e-79,18.854565
3,axo10.A12B,2.080017,8.583595217851713e-79,18.846165
3,axo21.G9B,1.9197,1.218504678955829e-78,18.827497
3,axo29.F3A,1.900049,2.1692112848949327e-78,18.796806
3,axo2.H1,1.9652435,2.1819345066636244e-78,18.796377
3,axo29.F10A,1.7927793,2.6200100908340903e-78,18.78655
3,axo21.B9A,1.9789752,2.6955917999709705e-78,18.784924
3,axo21.D12A,2.015924,2.790786777808363e-78,18.782963
3,axo15.F1B,1.8035876,1.0429471414998772e-77,18.712725
3,axo29.F4B,2.031221,1.0839002920162541e-77,18.710554
3,axo15.A7,1.8562312,1.159486466699055e-77,18.706844
3,axo14.C6A,1.7838738,1.1695420468568348e-77,18.706266
3,axo13.C1B,1.7604584,1.508945082210565e-77,18.692562
3,axo6.F8B,1.8500224,1.5446708927782643e-77,18.691196
3,axo14.H1A,1.9401182,1.7976099841583345e-77,18.68299
3,axo15.G8B,1.8779756,2.339946347648537e-77,18.668795
3,axo6.A12B,1.8795588,2.858797901245566e-77,18.657978
3,axo8.E8B,1.9205996,3.2110523454731654e-77,18.65165
3,axo4.G9,1.8304617,3.2399656465663464e-77,18.651054
3,axo3.D4,1.5093504,6.929865642459384e-77,18.610249
3,axo15.F3B,1.8623787,1.0519070362183488e-76,18.587757
3,axo10.A5,1.9081097,1.156244207078733e-76,18.582567
3,axo15.D12B,1.9337151,1.254841661539712e-76,18.57806
3,axo12.H7,1.8972404,1.393487817119071e-76,18.572319
3,axo13.H1B,1.7012781,1.6080719065509173e-76,18.564514
3,axo14.B2A,1.8191024,1.6167147761082308e-76,18.564112
3,axo14.C3A,1.7734714,1.732879001591183e-76,18.56027
3,axo10.G8,1.8566407,2.0904488056481947e-76,18.550074
3,axo21.F1B,1.7826239,3.675477280595417e-76,18.519602
3,axo15.B11B,1.9200338,5.4668106415696444e-76,18.4981
3,axo29.C12A,1.6057827,8.884141587809139e-76,18.471794
3,axo15.F3,1.6543067,1.1823995345285597e-75,18.456244
3,axo15.C2B,1.9283315,1.3902672419208854e-75,18.447378
3,axo4.D11,1.8704545,1.522449622473858e-75,18.442356
3,axo15.B6,1.7052466,2.751765326491298e-75,18.410212
3,axo3.E3,1.5644335,2.7517948576935044e-75,18.410099
3,axo16.E9,1.8515638,3.1635222001393474e-75,18.402431
3,axo29.H4B,1.9882417,3.5593960697819897e-75,18.39593
3,axo15.C6,1.7462779,3.9006692095913653e-75,18.390854
3,axo15.D2,1.8398407,6.486582027534152e-75,18.363148
3,axo15.D11,1.8408806,7.798518757681205e-75,18.353031
3,axo8.B9A,1.6711534,8.161164338748492e-75,18.35045
3,axo8.B9B,1.9036679,8.742424976508521e-75,18.3466
3,axo3.A7,1.6796694,9.61089369556212e-75,18.34134
3,axo8.G11A,1.801992,9.917778241342099e-75,18.33952
3,axo16.G12,1.8925164,1.175729495113096e-74,18.330156
3,axo16.B10,1.734727,1.7223057560785545e-74,18.309267
3,axo10.F11,1.8313686,1.997728390947095e-74,18.301075
3,axo21.E9A,1.7558215,3.539800166650391e-74,18.269772
3,axo10.F1,1.6943167,5.315079138185184e-74,18.247465
3,axo8.C12B,1.9271842,5.5725273133970775e-74,18.24477
3,axo8.E5B,1.8981569,8.081262589196316e-74,18.224335
3,axo21.D7B,1.6303693,8.581337947446177e-74,18.22094
3,axo16.D1,1.8711783,1.4229234256934643e-73,18.193138
3,axo16.E8B,1.6043366,1.6666820741769406e-73,18.18436
3,axo8.F4B,1.8194735,1.757217520418543e-73,18.181349
3,axo12.C10,1.5681179,2.2256938346990813e-73,18.168276
3,axo3.E4,1.845836,2.7375825779689444e-73,18.156801
3,axo15.F5,1.9796435,3.0637853907825304e-73,18.15051
3,axo6.F2B,1.8135293,3.50939398088468e-73,18.14294
3,axo10.C1,1.560976,3.566595820062086e-73,18.141943
3,axo29.A6A,1.649058,4.0295607946475343e-73,18.135126
3,axo2.H12,1.6014596,6.5510881095477e-73,18.108171
3,axo15.B7,1.5728742,6.852047198772789e-73,18.105589
3,axo16.F5B,1.7158613,8.247438179538513e-73,18.095272
3,axo29.F11A,1.7037507,8.538874412219247e-73,18.09325
3,axo10.A8,1.6208045,1.8025068163377702e-72,18.051928
3,axo15.G7B,1.7405155,2.032714894452538e-72,18.04518
3,axo16.G10B,1.7414662,2.9533219586866536e-72,18.024422
3,axo21.H10B,1.622577,3.56705182299589e-72,18.013868
3,axo2.H6,1.900441,3.670444659813227e-72,18.012178
3,axo16.D6,1.7171369,4.048888817124223e-72,18.00664
3,axo9.A7A,1.5601536,8.050437252756644e-72,17.968441
3,axo10.H2B,1.7231017,9.383601734760266e-72,17.95983
3,axo3.E7,1.6516781,9.621430390116402e-72,17.958332
3,axo2.E1,1.744385,9.780141805613451e-72,17.957317
3,axo15.C11B,2.0506732,1.1087024766906916e-71,17.950247
3,axo6.C8B,1.954109,1.1927579743408718e-71,17.946081
3,axo15.C2,1.6002625,1.3480052186379968e-71,17.939177
3,axo29.G4B,1.7484145,2.9997557155008888e-71,17.894562
3,axo15.B1,1.7344612,3.080871824829046e-71,17.89297
3,axo3.G6,1.5476121,3.2269167715548393e-71,17.890284
3,axo15.G1B,1.9281261,4.750479570659224e-71,17.868614
3,axo8.H12B,1.9236702,6.117450864904753e-71,17.854395
3,axo3.H7,1.6801802,6.4532000238828e-71,17.851305
3,axo16.E11,1.8327018,6.5952497105040336e-71,17.849983
3,axo15.A12B,1.7042083,1.1861066915065262e-70,17.81707
3,axo14.E3A,1.8586041,1.784723176854675e-70,17.794088
3,axo16.H4B,1.9320557,1.8903072075110057e-70,17.790764
3,axo12.A10,1.8558687,2.8590860474542166e-70,17.76746
3,axo29.C1A,1.5801247,3.1636142457977936e-70,17.761675
3,axo3.C1,1.403934,4.034448676855502e-70,17.747917
3,axo2.D8,1.60572,4.503500663852973e-70,17.741634
3,axo13.D5B,1.5569482,6.131328086232935e-70,17.724184
3,axo13.E4B,1.7903911,6.998197542915977e-70,17.71664
3,axo29.B4A,1.4210104,7.223882215696809e-70,17.71475
3,axo2.B1,1.6248511,7.678045474106665e-70,17.711216
3,axo14.H6A,1.706331,9.34223702307654e-70,17.700066
3,axo16.A9B,1.7452259,2.2533648371607407e-69,17.650307
3,axo16.F12,1.8316807,2.563412396264123e-69,17.64292
3,axo12.A8,1.6648184,4.4568796040064936e-69,17.611538
3,axo16.A6,1.827183,1.0484213210671236e-68,17.562952
3,axo11.G3B,1.846893,1.0549291663808876e-68,17.562496
3,axo8.D10A,1.9150957,1.2525924288135026e-68,17.552643
3,axo29.F5B,1.8129886,1.292228767888485e-68,17.55077
3,axo6.F6B,1.8130182,1.3074882570791751e-68,17.55
3,axo29.H5A,1.6077085,1.3204878464557664e-68,17.549334
3,axo8.H5A,1.8929644,1.4399579467249475e-68,17.544312
3,axo14.H5A,1.8055787,2.6347356575199523e-68,17.50985
3,axo15.F6,1.5509228,2.8942756358343826e-68,17.504396
3,axo4.G2,1.6497916,2.9450950544504705e-68,17.503304
3,axo29.H2B,2.0183995,4.772363997369226e-68,17.475588
3,axo3.H2,1.5917479,9.076623756710012e-68,17.43878
3,axo7.D4B,1.6851126,1.1114439083215064e-67,17.427097
3,axo29.E2A,1.8119783,3.070908564474747e-67,17.36877
3,axo2.D11,1.8393146,4.875363464810642e-67,17.342123
3,axo15.B5B,1.6057991,5.282090945798863e-67,17.337414
3,axo8.E6B,1.8380893,6.925495643735794e-67,17.321732
3,axo8.B5A,1.9329056,7.673323478937519e-67,17.31573
3,axo8.A3A,1.8949449,7.778267468775991e-67,17.314844
3,axo8.G5A,1.9443915,7.930344728285027e-67,17.31363
3,axo29.H11A,1.6257863,8.479365202838238e-67,17.309673
3,axo29.B5B,1.7627358,9.058019445404999e-67,17.305769
3,axo29.F5A,1.5280764,1.2245789832673362e-66,17.288294
3,axo15.C10B,1.649274,1.4588271853849435e-66,17.2781
3,axo29.E5A,1.4954349,1.5093527755562557e-66,17.276033
3,axo29.E8B,1.630951,1.8305897745921323e-66,17.264797
3,axo21.F7B,1.9038903,2.7454461757300433e-66,17.241282
3,axo21.G7B,2.05335,3.1938052037239077e-66,17.232435
3,axo15.A5B,1.65252,3.8043688396715064e-66,17.222214
3,axo8.A7B,1.8454763,4.290583000740051e-66,17.21515
3,axo2.G8,1.7096151,4.956361790695923e-66,17.206697
3,axo8.F5A,1.8421326,5.805152072459163e-66,17.197437
3,axo2.A4,1.5743015,6.266558237768987e-66,17.192905
3,axo8.H12A,1.9341253,1.165848859224298e-65,17.15678
3,axo14.G6A,1.7764622,1.9745456609997376e-65,17.126045
3,axo15.H9B,1.6558193,2.0463573949459533e-65,17.123867
3,axo8.B10B,1.6560726,2.0803537055630363e-65,17.122808
3,axo21.D4B,1.8232535,2.8520851975433516e-65,17.104334
3,axo8.C9A,1.8486326,3.0476440189132974e-65,17.100368
3,axo15.B6B,1.6347549,3.555990635045589e-65,17.091276
3,axo3.G1,1.6959622,3.7928050410855485e-65,17.087418
3,axo21.D9A,1.7708023,3.986304585492301e-65,17.084415
3,axo29.G7B,1.5512547,6.1318828931936165e-65,17.059177
3,axo8.B1A,1.9005193,1.0732885757981577e-64,17.026342
3,axo2.E4,1.7243352,1.5310483520890098e-64,17.00534
3,axo15.B9,1.5581409,1.5906346024127608e-64,17.003002
3,axo2.E11,1.5566686,2.7034978848638655e-64,16.971786
3,axo13.G11B,1.5276816,2.956660229703226e-64,16.96643
3,axo9.D5A,1.5878237,3.010321970828918e-64,16.965277
3,axo9.E10A,1.5874926,3.5906983504684126e-64,16.954819
3,axo2.F1,1.6827648,4.2736019791888485e-64,16.944483
3,axo15.A6,1.79912,5.402343762226661e-64,16.930595
3,axo20.H1A,1.9832996,5.832857852845904e-64,16.925983
3,axo21.C9A,1.5854124,1.2163486159852e-63,16.882559
3,axo14.H8A,1.7262365,1.2191987319181234e-63,16.882324
3,axo16.H7,1.7347263,1.244362600041902e-63,16.88102
3,axo9.C1A,1.6597853,1.9083886739909337e-63,16.855658
3,axo8.G4A,1.6207547,1.9142802727816714e-63,16.85538
3,axo7.G6B,1.3595746,2.5472219350632925e-63,16.838383
3,axo7.E1B,1.4838438,3.636361266120043e-63,16.817205
3,axo29.G6A,1.4153407,3.812244272134381e-63,16.814308
3,axo21.C11A,1.5736419,3.935713576643537e-63,16.812323
3,axo4.H7,1.7762496,4.034485827183606e-63,16.810755
3,axo29.C11A,1.4099456,4.739978125451248e-63,16.801104
3,axo10.C3B,1.828503,5.233116835766022e-63,16.795135
3,axo6.H6B,1.7621293,6.917593787089152e-63,16.778473
3,axo8.A10B,1.7387762,1.0584952166928884e-62,16.753094
3,axo15.B3B,1.763321,1.4958191989401204e-62,16.732414
3,axo10.C7,1.7827016,1.906876292485206e-62,16.717852
3,axo8.E12B,1.8793418,4.203883215658702e-62,16.67057
3,axo16.B7B,1.7306303,4.3186274661223295e-62,16.668863
3,axo16.H6,1.5499686,4.975891507251048e-62,16.660295
3,axo14.E8A,1.4903659,6.22469764256977e-62,16.646801
3,axo7.H3B,1.3490865,7.012191316461357e-62,16.639572
3,axo8.E10A,1.8883567,9.989333941628821e-62,16.618273
3,axo8.G12A,1.8949881,1.0033159104864513e-61,16.617914
3,axo29.E4A,1.4028534,1.2799171799864342e-61,16.60321
3,axo3.E12,1.6811988,1.3953020784259096e-61,16.597935
3,axo7.E7B,1.4070274,1.4363763323566225e-61,16.596096
3,axo11.A11B,1.7704248,3.460506287666353e-61,16.543125
3,axo6.E5B,1.6595944,3.478670589845805e-61,16.542713
3,axo4.F4,1.5064924,6.059077395356776e-61,16.509161
3,axo16.E4,1.7315017,1.1156986791672993e-60,16.47218
3,axo15.G5,1.8853424,1.5293593294569876e-60,16.452995
3,axo3.B9,1.6338835,1.643236450075469e-60,16.448551
3,axo16.H6B,1.6317025,1.730968567537596e-60,16.445303
3,axo8.C6A,1.7623904,2.0164257015439973e-60,16.435957
3,axo13.E12B,1.6967069,2.070129590699472e-60,16.434269
3,axo21.H6A,1.6751504,2.8776480468088193e-60,16.414192
3,axo14.D2A,1.6865122,3.089199598205788e-60,16.409792
3,axo13.G10B,1.6895415,3.1304881525006697e-60,16.40889
3,axo14.G1A,1.4307683,1.3136092022355907e-59,16.321482
3,axo16.F4,1.7462881,1.4080014999495313e-59,16.31715
3,axo15.A10B,1.5451275,1.5287397676357022e-59,16.31203
3,axo11.B5B,1.7378793,1.8405983573965853e-59,16.300592
3,axo16.D5,1.7190475,2.3536899781409034e-59,16.285461
3,axo29.E6A,1.3919804,2.3621686132863187e-59,16.285147
3,axo15.A8B,1.4152216,5.879121354036706e-59,16.229174
3,axo29.B2B,1.5962363,7.499430963082063e-59,16.214035
3,axo16.C3,1.6747756,9.217900533370771e-59,16.201258
3,axo10.A9B,1.8001333,1.2703789940312595e-58,16.181427
3,axo2.D6,1.7514479,1.282201322406682e-58,16.180763
3,axo15.D4B,1.6793422,1.5549063382893193e-58,16.16879
3,axo29.F12A,1.4152974,1.9128384909171592e-58,16.155926
3,axo15.E1B,1.8512375,3.556050116416518e-58,16.117552
3,axo16.A4,1.8368411,4.154091743761316e-58,16.107847
3,axo6.E10B,1.816651,4.180747126083682e-58,16.107357
3,axo29.H4A,1.3895435,4.925695963381763e-58,16.097118
3,axo29.D4A,1.3541305,5.14584417990895e-58,16.094318
3,axo14.D12A,1.5769831,5.464677464234571e-58,16.090502
3,axo15.E6,1.5291731,5.993210166039149e-58,16.084692
3,axo2.E7,1.4558369,6.202788102417533e-58,16.082468
3,axo16.A3,1.6997331,1.4433035860057467e-57,16.029978
3,axo15.C12B,1.45714,2.1955375487804693e-57,16.003796
3,axo15.D8B,1.7125561,2.650990153685068e-57,15.991963
3,axo21.H3B,1.5593362,2.668654724132241e-57,15.991455
3,axo15.A11,1.4048041,3.2181826972953037e-57,15.979693
3,axo14.F8A,1.5706915,3.2633561195706907e-57,15.978731
3,axo10.B11B,1.7074008,4.2574749454267776e-57,15.962051
3,axo16.H4,1.684826,5.099460702784502e-57,15.950692
3,axo15.H4B,1.5270091,5.525995768428322e-57,15.945581
3,axo11.F3B,1.9505857,7.304959535753617e-57,15.928044
3,axo16.E12,1.648229,8.593567474876209e-57,15.917788
3,axo16.F3,1.716046,1.38757610892978e-56,15.887683
3,axo15.A3B,1.549454,1.3959969635421182e-56,15.887211
3,axo29.F12B,1.665979,1.5378249611360807e-56,15.88105
3,axo10.F6,1.5167211,2.5228598209244577e-56,15.849877
3,axo9.G10A,1.6056108,3.482499176500991e-56,15.829514
3,axo8.C12A,1.5056052,5.275213994251892e-56,15.803268
3,axo29.D10A,1.2866784,5.321832775796947e-56,15.802621
3,axo4.H11,1.5756012,5.490989672608293e-56,15.800556
3,axo2.B11,1.7241436,6.143821224316332e-56,15.79338
3,axo8.G7A,1.8441972,6.172369631405453e-56,15.7929945
3,axo16.H2,1.6730804,8.380571998957046e-56,15.773602
3,axo20.D8B,1.7060136,1.3270315867055955e-55,15.74446
3,axo11.B9B,1.7028517,1.424499183267682e-55,15.739883
3,axo6.G6B,1.6959455,1.7767352497606245e-55,15.725802
3,axo29.D2B,1.6060126,1.8354815444912458e-55,15.72365
3,axo29.G12B,1.5052927,1.843220734176507e-55,15.723291
3,axo2.B3,1.7014627,1.9178895052328943e-55,15.720683
3,axo29.H12A,1.5133624,2.0531591461415325e-55,15.716272
3,axo8.B4A,1.7903029,3.436793883856912e-55,15.683499
3,axo9.G5A,1.4814341,4.15490194500083e-55,15.671352
3,axo12.A1,1.5776985,5.366651821035821e-55,15.654987
3,axo15.A11B,1.6835796,6.109320784276567e-55,15.646647
3,axo6.F4B,1.8336095,7.813522245493034e-55,15.630887
3,axo7.G4B,1.4323871,8.64034329260997e-55,15.624385
3,axo6.D7B,1.4781184,1.1167099605323326e-54,15.607932
3,axo3.F9,1.7803588,1.9858878176187976e-54,15.571063
3,axo16.B11B,1.8613566,1.9890208598972577e-54,15.57087
3,axo14.C8A,1.6672189,2.0118843633618724e-54,15.570048
3,axo14.H12A,1.6577425,2.3224508552364742e-54,15.560772
3,axo15.C5B,1.7202015,2.353638201445138e-54,15.559827
3,axo6.G10B,1.484854,4.230405317656785e-54,15.5221615
3,axo21.H7B,1.8761606,8.184031979368781e-54,15.479674
3,axo8.D11A,1.4816356,1.0121276383096884e-53,15.465908
3,axo15.C4B,1.6504316,1.3254525918141207e-53,15.448441
3,axo14.G12A,1.7473942,3.091117241555648e-53,15.393666
3,axo29.C2B,1.3515067,3.6242155738737783e-53,15.383279
3,axo8.C1A,1.5029488,3.714258058855554e-53,15.381598
3,axo15.E4,1.7330307,4.31564938871948e-53,15.371789
3,axo15.A5,1.630701,5.712938351461505e-53,15.353516
3,axo10.C8,1.6535367,6.0090550716836975e-53,15.350146
3,axo16.H1B,1.6241422,7.0403854116226195e-53,15.339777
3,axo3.H1,1.2037276,1.039598739124894e-52,15.314363
3,axo20.G12B,1.8218346,1.0793138925005394e-52,15.311833
3,axo6.B8B,1.5316128,1.3697093661958583e-52,15.296239
3,axo2.H5,1.7511443,1.4092282156741096e-52,15.294296
3,axo16.G11,1.5175076,1.5184821099397567e-52,15.289343
3,axo7.E4B,1.4238824,1.736706738355526e-52,15.280504
3,axo6.C12B,1.4620808,1.967305405394264e-52,15.272287
3,axo10.D9B,1.7205606,2.1511230262950525e-52,15.266371
3,axo2.A7,1.7035644,3.2675516616497403e-52,15.238989
3,axo8.D5A,1.6711359,4.376777983704537e-52,15.219789
3,axo3.B8,1.2357142,5.576997529002431e-52,15.203835
3,axo15.B5,1.6996832,7.417545118418385e-52,15.185055
3,axo16.G8,1.6394868,9.117284044811008e-52,15.171429
3,axo14.D1A,1.2740142,9.841927943838818e-52,15.166318
3,axo15.C9,1.5836444,1.1858132251461501e-51,15.153988
3,axo29.F6B,1.6221446,1.3306910283928562e-51,15.146321
3,axo8.D3B,1.7001003,1.81102711372653e-51,15.1259575
3,axo16.C8,1.5035986,3.8815088650212773e-51,15.075603
3,axo15.G3B,1.5700413,4.782260252248133e-51,15.061723
3,axo16.C10,1.6932088,6.588203142356468e-51,15.040441
3,axo6.H4B,1.6824787,6.832709934699495e-51,15.037937
3,axo29.G11B,1.470611,7.35239563102252e-51,15.032993
3,axo15.B9B,1.7028967,1.0082808019027577e-50,15.011972
3,axo14.E2A,1.2869874,1.3311685691376884e-50,14.993446
3,axo9.D11A,1.3922874,1.6603893591372933e-50,14.978674
3,axo16.E5,1.6783271,2.4913441181110544e-50,14.951589
3,axo29.G4A,1.4349452,3.642992707602656e-50,14.926175
3,axo16.A7,1.5262134,4.37303416284903e-50,14.9138975
3,axo14.G8A,1.69601,4.491378236235865e-50,14.9120245
3,axo10.H10,1.613181,5.541557255673714e-50,14.8979
3,axo6.A2B,1.3487695,6.394634368009897e-50,14.888239
3,axo10.B7,1.6091819,7.502919533590078e-50,14.877457
3,axo10.F8,1.5951633,1.4750478011201579e-49,14.832065
3,axo14.E9A,1.3366834,1.660750887667293e-49,14.824013
3,axo16.C4,1.6312824,1.8794820428854536e-49,14.815612
3,axo3.H9,1.5877368,1.8909550504666717e-49,14.815113
3,axo2.G4,1.6698213,1.9754636777109867e-49,14.812085
3,axo15.F4B,1.5763444,2.2582395452706317e-49,14.803001
3,axo16.A5,1.7031401,2.5866623925270986e-49,14.793777
3,axo29.C5B,1.5131716,3.7381552090456e-49,14.768889
3,axo15.A12,1.5599788,4.003754116874157e-49,14.764173
3,axo8.B3B,1.7341727,6.1194548362523126e-49,14.735451
3,axo9.A2A,1.4519082,1.096816005330293e-48,14.695799
3,axo15.A9,1.6326189,1.2332586149000233e-48,14.687765
3,axo8.D3A,1.7258754,1.2965750097244789e-48,14.684282
3,axo29.D4B,1.5064303,1.4253741412850537e-48,14.677772
3,axo14.B1A,1.4307035,2.2318828298236252e-48,14.647151
3,axo6.B9B,1.4136922,3.0327428214530607e-48,14.626209
3,axo14.D8A,1.3302133,3.272918519524052e-48,14.620932
3,axo7.D6B,1.4666224,3.744174651774837e-48,14.611682
3,axo15.D5,1.5909997,4.6466421912402656e-48,14.596874
3,axo14.F2A,1.6231759,5.760951866545145e-48,14.58212
3,axo3.B5,1.5887855,1.070901204048769e-47,14.53965
3,axo16.D11,1.5588936,1.479051149927686e-47,14.51744
3,axo16.B2,1.6009114,1.5026090937037438e-47,14.516267
3,axo16.G9,1.5866522,1.5859145545063525e-47,14.512478
3,axo3.A9,1.4900461,1.7634555772883948e-47,14.505109
3,axo10.G1B,1.6776031,1.7912982705431344e-47,14.503945
3,axo3.C3,1.5552785,1.791949211096211e-47,14.503832
3,axo29.D5A,1.4108337,1.4734331045920369e-46,14.3584385
3,axo13.H4B,1.4201573,1.6962536064905433e-46,14.348584
3,axo15.C4,1.2495967,2.077529053385002e-46,14.334425
3,axo15.D6B,1.6470883,2.3564630150430174e-46,14.325586
3,axo14.B3A,1.5880445,2.4110462322332777e-46,14.323906
3,axo14.H2A,1.6531466,5.502173249112495e-46,14.266288
3,axo10.A1,1.4468111,7.164617817223034e-46,14.24777
3,axo6.F11B,1.4803164,1.698509754773688e-45,14.1872635
3,axo8.C11A,1.4805611,1.712929214652821e-45,14.186582
3,axo15.D1B,1.7134367,2.4960998603551954e-45,14.160056
3,axo20.A5B,1.7276567,3.0490947333257343e-45,14.145897
3,axo8.G12B,1.7043335,3.1598265102186346e-45,14.143297
3,axo8.F3A,1.6621733,3.9560662164871064e-45,14.127388
3,axo6.C4B,1.361865,4.890633362894002e-45,14.112353
3,axo12.D2,1.8289043,7.540103496696206e-45,14.081706
3,axo29.G1A,1.0864315,8.338390528500033e-45,14.074504
3,axo29.A5B,1.2720987,1.0795599263973136e-44,14.056144
3,axo10.C12B,1.4891454,1.2155183939107899e-44,14.047655
3,axo9.A11A,1.3668994,1.657216549772368e-44,14.025594
3,axo29.E2B,1.6928093,2.2664104161184326e-44,14.003278
3,axo15.A9B,1.2204144,3.1440666946566876e-44,13.979912
3,axo10.E5B,1.6963059,3.195423922868812e-44,13.978669
3,axo6.D8B,1.4001229,3.825199377315965e-44,13.96577
3,axo29.G3A,1.2681953,6.468677712840217e-44,13.928113
3,axo14.E7A,1.2660384,6.631386476630212e-44,13.9262495
3,axo8.E3A,1.6887531,7.230085938667678e-44,13.919983
3,axo8.E11A,1.7271316,9.122316516625569e-44,13.903269
3,axo15.F9B,1.2867252,9.400683828406853e-44,13.901029
3,axo8.F2A,1.6871588,1.0920163417818659e-43,13.890212
3,axo16.F5,1.6384476,1.3554629472768894e-43,13.874635
3,axo6.C11B,1.3773489,1.492954296991304e-43,13.867616
3,axo6.F9B,1.4994568,2.0495792508984195e-43,13.844775
3,axo6.A7B,1.3576021,2.3598278484936333e-43,13.834554
3,axo29.F4A,1.360461,2.382866358113621e-43,13.833766
3,axo6.B1B,1.5081196,4.940800984502908e-43,13.7811365
3,axo3.D1,1.2016636,1.5471547976073032e-42,13.698401
3,axo14.A12A,1.371485,1.85237209797415e-42,13.685231
3,axo14.E4A,1.1889187,2.366201657378555e-42,13.667335
3,axo20.F3A,2.0237472,2.4809149027748546e-42,13.663799
3,axo3.H3,1.2001245,2.6494293351948967e-42,13.658925
3,axo8.B5B,1.6593562,3.326421698247058e-42,13.642254
3,axo16.G6,1.4251022,4.804235984733768e-42,13.615335
3,axo9.G4A,1.4820048,5.764389501250708e-42,13.601928
3,axo10.E9B,1.6686889,9.8833169547753e-42,13.562355
3,axo3.C2,1.4995662,1.9591327789638246e-41,13.5119915
3,axo9.F12A,1.5094328,2.0268249591874406e-41,13.509401
3,axo14.D3A,1.5764147,2.644250989643222e-41,13.489719
3,axo14.C12A,1.119849,5.217646069780321e-41,13.439426
3,axo8.D7A,1.6369389,6.346215738064328e-41,13.424838
3,axo29.A11B,1.2669749,1.7305839934006648e-40,13.3502245
3,axo11.G2B,1.4559824,1.8218831740114796e-40,13.346304
3,axo16.C12,1.6852385,2.4064763553602868e-40,13.325459
3,axo8.C2A,1.6869508,2.4064763553602868e-40,13.325372
3,axo6.D4B,1.3721849,2.5576665535651433e-40,13.320733
3,axo6.D12B,1.5429132,2.9237875023812745e-40,13.310652
3,axo10.B3,1.4801599,3.0225781902834547e-40,13.308079
3,axo14.G10A,1.2380024,3.6026177897105052e-40,13.294865
3,axo6.D5B,1.4758484,4.194025678916477e-40,13.283401
3,axo9.A1A,1.6035963,4.37515530820659e-40,13.280145
3,axo3.C6,1.4483652,7.157689152460221e-40,13.243145
3,axo15.G4B,1.558303,1.084163045848507e-39,13.211842
3,axo29.D5B,1.2170191,1.2125340439272306e-39,13.203326
3,axo8.H7A,1.6622754,1.6710477273902333e-39,13.179059
3,axo15.D10B,1.6028332,2.061564461317801e-39,13.163115
3,axo16.B1,1.5202175,2.1134855508266382e-39,13.161145
3,axo14.G7A,1.531247,2.837636060193836e-39,13.138778
3,axo16.A10,1.4893296,3.111779044181634e-39,13.131706
3,axo15.A4,1.0519953,4.1254503804244725e-39,13.110249
3,axo11.A4B,1.6485994,8.268733540342182e-39,13.057321
3,axo2.C1,1.3093327,9.397057277162769e-39,13.047397
3,axo15.B4B,1.5478851,1.2107601489787356e-38,13.02789
3,axo6.G9B,1.3523096,1.973778372392291e-38,12.990453
3,axo15.F10,1.325435,4.355946913535346e-38,12.92964
3,axo3.F3,1.556183,5.783550195204395e-38,12.907736
3,axo8.B7A,1.611026,6.068740322676283e-38,12.903937
3,axo9.H7A,1.2910155,1.4971690711735465e-37,12.834094
3,axo3.E11,1.502796,1.553623635511789e-37,12.831136
3,axo15.C6B,1.6078522,2.075409085359487e-37,12.808593
3,axo8.F4A,1.5764989,2.1054945865302055e-37,12.807385
3,axo20.F8A,1.8032771,2.9902975152558366e-37,12.780038
3,axo3.F4,1.5039277,3.0455184648918096e-37,12.778523
3,axo16.H5,1.6214514,3.5863379077798075e-37,12.765712
3,axo14.C4A,1.1271135,6.713876377274403e-37,12.716704
3,axo8.A8B,1.6236268,6.947571061863575e-37,12.71394
3,axo8.F7A,1.6095848,7.638020010867415e-37,12.70644
3,axo16.C9B,1.5393761,1.0361802385881644e-36,12.68247
3,axo14.C9A,1.5013397,1.1974064746918966e-36,12.671041
3,axo4.H1,1.5546142,1.8208446627022127e-36,12.638031
3,axo10.D9,1.4039849,1.8983464719184972e-36,12.634662
3,axo6.E3B,1.4269416,5.084487288491967e-36,12.556837
3,axo15.E8B,1.454109,7.66558642295628e-36,12.524213
3,axo14.G3A,1.3787602,9.176974159473657e-36,12.509834
3,axo4.H4,1.5729185,1.2794374537689757e-35,12.483317
3,axo16.D7,1.5569502,2.4739649485192276e-35,12.430627
3,axo29.G2B,1.2715031,3.952711142807041e-35,12.393023
3,axo20.E6A,1.6765991,8.321418275433974e-35,12.333102
3,axo8.D2B,1.5741279,1.4149983861542217e-34,12.290169
3,axo20.D11B,1.7762681,3.2075501027984722e-34,12.223651
3,axo20.G11A,1.6100053,3.7301212201379334e-34,12.211286
3,axo14.F1A,1.1100042,1.7933582175807806e-33,12.082782
3,axo16.D3,1.525899,2.1716969728191787e-33,12.066942
3,axo10.G6,1.4361781,2.864045473225293e-33,12.044049
3,axo16.E7,1.4303148,4.5165955560738564e-33,12.006331
3,axo3.A6,1.5672476,4.788281059645962e-33,12.001404
3,axo9.C8A,1.3256909,6.809612312807827e-33,11.972132
3,axo14.F12A,1.4415784,1.0369605234982764e-32,11.9371
3,axo11.B8B,1.5407227,1.2311995988226054e-32,11.922713
3,axo15.H5B,1.5405992,1.9549968526560975e-32,11.884042
3,axo10.B2B,1.5426396,2.6696521025261e-32,11.857883
3,axo3.D3,1.4593744,2.728941623450429e-32,11.855949
3,axo10.F5,1.2773578,3.424312142820867e-32,11.836828
3,axo11.C11B,1.4775054,4.581762980659983e-32,11.812281
3,axo14.B7A,1.5051072,5.491668913801443e-32,11.796949
3,axo15.E5B,1.5439326,6.878328679542727e-32,11.777888
3,axo14.B6A,1.381886,7.189418377633425e-32,11.774064
3,axo14.A10A,1.2296672,7.410738443659164e-32,11.771413
3,axo29.F10B,1.014776,1.1310262678509692e-31,11.735602
3,axo9.G2A,1.4094826,2.0647027690448204e-31,11.684478
3,axo8.G3A,1.4907826,6.681008271652095e-31,11.58418
3,axo9.C9A,1.3080037,7.971170918898996e-31,11.568944
3,axo20.D11A,1.5588895,1.3695020872724079e-30,11.522317
3,axo20.G5A,1.4671857,1.4846614662512686e-30,11.515264
3,axo10.A6,1.5534655,1.5738974687645486e-30,11.510136
3,axo14.H3A,1.3800807,1.6532930875887165e-30,11.5057955
3,axo2.G1,1.4296383,1.664918205199282e-30,11.505095
3,axo9.G6A,1.3852648,2.1438916419440442e-30,11.483164
3,axo3.E10,1.5151953,2.5036397620913643e-30,11.469652
3,axo10.C5B,1.5085813,2.7635501643753178e-30,11.461006
3,axo9.D4A,1.2340908,5.814769834275814e-30,11.396308
3,axo3.C8,1.380608,8.541313476191134e-30,11.362678
3,axo14.H4A,1.4749465,1.3592305584790947e-29,11.321932
3,axo8.B8A,1.5707185,2.046687103491329e-29,11.285807
3,axo9.A10A,1.5270133,3.399121355020388e-29,11.241017
3,axo29.E4B,1.0417225,5.292535891680395e-29,11.201768
3,axo14.G11A,1.4348274,5.569793148538383e-29,11.197147
3,axo14.E5A,1.432753,5.592903256648436e-29,11.196684
3,axo2.G10,1.3251396,6.110716199290198e-29,11.188738
3,axo6.H5B,1.0677793,9.322223795308798e-29,11.151125
3,axo20.A7B,1.6038861,1.4423284731880298e-28,11.112129
3,axo16.A2,1.5122521,1.5697379304448526e-28,11.104472
3,axo15.D5B,1.4135972,5.057844629991668e-28,10.999255
3,axo4.G3,0.9995611,5.277321166323833e-28,10.995326
3,axo8.D7B,1.5357114,7.094368041611895e-28,10.968504
3,axo14.F11A,1.432538,1.2906290075658591e-27,10.914159
3,axo14.F4A,1.4237353,1.517042057386844e-27,10.899263
3,axo3.A4,1.0246873,1.9956654303525122e-27,10.874086
3,axo15.H12B,1.4699223,2.068130701058401e-27,10.870735
3,axo3.E8,1.3968945,2.7286676769546737e-27,10.845321
3,axo15.G3,1.4255321,2.7677934220108625e-27,10.843921
3,axo16.A4B,1.5222367,3.0151281125380674e-27,10.835992
3,axo9.H5A,1.3744774,4.3394558466922115e-27,10.802423
3,axo14.A3A,1.3251,6.268379688522696e-27,10.768512
3,axo20.H12B,1.4323751,1.8315670096391502e-26,10.669229
3,axo20.A2B,1.4651978,1.9677268887583822e-26,10.662464
3,axo11.C10B,1.4779416,3.364228931018111e-26,10.61238
3,axo16.A1,1.4606858,3.6316098508183095e-26,10.605134
3,axo29.E12B,0.9670559,8.665345072042179e-26,10.523433
3,axo9.D6A,1.4125708,1.4972685774413177e-25,10.471696
3,axo14.F5A,1.3175437,1.681314216989051e-25,10.460616
3,axo20.A12B,1.4976645,2.713892134115919e-25,10.414952
3,axo3.A12,1.4107007,3.913777432902774e-25,10.379956
3,axo2.A2,1.3770026,3.9852570940610214e-25,10.378127
3,axo20.A2A,1.3910505,4.0624979841958075e-25,10.376193
3,axo4.F12,1.2029841,4.425950550514602e-25,10.367906
3,axo20.B2B,1.458292,4.751526206903296e-25,10.361018
3,axo6.A3B,1.1888717,8.79779119860921e-25,10.301834
3,axo3.C4,1.3576946,2.4393253324999986e-24,10.20298
3,axo20.A4A,1.3324699,3.618192727530293e-24,10.164527
3,axo10.C6B,1.4240184,4.452655357231953e-24,10.14418
3,axo10.G4,1.3696004,4.999677805471568e-24,10.132655
3,axo14.A8A,1.1881038,5.092876754583533e-24,10.130747
3,axo3.G10,1.3596673,7.851594321389771e-24,10.088233
3,axo11.F2B,1.3880898,1.4351672702934097e-23,10.028743
3,axo11.D1B,1.4301207,1.4747761525958087e-23,10.02595
3,axo15.A1B,1.4857807,3.3103441401122595e-23,9.945667
3,axo2.A3,1.4262345,3.409309904005275e-23,9.94263
3,axo10.F2B,1.4674985,3.7538778374039086e-23,9.932934
3,axo9.H2A,1.4159139,3.815400571904458e-23,9.93121
3,axo10.H11,1.4153135,4.137673740686014e-23,9.923018
3,axo16.A3B,1.494292,7.021160500967505e-23,9.870012
3,axo14.D5A,1.3690661,1.4487803479649168e-22,9.796984
3,axo15.H10B,1.4993285,3.0756571140378276e-22,9.720419
3,axo10.B10B,1.4112201,4.334168611987466e-22,9.685327
3,axo20.E8A,1.440441,4.424538378300791e-22,9.683112
3,axo14.D7A,1.2452775,6.956322135530235e-22,9.636652
3,axo20.E5B,1.4994955,7.199917552008905e-22,9.633011
3,axo9.D12A,1.4248254,7.82783140799908e-22,9.624312
3,axo8.G3B,1.3681719,8.140987407577308e-22,9.620173
3,axo14.C1A,1.3170705,9.110257518672633e-22,9.60849
3,axo9.D2A,1.1625769,1.507818043177548e-21,9.556359
3,axo20.C7B,1.3127265,1.531308966960671e-21,9.554652
3,axo29.E5B,0.9958011,1.7581722432921545e-21,9.540231
3,axo9.C10A,1.2852676,2.51023087707952e-21,9.503125
3,axo9.F10A,1.2374247,2.560928635249076e-21,9.500937
3,axo10.E4,1.2570034,3.842084459508953e-20,9.214509
3,axo3.D8,1.3074064,6.8805465419512e-20,9.151675
3,axo23.C9B,1.2036252,8.70051915201055e-20,9.126183
3,axo3.D11,1.3695061,9.863223697866313e-20,9.112478
3,axo8.B7B,1.400088,1.4126547002556346e-19,9.073212
3,axo20.G6A,1.2502122,1.4549702446880897e-19,9.069886
3,axo20.H6A,1.3347067,1.6758767110543634e-19,9.054361
3,axo20.B10B,1.3403282,3.048545404337301e-19,8.988605
3,axo2.G3,1.3723323,7.40549803389988e-19,8.890407
3,axo10.E9,1.3327779,2.662428401434799e-18,8.746991
3,axo23.E10B,0.8439841,3.7416589864067016e-18,8.708381
3,axo9.G11A,1.2060297,5.465083831083887e-18,8.665211
3,axo20.H6B,1.3650825,8.829846052151827e-18,8.6102705
3,axo29.H11B,0.8122745,1.0602089729126224e-17,8.589163
3,axo20.A1A,1.5175616,1.200022532065513e-17,8.574802
3,axo20.H10B,1.5666186,1.5170398019541877e-17,8.547665
3,axo6.C6B,1.0976611,1.7097387738667912e-17,8.533732
3,axo10.B1,1.3586223,2.0190709571777787e-17,8.514366
3,axo15.F7B,1.2279834,2.4398058864402708e-17,8.492287
3,axo16.F7B,1.4166156,3.059343073406062e-17,8.46584
3,axo9.A6A,1.2395852,3.8739431679044775e-17,8.438169
3,axo14.E6A,1.2579421,3.433870047427997e-16,8.1788435
3,axo14.G5A,1.1873941,4.009705978685269e-16,8.160019
3,axo14.A11A,1.1892487,8.539411214447647e-16,8.067965
3,axo8.C1B,1.3925688,9.584250297201238e-16,8.053736
3,axo15.G6B,1.3813736,9.696791929902707e-16,8.052186
3,axo10.G7,1.3339975,1.1556396575609005e-15,8.030571
3,axo20.B12B,1.2351264,1.52483142981224e-15,7.9962482
3,axo6.B6B,1.0945213,2.456406729802563e-15,7.9371777
3,axo20.B9B,1.1154301,4.034572866705783e-15,7.8752537
3,axo9.E12A,1.1265895,7.413924347272118e-15,7.798698
3,axo20.E9A,1.6515796,8.34271224442897e-15,7.7836633
3,axo20.E3A,1.3771182,8.36112382776222e-15,7.783261
3,axo14.D6A,1.194505,8.594480284725797e-15,7.779655
3,axo20.D4B,1.2669573,1.3063166594961698e-14,7.726386
3,axo20.C8B,1.1247674,2.0137914696369864e-14,7.670947
3,axo8.F1A,1.3319591,3.1126291219484726e-14,7.6146502
3,axo20.G8A,1.5261289,3.9818774188807623e-14,7.5826473
3,axo20.A3A,1.1007253,5.759703437606932e-14,7.5344977
3,axo23.B9B,1.0979655,5.828669585875654e-14,7.5328174
3,axo20.F10A,1.6701002,9.913633481824063e-14,7.4630527
3,axo20.B6A,1.3305347,1.071693055332288e-13,7.4526563
3,axo23.C6B,1.0591221,1.1326723032701064e-13,7.445226
3,axo8.A2B,1.3133423,1.2407107291855297e-13,7.433062
3,axo3.C7,1.0138006,1.2607732493030637e-13,7.430813
3,axo14.G9A,1.2469639,1.777706432048943e-13,7.385105
3,axo3.A3,1.3193985,2.0937404946877605e-13,7.3631744
3,axo20.F7B,1.3480992,2.0980433244005562e-13,7.362772
3,axo20.E12A,1.3071688,2.293549454354283e-13,7.3506165
3,axo2.G6,1.1501967,2.427974290373019e-13,7.3428717
3,axo23.F10B,0.9352055,2.7426805952276927e-13,7.3264194
3,axo2.D9,1.1696934,3.4454745710894323e-13,7.2956414
3,axo16.E2,1.2019106,4.93027042122798e-13,7.2471156
3,axo2.A10,1.296406,5.312594699607418e-13,7.2368593
3,axo9.H4A,1.3305078,7.692831615875576e-13,7.186198
3,axo9.D7A,1.1455728,9.323969969523433e-13,7.159752
3,axo20.C1B,1.5312443,1.2453547645777887e-12,7.1198378
3,axo20.B5B,1.5950749,2.6367928987630933e-12,7.015444
3,axo3.F10,1.2107862,4.859957559186544e-12,6.9289117
3,axo23.D8B,1.1181418,1.003981938371831e-11,6.8252444
3,axo20.D7B,1.1178827,1.1346101647209925e-11,6.8073916
3,axo23.H10B,0.88842756,2.1643413104463268e-11,6.713692
3,axo9.D9A,1.1414524,2.6243536197267196e-11,6.685391
3,axo16.D9,1.23551,3.265542417331663e-11,6.6531687
3,axo9.C7A,1.2563226,4.460890361617896e-11,6.6068482
3,axo20.C9B,1.0875119,5.3027144347183235e-11,6.5809183
3,axo23.A5B,0.96287537,5.4006875653880615e-11,6.578057
3,axo23.G10B,0.8262526,6.365737889927517e-11,6.553422
3,axo9.F5A,1.1256726,1.5818583685169788e-10,6.416036
3,axo20.F4A,1.0228369,1.6548370536477225e-10,6.408878
3,axo3.F6,1.2228699,2.0866521583723572e-10,6.3732862
3,axo3.C11,1.1757569,2.379582686270756e-10,6.352975
3,axo14.F10A,1.1278021,2.67843299465463e-10,6.3346148
3,axo10.E6,1.2253406,2.6789806117947897e-10,6.3344398
3,axo20.B11A,1.2034631,3.9314634196278365e-10,6.274739
3,axo14.B11A,1.0998788,4.086383425685802e-10,6.2685776
3,axo23.G2B,0.887542,7.957228161340347e-10,6.163808
3,axo9.E4A,1.1779008,9.512206132044228e-10,6.135349
3,axo20.F2A,1.1203567,1.1881454698233516e-09,6.0997486
3,axo9.H6A,1.1795483,1.4570424608018815e-09,6.0667567
3,axo9.A12A,1.1746702,1.5337832529936407e-09,6.0583553
3,axo14.B10A,1.1617267,1.6954790220516546e-09,6.0420604
3,axo14.A4A,1.1700234,1.7344521136545311e-09,6.038245
3,axo3.D6,1.1652175,3.5623533662908573e-09,5.920847
3,axo9.H1A,1.078353,3.6480296158370322e-09,5.9167867
3,axo3.F8,1.2476556,4.516720010887121e-09,5.8813877
3,axo23.D11B,1.0915595,7.839516524443428e-09,5.7891498
3,axo9.G1A,1.1566501,8.421236746503031e-09,5.776959
3,axo20.F4B,1.2631141,1.1208520990895844e-08,5.728486
3,axo10.G9B,1.240571,1.4541644366513465e-08,5.683995
3,axo23.F4B,0.98826617,3.1007210888411217e-08,5.5526648
3,axo9.E2A,1.1986825,3.284834253649613e-08,5.542417
3,axo23.D2B,0.9082566,3.8542703855530055e-08,5.5141153
3,axo15.H8B,1.1004165,5.344641710537424e-08,5.4560947
3,axo20.C2B,1.0295576,1.0697394026586901e-07,5.3313107
3,axo9.H3A,1.1646838,1.2087768599725252e-07,5.30875
3,axo10.A12,1.2351408,1.5317719444192807e-07,5.2650814
3,axo14.B8A,1.1472023,1.7305011327810282e-07,5.2424593
3,axo9.E7A,1.1964049,2.0750649029069057e-07,5.208697
3,axo14.F6A,1.1393857,2.2494863871989433e-07,5.193531
3,axo14.H7A,1.1060615,3.0660379803928737e-07,5.135432
3,axo11.A8B,1.2164073,3.0832984145650556e-07,5.1342063
3,axo15.E3B,1.2310178,7.201603118076873e-07,4.9720807
3,axo23.C10B,0.81684643,7.978447032204922e-07,4.9520144
3,axo10.A10,1.1951659,9.746728270268448e-07,4.9125724
3,axo20.D6B,1.095247,1.0571402452975828e-06,4.8964524
3,axo10.A9,1.2389789,1.8614081022429268e-06,4.7838416
3,axo16.F6B,1.284662,2.2413245938961124e-06,4.746211
3,axo9.C2A,1.1548709,2.3723474903876364e-06,4.7345195
3,axo3.G7,1.1617249,2.637759580068288e-06,4.7127814
3,axo10.H9,1.0521721,3.671563125223973e-06,4.6447845
3,axo10.D4,1.2150041,4.3021861884349704e-06,4.6115823
3,axo3.A1,1.1271292,4.4110629591022e-06,4.6062
3,axo8.H1B,1.2301853,6.026502062083268e-06,4.540662
3,axo16.C9,1.1924113,8.67061716077802e-06,4.462986
3,axo10.A3,1.2010783,9.512693168064222e-06,4.4429016
3,axo3.A11,1.0603449,1.6014385720808148e-05,4.3293543
3,axo10.A7,1.1687768,1.6716977962124233e-05,4.319693
3,axo9.E3A,1.1107419,5.710898004785904e-05,4.0401173
3,axo9.D3A,1.1311803,5.839531011765224e-05,4.0346828
3,axo23.D10B,0.7791355,6.225496000416097e-05,4.01942
3,axo9.C6A,1.1104317,9.143806032472108e-05,3.9276898
3,axo3.F5,1.0022241,9.85975504336267e-05,3.9093034
3,axo10.D5,1.0818816,0.00014592343082041152,3.81332
3,axo3.H8,1.084281,0.00016662213041301205,3.780205
3,axo10.E11,1.1221215,0.00021879919260385852,3.711604
3,axo9.G12A,1.1257777,0.00022399475064174853,3.7053556
3,axo3.E6,1.0418948,0.00022399475064174853,3.7052157
3,axo11.G1B,1.16022,0.00025324763803784284,3.6737638
3,axo9.F6A,1.0626541,0.00035222803731055477,3.5884042
3,axo20.H3B,0.93334824,0.0004060364527326271,3.5509312
3,axo23.C2B,0.8550579,0.000411247338809741,3.5473433
3,axo9.F11A,1.0172197,0.0006065277631375184,3.4434135
3,axo3.G12,1.0041329,0.0007152193037195581,3.3983445
3,axo3.C12,0.9930065,0.0008919316510225321,3.337226
3,axo9.E8A,1.0790957,0.0009286265257772171,3.3257618
3,axo3.B4,1.0583243,0.0009658051559052001,3.3145602
3,axo23.H6B,0.9608245,0.0012982274850435612,3.2304518
3,axo14.A2A,1.0039037,0.0023041238717052613,3.062428
3,axo14.B4A,1.0141722,0.002427313427902906,3.0465446
3,axo10.D3,1.1181641,0.002462033388998497,3.0420113
3,axo9.F7A,1.0752566,0.002793984220028696,3.003471
3,axo20.B1A,1.0777227,0.004039786837783548,2.8888907
3,axo9.H10A,1.1008655,0.009053055694459904,2.6235793
3,axo9.F2A,0.92454416,0.009990171312739368,2.589257
3,axo9.A8A,1.057114,0.014576583410529871,2.4557743
3,axo10.F4,0.8384448,0.048215657107518656,-1.9900943
3,axo23.F9B,0.6233625,0.016711247754365298,-2.4059446
3,axo9.C11A,0.7894524,0.012969048268530717,-2.497789
3,axo14.G2A,0.74170905,0.009754704012000391,-2.5977545
3,axo23.D5B,0.6583003,0.0071280068967944895,-2.704292
3,axo23.F11B,0.7712838,0.0069215273731982295,-2.7143297
3,axo23.A11B,0.71094257,0.00524087146892266,-2.8054826
3,axo10.F12,0.8063444,0.004697556231804832,-2.8408465
3,axo23.H5B,0.6250907,0.003777151803304785,-2.9102352
3,axo23.C8B,0.70246696,0.0012228411738697419,-3.247762
3,axo23.F12B,0.6889541,7.320789464153077e-06,-4.499286
3,axo23.F7B,0.6467427,3.7446103462013378e-06,-4.640531
3,axo16.C2,0.68983614,8.455724075654665e-07,-4.9405236
3,axo23.D9B,0.59437436,1.3656018291234472e-07,-5.286303
3,axo23.G4B,0.53728557,1.2087768599725252e-07,-5.3088813
3,axo23.H9B,0.48277658,3.8542703855530055e-08,-5.5140452
3,axo23.D7B,0.581377,2.1121581998999602e-08,-5.619533
3,axo23.A6B,0.5062311,1.8624993570281225e-08,-5.6413846
3,axo10.E10,0.7123015,4.715429276163727e-09,-5.8741064
3,axo23.C4B,0.5155053,1.3076785489029862e-09,-6.084259
3,axo23.H8B,0.56719774,2.988271600146956e-10,-6.317427
3,axo10.E2,0.62647617,1.6204560908053473e-10,-6.4122205
3,axo9.F1A,0.66382474,4.5543791265418454e-11,-6.6036367
3,axo3.B12,0.5160463,3.749167929242789e-11,-6.632682
3,axo23.H2B,0.48986247,1.033122705401925e-11,-6.821
3,axo23.F5B,0.530286,7.93972807688725e-12,-6.8589892
3,axo23.C1B,0.37940976,4.0173457196579275e-12,-6.9559355
3,axo23.B7B,0.4762922,3.980422093177791e-12,-6.9573708
3,axo9.G3A,0.6192707,3.770815346241648e-12,-6.965124
3,axo10.C11,0.63312125,1.6297907657715818e-12,-7.082531
3,axo23.G11B,0.5097252,5.440229669971372e-13,-7.2335076
3,axo23.H3B,0.45228904,2.1535573605558058e-13,-7.359158
3,axo23.G3B,0.4432137,2.5365689647564633e-14,-7.6411667
3,axo23.D3B,0.43198016,1.2253277241860687e-15,-8.023264
3,axo23.A8B,0.4659625,4.827868354097733e-16,-8.137441
3,axo23.B5B,0.44761753,1.4148869478286083e-16,-8.285145
3,axo23.E3B,0.43559477,6.445395371408909e-17,-8.378327
3,axo23.E7B,0.43404785,1.7197592622006307e-19,-9.05143
3,axo23.B6B,0.37686962,1.0228203935920167e-19,-9.108427
3,axo23.F6B,0.33936507,2.988814301410694e-21,-9.48473
3,axo23.A7B,0.35985702,2.252542265039936e-22,-9.752186
3,axo23.B11B,0.39372674,4.578619995198215e-24,-10.141354
3,axo23.B4B,0.32366252,1.4862126051848572e-24,-10.251182
3,axo23.F2B,0.33423075,2.648669136128614e-25,-10.417368
3,axo23.F3B,0.34766957,3.259352228098862e-27,-10.828764
3,axo23.A2B,0.27593905,1.5452789686580666e-27,-10.897488
3,axo23.B3B,0.27340737,1.4588323602968259e-27,-10.902922
3,axo23.B10B,0.26696068,3.497145205149923e-28,-11.03258
3,axo23.E5B,0.25170952,2.9473698751370697e-34,-12.230617
3,axo23.C3B,0.25474653,9.965742462578662e-39,-13.042829
4,axo23.F12B,2.0425038,8.763454613122199e-12,7.780069
4,axo4.H4,2.423229,9.360315396836123e-12,7.6834636
4,axo10.G1,1.9212433,9.641338970842081e-12,7.6275597
4,axo4.F12,2.5269,6.527690460596994e-11,7.338519
4,axo14.H4A,2.2312684,5.381978572293787e-10,7.0195527
4,axo23.D1B,1.1367196,5.898282859177855e-10,6.9811764
4,axo3.E5,1.8647733,7.176425943475962e-10,6.9318037
4,axo16.C2,1.5684067,1.056393942207463e-09,6.8578553
4,axo14.G2A,1.7698313,3.1010074656396203e-09,6.685051
4,axo9.H9A,1.6327357,3.906210964232692e-09,6.6356416
4,axo9.D9A,1.7200981,1.0268016210683802e-08,6.477228
4,axo14.F5A,2.0082197,2.296475567956009e-08,6.3289995
4,axo10.C11,1.3269011,3.915194494738807e-08,6.2339444
4,axo16.E4,1.9968148,3.915194494738807e-08,6.2205124
4,axo23.H5B,1.6704695,3.915194494738807e-08,6.207007
4,axo23.E1B,1.1229076,3.915194494738807e-08,6.2039814
4,axo23.E2B,1.230923,8.716765177469203e-08,6.0676713
4,axo23.F6B,1.3609141,1.2126680902501928e-07,6.005642
4,axo9.F2A,1.6786052,1.618934904277788e-07,5.9481144
4,axo9.G11A,1.7535975,1.618934904277788e-07,5.94221
4,axo9.H11A,1.4486879,2.0102006917134767e-07,5.898963
4,axo23.C9B,1.8755475,2.1289141905579158e-07,5.8821363
4,axo23.G1B,1.1075433,3.2535974826759077e-07,5.8044243
4,axo23.B3B,1.1993728,4.1354448927043005e-07,5.7505865
4,axo10.C4,1.438453,4.2784701939858686e-07,5.738446
4,axo3.B1,1.5546193,4.6280239146671397e-07,5.7148304
4,axo9.F6A,1.5353549,4.6280239146671397e-07,5.712985
4,axo10.F6,1.8238732,6.857453240991875e-07,5.6342397
4,axo9.C9A,1.8833427,7.819393532615763e-07,5.597229
4,axo23.A2B,1.1718272,7.819393532615763e-07,5.595568
4,axo14.B11A,1.6316853,7.982171561760537e-07,5.5836496
4,axo14.D5A,1.8395193,8.536326152308835e-07,5.565605
4,axo23.A1B,0.9829258,1.0758615913554612e-06,5.520439
4,axo16.H2,1.9572664,1.0772769145507355e-06,5.515642
4,axo10.F9B,1.2725868,1.1790955386713744e-06,5.495273
4,axo23.F3B,1.2349614,2.2772253959122743e-06,5.373133
4,axo11.G2B,1.6887072,2.637092052470694e-06,5.330107
4,axo9.E12A,1.5854771,4.200662900393411e-06,5.2254577
4,axo23.F1B,1.3691229,5.348205403198555e-06,5.176897
4,axo15.E5B,1.602129,5.947994347077891e-06,5.1500335
4,axo9.A11A,1.7996067,6.798587242840541e-06,5.111436
4,axo3.E6,1.4414219,6.798587242840541e-06,5.1112514
4,axo23.B5B,1.15908,6.798587242840541e-06,5.1100335
4,axo9.C4A,1.0058397,6.798587242840541e-06,5.1076717
4,axo23.C3B,1.1047387,6.930349443969421e-06,5.1008086
4,axo10.D3,1.3766679,7.213701783126095e-06,5.0900335
4,axo9.E5A,1.216617,8.312809595630601e-06,5.0568233
4,axo16.A10,1.6451341,8.653010342164686e-06,5.0430965
4,axo23.B1B,1.220953,9.556167053750153e-06,5.0152736
4,axo9.A12A,1.4287198,9.853451529693753e-06,5.006528
4,axo23.D2B,1.448855,1.0030068525374347e-05,5.000292
4,axo14.F6A,1.468492,1.0301319418779758e-05,4.9921002
4,axo14.E6A,1.5058177,1.0301319418779758e-05,4.989628
4,axo3.D6,1.4793807,1.1903357095468398e-05,4.956233
4,axo16.E12,1.6506573,1.333110566088841e-05,4.9315095
4,axo9.F7A,1.2754802,1.4280997886539737e-05,4.915421
4,axo14.A6A,1.245761,1.450221046429659e-05,4.9098125
4,axo16.E9,1.7755553,1.656360811377388e-05,4.8785577
4,axo3.H3,1.988985,1.656360811377388e-05,4.8760486
4,axo23.C8B,1.2467537,1.6716543196926255e-05,4.8692956
4,axo23.H8B,1.1947659,1.8017497780662563e-05,4.849628
4,axo8.E3B,1.9205148,1.8803350021811634e-05,4.8340926
4,axo2.A2,1.5434134,2.0127932961215104e-05,4.813687
4,axo9.F9A,1.3054326,2.038080323192368e-05,4.80675
4,axo8.A5B,1.9892226,2.184916302223523e-05,4.790624
4,axo8.G3A,1.3722922,2.2080116803397638e-05,4.7863436
4,axo14.B1A,1.7776657,2.4959448915608137e-05,4.757377
4,axo14.B10A,1.3907427,2.7623542034656108e-05,4.728189
4,axo10.E2,1.0026367,2.903830508498712e-05,4.7082996
4,axo14.G11A,1.3809464,3.4137336725123826e-05,4.6705136
4,axo16.A5,1.5616007,3.6242461103994156e-05,4.6513624
4,axo23.C4B,1.2588156,3.927154653237218e-05,4.632912
4,axo23.F7B,1.1886023,3.9451786047761195e-05,4.630108
4,axo3.G10,1.4397067,4.121833043876453e-05,4.619185
4,axo23.E3B,1.0182097,4.2870100853184055e-05,4.607377
4,axo14.G9A,1.3242296,4.759775868217438e-05,4.5837607
4,axo3.B8,1.8806629,5.064885961258688e-05,4.56365
4,axo8.D7B,1.2732472,6.070014474296358e-05,4.523761
4,axo10.G11,1.711168,6.145404573277275e-05,4.519407
4,axo8.B10B,1.575844,6.337084654247064e-05,4.508078
4,axo14.F10A,1.2758731,6.337084654247064e-05,4.507746
4,axo23.C5B,1.0725062,6.854701751319595e-05,4.4876723
4,axo3.C7,1.3335305,7.463039205866766e-05,4.4612517
4,axo11.F2B,1.2167337,7.541330738195485e-05,4.4557905
4,axo9.H3A,1.2069207,8.983507313579515e-05,4.413318
4,axo23.D9B,1.2125905,9.181298167738017e-05,4.4039087
4,axo23.A9B,1.0022258,0.000106033538787458,4.3610306
4,axo16.D5,1.4892657,0.000106033538787458,4.36044
4,axo10.C6B,1.1705624,0.00010776416874664245,4.3554215
4,axo23.E5B,0.9055354,0.0001302575782626887,4.3087797
4,axo9.F1A,0.8820935,0.00014393428156676832,4.2813993
4,axo14.C9A,1.3491209,0.00014618133844686767,4.2765284
4,axo16.D4,1.7496054,0.00014787751029558927,4.2725434
4,axo23.F2B,1.1645546,0.00014903923020459715,4.2666025
4,axo16.A7,1.5094814,0.00019608886496869137,4.199407
4,axo2.A7,1.3855164,0.0002046421442294106,4.1829495
4,axo16.A1B,1.9731891,0.0002149114282478433,4.1652
4,axo9.F10A,1.2142346,0.0002508359211362254,4.123318
4,axo3.D8,1.2194297,0.0002644697086239875,4.1065288
4,axo3.A4,1.4889358,0.0002644697086239875,4.105754
4,axo23.H1B,1.081623,0.00028289213582872444,4.0854588
4,axo9.F5A,1.1239467,0.0003079156897540332,4.0644994
4,axo14.H3A,1.3223447,0.0003303852319261347,4.0444994
4,axo16.E7,1.2959583,0.00036155812581154006,4.0173407
4,axo9.F11A,1.033293,0.0003685032520177447,4.0114365
4,axo14.H6A,1.5286064,0.00037196080662522604,4.008042
4,axo23.F9B,1.0633985,0.0003789880827925039,4.002433
4,axo16.F6B,0.9652458,0.0004270525835252537,3.9717317
4,axo9.C11A,0.9734987,0.00044072963233640633,3.9609568
4,axo16.F4,1.3569611,0.00044072963233640633,3.9606986
4,axo16.D3,1.1982772,0.0005175179126375241,3.9129496
4,axo23.H3B,0.9061909,0.0005787810499257896,3.880219
4,axo23.C11B,0.8450465,0.0005921795185457076,3.8711045
4,axo10.H11,1.0835348,0.00059535122950791,3.8678203
4,axo8.A2B,1.0829529,0.0006500627669717289,3.840883
4,axo16.C9,0.9848973,0.0007375243576601882,3.8012521
4,axo3.C12,0.9437208,0.000831030700388911,3.764278
4,axo8.E8B,1.4137843,0.0008867597746142208,3.7429128
4,axo16.A2,1.1420618,0.0009125046310703582,3.734647
4,axo15.F1B,1.4291302,0.0009125046310703582,3.73354
4,axo9.G2A,1.1337204,0.0009224232133531702,3.727968
4,axo23.C2B,1.009047,0.0009433027464165392,3.721326
4,axo9.H1A,1.131712,0.0009526225945852168,3.716861
4,axo9.H6A,1.0626906,0.000979684698212004,3.706824
4,axo10.F8,1.1757287,0.0010056532053347436,3.6981895
4,axo14.A11A,1.0091798,0.0010292208101262247,3.6878204
4,axo23.B11B,0.7035382,0.0010292208101262247,3.6875253
4,axo14.E10A,1.02865,0.0010570562419104986,3.6788168
4,axo23.A10B,0.8892059,0.0010654960426120551,3.6743886
4,axo23.D7B,1.0312421,0.0010654960426120551,3.673946
4,axo16.G8,1.3055089,0.0010937096784533107,3.665828
4,axo9.D7A,1.004465,0.0010991842654882653,3.663171
4,axo23.G9B,0.79410344,0.0011511849939147701,3.6485217
4,axo16.G11,1.2270807,0.0012803932384500682,3.6137245
4,axo9.G6A,1.1200882,0.0013561321138595237,3.5944626
4,axo23.C1B,0.73827785,0.0013561321138595237,3.594278
4,axo23.D8B,1.1079737,0.0015351622747323986,3.5582633
4,axo23.G11B,0.9327292,0.0016265614961248527,3.5384479
4,axo23.F8B,0.9181255,0.0016736520969631795,3.5267873
4,axo8.A10B,1.328787,0.0016858317691670387,3.5221379
4,axo23.H6B,1.0053777,0.00169809519066,3.5181527
4,axo14.B4A,1.0028845,0.00169809519066,3.517636
4,axo10.H2,1.4625326,0.0019633015288320825,3.472101
4,axo16.D1,1.2487066,0.002001033703967324,3.4644628
4,axo23.B9B,1.0237643,0.0020276351875496805,3.4600716
4,axo8.F2B,1.3679987,0.0020427679713741894,3.4567873
4,axo23.E4B,0.9491407,0.0020427679713741894,3.4555697
4,axo16.C8,1.2356896,0.002087425392243036,3.4480789
4,axo8.D5A,1.1852843,0.0021786494775363385,3.4323964
4,axo23.H9B,0.78962797,0.0023476634821255602,3.408817
4,axo29.B2A,1.7526773,0.002418830774735384,3.3990383
4,axo9.H7A,1.1923525,0.0027893437143885697,3.3533926
4,axo8.D2B,1.0424213,0.002816368269706754,3.349924
4,axo3.A7,1.3239442,0.003123487227775292,3.3187432
4,axo4.H1,1.1309448,0.003204845657096644,3.3099608
4,axo29.F10A,1.3884629,0.0035657248663399487,3.2720642
4,axo8.B9A,1.6154274,0.0037576535234773614,3.2527654
4,axo16.E4B,1.4663438,0.003811374551675317,3.2461972
4,axo23.G3B,0.72149414,0.004026847936325076,3.2297397
4,axo23.E7B,0.7959831,0.004116963889087366,3.2211049
4,axo10.F10,0.7394772,0.004450628763759278,3.1956437
4,axo3.H1,1.359123,0.004496835586816027,3.1911418
4,axo23.G10B,0.8762986,0.00452341914691533,3.187821
4,axo10.B10B,0.81949025,0.0047063337981843615,3.1734297
4,axo23.D10B,0.86495256,0.004780685230652458,3.1675994
4,axo21.D11A,1.2927488,0.004862329582163659,3.1609573
4,axo23.G4B,0.71551305,0.004990412568485691,3.1504037
4,axo8.F3A,0.9633411,0.005347023587210478,3.1257544
4,axo14.E4A,1.4350231,0.005633274908395108,3.107452
4,axo3.B9,1.1792892,0.005782894375593198,3.0989647
4,axo23.D4B,0.8227574,0.006812690613430318,3.0449426
4,axo23.B2B,0.79230714,0.007815025452210533,2.9983006
4,axo23.A8B,0.7085589,0.008211528877292509,2.9817324
4,axo14.E5A,0.8458802,0.00855988709558978,2.9663448
4,axo23.B7B,0.7417376,0.00855988709558978,2.9646475
4,axo8.C1B,0.704538,0.00974241769944377,2.909666
4,axo23.A7B,0.70510745,0.009940558666660779,2.9005885
4,axo23.H2B,0.79396397,0.010032089365206021,2.895939
4,axo23.H7B,0.7243577,0.010266544649221263,2.8870091
4,axo8.G12B,0.9056612,0.010550200274636625,2.8743155
4,axo10.B1,0.8313902,0.011170340317742961,2.8535037
4,axo16.D10,1.0482849,0.011409073834599995,2.843393
4,axo23.D3B,0.7503922,0.01149091030589844,2.840441
4,axo9.C2A,0.7753873,0.011874788941615148,2.8285959
4,axo23.F4B,0.8178716,0.01288227813759731,2.796751
4,axo23.D5B,0.8566293,0.01288227813759731,2.796382
4,axo14.E8A,1.2383707,0.013149605025427353,2.7861238
4,axo14.A4A,0.7983755,0.01344485169473004,2.7739465
4,axo8.B7A,0.76742446,0.013866433392238987,2.761548
4,axo23.H10B,0.77204245,0.013866433392238987,2.761179
4,axo23.C7B,0.74224645,0.013866433392238987,2.7606256
4,axo23.B6B,0.7156283,0.013884326825384282,2.7595553
4,axo16.A4B,0.80938935,0.014364802889366856,2.7458284
4,axo9.G3A,0.6236545,0.014392373155642391,2.7439096
4,axo9.D3A,0.6856804,0.014448388726806562,2.7419908
4,axo9.C1A,0.9547757,0.015292436327175547,2.7184854
4,axo23.G6B,0.7498648,0.015353489043898287,2.7161975
4,axo9.G7A,0.5501304,0.016524188414364926,2.6892233
4,axo9.F4A,0.69281894,0.016689865922520447,2.6839836
4,axo9.G5A,1.0438776,0.01749735918240593,2.6656072
4,axo14.D6A,0.80727893,0.01819793278889213,2.650478
4,axo21.H12A,1.5157032,0.018267356950145128,2.648559
4,axo9.D11A,0.893481,0.018575994082585128,2.6391127
4,axo16.G1B,1.0924561,0.018746574444294756,2.6353858
4,axo9.G4A,0.9026564,0.019281471977317777,2.6236882
4,axo15.D5B,0.7999414,0.019281471977317777,2.6233194
4,axo10.H4,1.0528369,0.01928169164787268,2.622692
4,axo23.C6B,0.8451357,0.01951436520978278,2.6154964
4,axo8.F7A,0.7981751,0.020024603365619096,2.60605
4,axo9.E11A,0.591158,0.020168434777993398,2.60236
4,axo10.F4,0.56118447,0.02073362488471673,2.5922492
4,axo8.E9B,1.1682159,0.021120346989351495,2.5846477
4,axo16.E2,0.7504573,0.021226474440155164,2.5810685
4,axo10.E10,0.42431435,0.02146892167464568,2.5765297
4,axo15.A11B,0.82907957,0.02155776032967736,2.5738728
4,axo10.A12,0.59339786,0.022308201895465347,2.5595555
4,axo9.H2A,0.66210294,0.022415813984794777,2.5561607
4,axo14.G1A,1.0360755,0.022555229218567865,2.5532825
4,axo9.C12A,0.6437196,0.022879909251998093,2.5470831
4,axo10.D7,1.0059458,0.023286137089156868,2.5391128
4,axo9.A2A,0.9540685,0.023393377016216646,2.5368986
4,axo16.C10,0.8608304,0.023543189645145197,2.5340574
4,axo16.H4,0.8121163,0.0247746769750359,2.5112162
4,axo9.E8A,0.5635925,0.0247746769750359,2.5106995
4,axo3.F6,0.7239207,0.025075935437669873,2.5058286
4,axo16.H6,0.9208692,0.026077361149164646,2.490146
4,axo16.G12,0.8780739,0.026477291821827342,2.4841313
4,axo9.G10A,0.82171255,0.02664093345292796,2.4807365
4,axo3.C3,0.8729031,0.02822704738942649,2.4570463
4,axo16.C3,0.8361486,0.028791957293295502,2.447526
4,axo9.D2A,0.8055126,0.029355862319249967,2.4393342
4,axo10.A4,0.88979846,0.03228294191179142,2.3999984
4,axo3.C8,0.7518892,0.03251093313746897,2.396825
4,axo3.A1,0.6433232,0.03310013780524155,2.3884487
4,axo8.G4A,0.7956295,0.03326298920319702,2.3860502
4,axo16.A6,0.9117651,0.03497471350438975,2.3663454
4,axo14.E9A,0.9852137,0.03504049606882721,2.365054
4,axo16.H1B,0.7067252,0.03623521629161381,2.349039
4,axo23.B8B,0.50884104,0.03630328624164751,2.3477476
4,axo10.D6,1.1517031,0.036660635174540074,2.343504
4,axo3.F3,0.7312475,0.03746186049105155,2.3325076
4,axo23.H4B,0.5585674,0.03746186049105155,2.33236
4,axo3.E2,1.0401268,0.03756181578924011,2.3302937
4,axo8.B1A,0.7802946,0.0385383831605135,2.3199615
4,axo11.B9B,0.80067784,0.0385383831605135,2.3194818
4,axo9.A6A,0.66934395,0.04101800859778383,2.2915483
4,axo9.D4A,0.7045168,0.04101800859778383,2.2912161
4,axo11.G1B,0.42493913,0.04372361993015656,2.2644265
4,axo14.B6A,0.7226377,0.04372361993015656,2.26391
4,axo23.C10B,0.5488931,0.04534932676702909,2.2475262
5,axo21.D7B,4.6859975,0.00133541282413804,4.4118695
5,axo21.C2A,5.957523,0.00133541282413804,4.3902454
5,axo8.C12A,4.3245187,0.00133541282413804,4.388166
5,axo21.D8A,5.434953,0.00133541282413804,4.3867106
5,axo21.F8B,5.2411203,0.00133541282413804,4.369245
5,axo21.F3B,5.7621384,0.00133541282413804,4.3671656
5,axo21.B1A,5.1794634,0.00133541282413804,4.3509474
5,axo21.D12A,6.0637245,0.00133541282413804,4.341175
5,axo21.H10B,5.2799745,0.00133541282413804,4.328076
5,axo21.H12A,5.412811,0.00133541282413804,4.3278675
5,axo21.C4A,4.7901635,0.00133541282413804,4.323501
5,axo21.H3B,4.4298315,0.00133541282413804,4.318719
5,axo21.F9A,5.565259,0.00133541282413804,4.2864904
5,axo21.D1A,5.735921,0.00133541282413804,4.2806687
5,axo21.B1B,5.3334465,0.00133541282413804,4.2661138
5,axo21.B6A,5.667,0.00133541282413804,4.260292
5,axo21.C4B,5.402642,0.00133541282413804,4.257173
5,axo21.E11B,4.2694335,0.00133541282413804,4.252391
5,axo21.H10A,5.4700956,0.00133541282413804,4.242826
5,axo21.D11B,4.6896014,0.00133541282413804,4.23243
5,axo21.A8B,5.344626,0.00133541282413804,4.2307663
5,axo21.D1B,4.9744062,0.00133541282413804,4.221202
5,axo21.E6B,4.856544,0.0013403197906365393,4.207687
5,axo21.G6B,5.0797973,0.0013403197906365393,4.198122
5,axo21.H3A,5.310585,0.0013403197906365393,4.1914687
5,axo21.B4B,5.4949794,0.0013512296685799332,4.1771216
5,axo21.D4B,4.0716667,0.0013512296685799332,4.1721315
5,axo21.H8B,4.782418,0.0015084311538448095,4.1386557
5,axo21.H8A,4.497865,0.0016616875563714225,4.1082983
5,axo21.D10B,4.1183033,0.0017546598154688931,4.0850105
5,axo21.A11A,4.9712505,0.0017546598154688931,4.0739903
5,axo21.G1A,5.073921,0.0017546598154688931,4.066921
5,axo21.C2B,4.985345,0.0017546598154688931,4.0656734
5,axo21.A5A,4.9006147,0.001817390450752765,4.050495
5,axo21.D2A,5.0137777,0.0019003308023212687,4.033237
5,axo21.A11B,4.501642,0.0019429282919083354,4.0207615
5,axo21.B3B,4.8745203,0.0019429282919083354,4.01494
5,axo21.D2B,4.2780876,0.0021325658345563866,3.9814637
5,axo21.A2A,4.667829,0.0021325658345563866,3.980424
5,axo21.B12A,4.800728,0.0021475871571508356,3.9727309
5,axo21.F4B,4.392073,0.0025452217417765727,3.9261556
5,axo21.F5B,4.349003,0.0030353047088765334,3.8777087
5,axo21.B8A,4.55029,0.0031713285419429603,3.8612826
5,axo21.D9A,4.403591,0.003409582940063794,3.8330047
5,axo21.D12B,4.1209984,0.003409582940063794,3.8303018
5,axo21.F9B,4.4728394,0.003409582940063794,3.8269749
5,axo21.B5B,4.3905864,0.0037015544358556056,3.7945385
5,axo21.H4A,3.9471757,0.0037015544358556056,3.792875
5,axo21.B5A,4.453468,0.0037015544358556056,3.787053
5,axo21.A4B,4.1118565,0.0037015544358556056,3.7860136
5,axo21.A1A,4.403539,0.003971046062808398,3.7635577
5,axo21.C8B,4.1765676,0.004464810667590548,3.729042
5,axo21.D11A,4.100957,0.004464810667590548,3.7244675
5,axo21.H6B,5.2379932,0.00544356264838115,3.6682236
5,axo21.H5A,5.4007945,0.00544356264838115,3.664689
5,axo21.H1B,5.3198495,0.005592568344982331,3.6531491
5,axo3.H8,2.805915,0.006617912651538841,3.6051183
5,axo21.A6B,4.966318,0.007591984831651477,3.5602064
5,axo21.C1A,3.90375,0.007591984831651477,3.55584
5,axo21.A1B,4.1804004,0.008136753359065023,3.5314085
5,axo29.A9A,4.481484,0.008136753359065023,3.5289135
5,axo21.G10A,4.6532307,0.008285036912454899,3.5184133
5,axo21.D3A,4.744695,0.008854525765701152,3.482754
5,axo21.G5B,4.820362,0.008854525765701152,3.4824421
5,axo21.F6B,3.972873,0.008854525765701152,3.4818184
5,axo21.E5B,3.6824193,0.008904027798093057,3.4764123
5,axo21.H2A,4.4491777,0.00898669664876087,3.4700706
5,axo21.C11B,4.4688163,0.00906390758538389,3.4614418
5,axo21.C8A,3.4931042,0.00906390758538389,3.460194
5,axo21.F10B,4.0366144,0.009102305041587221,3.4551
5,axo21.B7A,4.845556,0.009102305041587221,3.4516692
5,axo2.A10,2.7513332,0.009197868810547351,3.4452236
5,axo15.A11,4.0518713,0.009804420081528886,3.424327
5,axo21.G7B,4.6656413,0.009978246045311591,3.4152822
5,axo21.A3A,4.677217,0.009978246045311591,3.412475
5,axo21.G2B,4.437315,0.010068350956553071,3.40499
5,axo21.E12A,4.7207065,0.010068350956553071,3.4013512
5,axo21.G5A,4.520242,0.010068350956553071,3.3972967
5,axo3.E11,2.9545448,0.010200906563954098,3.387836
5,axo21.A9B,4.384428,0.010200906563954098,3.3861725
5,axo2.D6,3.0334177,0.010693337125156549,3.3699543
5,axo21.C1B,4.515265,0.010929462875717019,3.3607018
5,axo21.C9A,4.423945,0.01139578789601439,3.345939
5,axo2.D8,3.5655613,0.011500849710121913,3.3402212
5,axo21.D8B,3.4699507,0.012898092953985968,3.3050816
5,axo21.G9B,4.108042,0.01470113522044702,3.2619371
5,axo21.D4A,4.1270843,0.015166718277899161,3.2499814
5,axo21.C11A,3.1113634,0.015943560361665256,3.2296047
5,axo21.B11B,3.9418788,0.016171041817415546,3.2195203
5,axo21.D7A,4.0716043,0.016397539599703338,3.2125547
5,axo3.D2,3.2746515,0.018289732209962533,3.1753361
5,axo21.G12B,2.3849368,0.018850874867996102,3.1576624
5,axo21.C6B,3.7388701,0.02149883442487048,3.0906065
5,axo21.E9A,3.6957595,0.02149883442487048,3.088839
5,axo21.C7A,3.7374082,0.021831746184150843,3.0764675
5,axo21.A12A,3.6516492,0.02378778793510675,3.0409122
5,axo21.C3B,3.4627597,0.02451767082007765,3.0232384
5,axo21.G8A,3.6164584,0.02453764780690021,3.0168967
5,axo2.A12,3.293566,0.02480187228546616,3.0060847
5,axo21.G4B,3.7524347,0.02509111049993285,2.9978716
5,axo21.F8A,3.506388,0.027772506346186353,2.9598212
5,axo21.D5B,3.4491973,0.030469419861376832,2.9288402
5,axo21.H4B,3.315647,0.03099249837126027,2.9189637
5,axo21.D5A,3.4050112,0.031778020794439775,2.9088793
5,axo3.H3,3.0816133,0.032766213468669585,2.8970275
5,axo2.D12,3.3617651,0.03936169442763601,2.8082433
5,axo21.A12B,2.756118,0.042079764335017165,2.7824607
5,axo8.E6B,2.41065,0.04332930791701696,2.7626038
5,axo2.D10,2.9419978,0.046752823313240315,2.733598
5,axo21.A3B,2.842937,0.046848811768627915,2.730895
5,axo3.C11,2.0539036,0.04815366171752839,2.7177958
